Línea,Código Equipo,Equipo,Orden,Desc. Orden,Descripción,Duración,revisado tiempo,revisado presupuesto,revisado repuestos,revisado repuestos programador,Completado,Observaciones,Fecha Programada,aprobacion programador,correo de programador,correo de planeador,imagen_observacion
TRATAMIENTO DE AGUAS DE DESECHO JUGOS,710202,PLANTA AGUA RESIDUAL      ,13349802,INSPECCION SEMANAL PTAR 710202,ESTADO BOMBAS,1,si,si,si,si,,,,,,,
TRATAMIENTO DE AGUAS DE DESECHO JUGOS,710202,PLANTA AGUA RESIDUAL      ,13349802,INSPECCION SEMANAL PTAR 710202,ESTADO SISTEMA DE CONTROL Y POTENCIA,1,si,si,si,si,,,,,,,
EQUIPOS PARA SERVICIOS INDUSTRIALES,659361,CALDERA,13349838,INSPECCIÓN SEMANAL CALDERA CLEAVER,VERIFICAR ESTADO VALVULAS DE SEGURIDAD,"0,3333333333",si,si,si,si,,,,,,,
EQUIPOS PARA SERVICIOS INDUSTRIALES,659361,CALDERA,13349838,INSPECCIÓN SEMANAL CALDERA CLEAVER,VERIFICAR ESTADO INSTRUMENTOS DE CONTROL,"0,3333333333",si,si,si,si,,,,,,,
EQUIPOS PARA SERVICIOS INDUSTRIALES,659361,CALDERA,13349838,INSPECCIÓN SEMANAL CALDERA CLEAVER,VERIFICAR OPERACION DEL MACDONALD,"0,3333333333",si,si,si,si,,,,,,,
EQUIPOS PARA SERVICIOS INDUSTRIALES,650008,CALDERA,13349837,INSPECCIÓN SEMANAL CALDERA POWER,VERIFICAR ESTADO VALVULAS DE SEGURIDAD,"0,3333333333",si,si,si,si,,,,,,,
EQUIPOS PARA SERVICIOS INDUSTRIALES,650008,CALDERA,13349837,INSPECCIÓN SEMANAL CALDERA POWER,VERIFICAR ESTADO INSTRUMENTOS DE CONTROL,"0,3333333333",si,si,si,si,,,,,,,
EQUIPOS PARA SERVICIOS INDUSTRIALES,650008,CALDERA,13349837,INSPECCIÓN SEMANAL CALDERA POWER,VERIFICAR OPERACION DEL MACDONALD,"0,3333333333",si,si,si,si,,,,,,,
EQUIPOS PARA SERVICIOS INDUSTRIALES,660020,TORRE ENFRIAMIENTO TPI  ,13349861,INSPECCION SEMANAL TORRE DE ENFRIAMIENTO,REVISAR ESTRUCTURA GENERAL,"0,3333333333",si,si,si,si,,,,,,,
EQUIPOS PARA SERVICIOS INDUSTRIALES,660020,TORRE ENFRIAMIENTO TPI  ,13349861,INSPECCION SEMANAL TORRE DE ENFRIAMIENTO,REVISAR FLAUTAS,"0,3333333333",si,si,si,si,,,,,,,
EQUIPOS PARA SERVICIOS INDUSTRIALES,660020,TORRE ENFRIAMIENTO TPI  ,13349861,INSPECCION SEMANAL TORRE DE ENFRIAMIENTO,REVISAR BOMBAS,"0,3333333333",si,si,si,si,,,,,,,
EQUIPOS PARA PREPARACION JUGOS TETRAPAK,900008,DRUMP DUMPER  ,13349806,INSPECCIÓN SEMANAL DUMPER TETRA 900008,REVISAR CILINDROS NEUMATICOS,"0,3333333333",si,si,si,si,,,,,,,
EQUIPOS PARA PREPARACION JUGOS TETRAPAK,900008,DRUMP DUMPER  ,13349806,INSPECCIÓN SEMANAL DUMPER TETRA 900008,REVISAR MOTOREDUCTOR DEL PICADOR,"0,3333333333",si,si,si,si,,,,,,,
EQUIPOS PARA PREPARACION JUGOS TETRAPAK,900008,DRUMP DUMPER  ,13349806,INSPECCIÓN SEMANAL DUMPER TETRA 900008,REVISAR TABLERO ELECTRICO,"0,3333333333",si,si,si,si,,,,,,,
EQUIPOS PARA SERVICIOS INDUSTRIALES,689629,REDES HIDRAULICAS Y NEUMATICAS ,13349793,INSPECCION SEMANAL REDES HD 689629,ESTADO BOMBA   SERVICIOS  GENERALES,"0,125",si,si,si,si,,,,,,,
EQUIPOS PARA SERVICIOS INDUSTRIALES,689629,REDES HIDRAULICAS Y NEUMATICAS ,13349793,INSPECCION SEMANAL REDES HD 689629,ESTADO BOMBA   FLOCULADOR,"0,125",si,si,si,si,,,,,,,
EQUIPOS PARA SERVICIOS INDUSTRIALES,689629,REDES HIDRAULICAS Y NEUMATICAS ,13349793,INSPECCION SEMANAL REDES HD 689629,ESTADO BOMBA   CALDERA,"0,125",si,si,si,si,,,,,,,
EQUIPOS PARA SERVICIOS INDUSTRIALES,689629,REDES HIDRAULICAS Y NEUMATICAS ,13349793,INSPECCION SEMANAL REDES HD 689629,ESTADO BOMBA    ESTERIDRINK,"0,125",si,si,si,si,,,,,,,
EQUIPOS PARA SERVICIOS INDUSTRIALES,689629,REDES HIDRAULICAS Y NEUMATICAS ,13349793,INSPECCION SEMANAL REDES HD 689629,ESTADO BOMBA  LAVADORA,"0,125",si,si,si,si,,,,,,,
EQUIPOS PARA SERVICIOS INDUSTRIALES,689629,REDES HIDRAULICAS Y NEUMATICAS ,13349793,INSPECCION SEMANAL REDES HD 689629,ESTADO BOMBA    COOLER,"0,125",si,si,si,si,,,,,,,
EQUIPOS PARA SERVICIOS INDUSTRIALES,689629,REDES HIDRAULICAS Y NEUMATICAS ,13349793,INSPECCION SEMANAL REDES HD 689629, ESTADO BOMBA CLORO,"0,125",si,si,si,si,,,,,,,
EQUIPOS PARA SERVICIOS INDUSTRIALES,689629,REDES HIDRAULICAS Y NEUMATICAS ,13349793,INSPECCION SEMANAL REDES HD 689629,ESTADO BOMBA   SALMUERA,"0,125",si,si,si,si,,,,,,,
EQUIPOS PARA SERVICIOS INDUSTRIALES,749631,REDES ELECTRICAS ,13349792,INSPECCION SEMANAL REDES ELECTRICAS,REVISAR ESTADO ILUMINACION PLANTA EN GENERAL,"1,5",si,si,si,si,,,,,,,
EQUIPOS PARA SERVICIOS INDUSTRIALES,749631,REDES ELECTRICAS ,13349792,INSPECCION SEMANAL REDES ELECTRICAS,TORRES EXTERIORES,"1,5",si,si,si,si,,,,,,,
LINEA DE ENVASADO DE TETRAPAK  LINEA 1,519564,A3-SPEED       ,13349857,INSPECCION SEMANAL LLENADORA A3-SPEED,SUPER ESTRUCTURA,"0,25",si,si,si,si,si,CUMPLE,"7/5/2024, 13:10:02",si,.,.,CUMPLE
LINEA DE ENVASADO DE TETRAPAK  LINEA 1,519564,A3-SPEED       ,13349857,INSPECCION SEMANAL LLENADORA A3-SPEED,PLEGADORA FINAL,"0,25",,,,,si,,,si,,,
LINEA DE ENVASADO DE TETRAPAK  LINEA 1,519564,A3-SPEED       ,13349857,INSPECCION SEMANAL LLENADORA A3-SPEED,SISTEMA DE MORDAZAS,"0,25",,,,,si,CUMPLE,"7/5/2024, 15:50:58",si,.,.,CUMPLE
LINEA DE ENVASADO DE TETRAPAK  LINEA 1,519564,A3-SPEED       ,13349857,INSPECCION SEMANAL LLENADORA A3-SPEED,HORUGA,"0,25",,,,,si,CUMPLE,"7/5/2024, 15:51:21",si,.,.,CUMPLE
LINEA DE ENVASADO DE TETRAPAK  LINEA 1,519564,A3-SPEED       ,13349857,INSPECCION SEMANAL LLENADORA A3-SPEED,CAMARA ASEPTICA,"0,25",,,,,si,CUMPLE,"7/5/2024, 15:51:30",si,.,.,CUMPLE
LINEA DE ENVASADO DE TETRAPAK  LINEA 1,519564,A3-SPEED       ,13349857,INSPECCION SEMANAL LLENADORA A3-SPEED,SISTEMA DE LIMPIEZA,"0,25",,,,,si,CUMPLE,"7/5/2024, 15:51:44",si,.,.,CUMPLE
LINEA DE ENVASADO DE TETRAPAK  LINEA 1,519564,A3-SPEED       ,13349857,INSPECCION SEMANAL LLENADORA A3-SPEED,"SERVICIOS GENERAL (FILTROS, TERMO)","0,25",,,,,si,CUMPLE,"7/5/2024, 15:51:58",si,.,.,CUMPLE
LINEA DE ENVASADO DE TETRAPAK  LINEA 1,519564,A3-SPEED       ,13349857,INSPECCION SEMANAL LLENADORA A3-SPEED,SISTEMA DE CONTROL Y POTENCIA,"0,25",,,,,si,CUMPLE,"7/5/2024, 15:52:05",si,.,.,CUMPLE
LINEA DE ENVASADO DE TETRAPAK  LINEA 1,51956402,HELIX 30  SPEED    ,13349859,INSPECCION SEMANAL ACUMULADOR HELIX,VERIFICAR CADENA DE ENTRADA,"0,2",,,,,si,CUMPLE,"7/5/2024, 15:52:21",si,.,.,CUMPLE
LINEA DE ENVASADO DE TETRAPAK  LINEA 1,51956402,HELIX 30  SPEED    ,13349859,INSPECCION SEMANAL ACUMULADOR HELIX,VERIFICAR CADENA DE SALIDA,"0,2",,,,,si,CUMPLE,"7/5/2024, 15:52:32",si,.,.,CUMPLE
LINEA DE ENVASADO DE TETRAPAK  LINEA 1,51956402,HELIX 30  SPEED    ,13349859,INSPECCION SEMANAL ACUMULADOR HELIX,ESTADO DE ARAÑA MECANICA,"0,2",,,,,si,CUMPLE,"7/5/2024, 15:52:48",si,.,.,CUMPLE
LINEA DE ENVASADO DE TETRAPAK  LINEA 1,51956402,HELIX 30  SPEED    ,13349859,INSPECCION SEMANAL ACUMULADOR HELIX,REVISAR SISTEMA NEUMATICO,"0,2",,,,,si,CUMPLE,"7/5/2024, 15:53:44",si,.,.,CUMPLE
LINEA DE ENVASADO DE TETRAPAK  LINEA 1,51956402,HELIX 30  SPEED    ,13349859,INSPECCION SEMANAL ACUMULADOR HELIX,REVISAR SISTEMA DE CONTROL Y POTENCIA,"0,2",,,,,si,CUMPLE,"7/5/2024, 15:52:55",si,.,.,CUMPLE
LINEA DE ENVASADO DE TETRAPAK  LINEA 1,51956404,CBP 30 SPEED    ,13349808,INSPECCION SEMANAL ENCARTONADORA CBP 30,REVISION UNIDAD DE ALIMENTACION Y AGRUPADOR,"0,1111111111",,,,,si,CUMPLE,"7/5/2024, 15:56:43",si,.,.,CUMPLE
LINEA DE ENVASADO DE TETRAPAK  LINEA 1,51956404,CBP 30 SPEED    ,13349808,INSPECCION SEMANAL ENCARTONADORA CBP 30,REVISAR SISTEMA DE CONTROL Y POTENCIA,"0,1111111111",,,,,si,CUMPLE,"7/5/2024, 15:57:22",si,.,.,CUMPLE
LINEA DE ENVASADO DE TETRAPAK  LINEA 1,51956404,CBP 30 SPEED    ,13349808,INSPECCION SEMANAL ENCARTONADORA CBP 30,SISTEMA NEUMATICO,"0,1111111111",,,,,si,CUMPLE,"7/5/2024, 15:57:40",si,.,.,CUMPLE
LINEA DE ENVASADO DE TETRAPAK  LINEA 1,51956404,CBP 30 SPEED    ,13349808,INSPECCION SEMANAL ENCARTONADORA CBP 30,TRANSPORTADORES,"0,1111111111",,,,,si,CUMPLE,"7/5/2024, 15:56:24",si,.,.,CUMPLE
LINEA DE ENVASADO DE TETRAPAK  LINEA 1,51956404,CBP 30 SPEED    ,13349808,INSPECCION SEMANAL ENCARTONADORA CBP 30,UNIDAD NORDSON,"0,1111111111",,,,,si,CUMPLE,"7/5/2024, 15:56:13",si,.,.,CUMPLE
LINEA DE ENVASADO DE TETRAPAK  LINEA 1,51956404,CBP 30 SPEED    ,13349808,INSPECCION SEMANAL ENCARTONADORA CBP 30,REVISION UNIDAD WRAP AROUND,"0,1111111111",,,,,si,CUMPLE,"7/5/2024, 16:21:50",si,.,.,CUMPLE
LINEA DE ENVASADO DE TETRAPAK  LINEA 1,51956404,CBP 30 SPEED    ,13349808,INSPECCION SEMANAL ENCARTONADORA CBP 30,SISTEMA DE LUBRICACION,"0,1111111111",,,,,si,CUMPLE,"7/5/2024, 15:55:53",si,.,.,CUMPLE
LINEA DE ENVASADO DE TETRAPAK  LINEA 1,51956404,CBP 30 SPEED    ,13349808,INSPECCION SEMANAL ENCARTONADORA CBP 30,ALMACEN DE CARTON,"0,1111111111",,,,,si,CUMPLE,"7/5/2024, 16:21:35",si,.,.,CUMPLE
LINEA DE ENVASADO DE TETRAPAK  LINEA 1,51956404,CBP 30 SPEED    ,13349808,INSPECCION SEMANAL ENCARTONADORA CBP 30,SISTEMA DE TRACCION,"0,1111111111",,,,,si,CUMPLE,"7/5/2024, 15:55:43",si,.,.,CUMPLE
EQUIPOS PARA PREPARACION JUGOS TETRAPAK,900010,PASTEURIZADOR ESTERIDRINK ,13349790,INSPECCIÓN SEMANAL STERIDRINK 900010,REVISION BOMBAS,"0,3333333333",si,si,si,si,,,,,,,
EQUIPOS PARA PREPARACION JUGOS TETRAPAK,900010,PASTEURIZADOR ESTERIDRINK ,13349790,INSPECCIÓN SEMANAL STERIDRINK 900010,REVISION VALVULAS DE CONTROL Y NEUMATICAS,"0,3333333333",si,si,si,si,,,,,,,
EQUIPOS PARA PREPARACION JUGOS TETRAPAK,900010,PASTEURIZADOR ESTERIDRINK ,13349790,INSPECCIÓN SEMANAL STERIDRINK 900010,REVISAR SISTEMA DE CONTROL Y POTENCIA,"0,3333333333",si,si,si,si,,,,,,,
LINEA DE ENVASADO DE TETRAPAK  LINEA 1,589684,CODIFICADOR,13349824,INSPECCION SEMANAL CODIFICADOR L1,REVISION SISTEMA HIDRAULICO,"0,5",,,,,si,CUMPLE,"7/5/2024, 15:55:31",si,.,.,CUMPLE
LINEA DE ENVASADO DE TETRAPAK  LINEA 1,589684,CODIFICADOR,13349824,INSPECCION SEMANAL CODIFICADOR L1,REVISAR SISTEMA DE CONTROL Y POTENCIA,"0,5",,,,,si,CUMPLE,"7/5/2024, 15:55:19",si,.,.,CUMPLE
LINEA DE ENVASADO DE TETRAPAK  LINEA 4,589657,CODIFICADOR DOMINO ,13349844,INSPECCION SEMANAL CODIFICADOR L4,REVISION SISTEMA HIDRAULICO,"0,5",si,si,si,si,si,CUMPLE,"7/5/2024, 13:35:07",si,.,.,CUMPLE
LINEA DE ENVASADO DE TETRAPAK  LINEA 4,589657,CODIFICADOR DOMINO ,13349844,INSPECCION SEMANAL CODIFICADOR L4,REVISAR SISTEMA DE CONTROL Y POTENCIA,"0,5",,,,,si,CUMPLE,"7/5/2024, 13:35:30",si,.,.,CUMPLE
LINEA DE ENVASADO DE TETRAPAK  LINEA 4,540022,EMPACADORA CBP32 ,13349842,INSPECCION SEMANAL CBP 32 30 L4,ESTADO DE SISTEMA NEUMATICO,"0,2",si,si,si,si,si,CUMPLE,"7/5/2024, 13:35:47",si,.,.,CUMPLE
LINEA DE ENVASADO DE TETRAPAK  LINEA 4,540022,EMPACADORA CBP32,13349842,INSPECCION SEMANAL CBP 32 30 L4,ESTADO DE LUBRICACION CENTRAL,"0,2",si,si,si,si,si,CUMPLE,"7/5/2024, 13:35:57",si,.,.,CUMPLE
LINEA DE ENVASADO DE TETRAPAK  LINEA 4,540022,EMPACADORA CBP32,13349842,INSPECCION SEMANAL CBP 32 30 L4,REVISAR CADENA DE ESTACIONES,"0,2",si,si,si,si,si,CUMPLE,"7/5/2024, 13:36:08",si,.,.,CUMPLE
LINEA DE ENVASADO DE TETRAPAK  LINEA 4,540022,EMPACADORA CBP32,13349842,INSPECCION SEMANAL CBP 32 30 L4,ESTADO DE BANDAS TRANSPORTADORAS,"0,2",si,si,si,si,si,CUMPLE,"7/5/2024, 13:36:17",si,.,.,CUMPLE
LINEA DE ENVASADO DE TETRAPAK  LINEA 4,540022,EMPACADORA CBP32,13349842,INSPECCION SEMANAL CBP 32 30 L4,REVISAR SISTEMA DE CONTROL Y POTENCIA,"0,2",si,si,si,si,si,CUMPLE,"7/5/2024, 13:36:24",si,.,.,CUMPLE
LINEA DE ENVASADO DE TETRAPAK  LINEA 4,538687,APLICADOR DE TAPA CAP30 ,13349841,INSPECCION SEMANAL CAP 30 L4,REVISAR SISTEMA NORDSON,"0,2",si,si,si,si,si,CUMPLE,"11/5/2024, 18:47:20",si,.,.,CUMPLE
LINEA DE ENVASADO DE TETRAPAK  LINEA 4,538687,APLICADOR DE TAPA CAP30,13349841,INSPECCION SEMANAL CAP 30 L4,REVISAR SISTEMA NEUMATICO,"0,2",,,,,si,CUMPLE,"11/5/2024, 18:47:31",si,.,.,CUMPLE
LINEA DE ENVASADO DE TETRAPAK  LINEA 4,538687,APLICADOR DE TAPA CAP30,13349841,INSPECCION SEMANAL CAP 30 L4,ESTADO DE LUBRICACION CENTRAL,"0,2",,,,,si,CUMPLE,"11/5/2024, 18:47:40",si,.,.,CUMPLE
LINEA DE ENVASADO DE TETRAPAK  LINEA 4,538687,APLICADOR DE TAPA CAP30,13349841,INSPECCION SEMANAL CAP 30 L4,REVISAR BANDAS TRANSPORTADORAS,"0,2",,,,,si,CUMPLE,"11/5/2024, 18:48:05",si,.,.,CUMPLE
LINEA DE ENVASADO DE TETRAPAK  LINEA 4,538687,APLICADOR DE TAPA CAP30,13349841,INSPECCION SEMANAL CAP 30 L4,REVISAR SISTEMA DE CONTROL Y POTENCIA,"0,2",,,,,si,CUMPLE,"11/5/2024, 18:48:28",si,.,.,CUMPLE
LINEA DE ENVASADO DE TETRAPAK  LINEA 4,829867,ACUMULADOR HELIX  ,13349805,INSPECCION SEMANAL HELIX AHX 70,VERIFICAR CADENA DE ENTRADA,"0,1666666667",si,si,si,si,si,CUMPLE,"16/5/2024, 13:46:54",si,.,.,CUMPLE
LINEA DE ENVASADO DE TETRAPAK  LINEA 4,829867,ACUMULADOR HELIX  ,13349805,INSPECCION SEMANAL HELIX AHX 70,VERIFICAR CADENA DE SALIDA,"0,1666666667",,,,,si,CUMPLE,"16/5/2024, 13:47:00",si,.,.,CUMPLE
LINEA DE ENVASADO DE TETRAPAK  LINEA 4,829867,ACUMULADOR HELIX  ,13349805,INSPECCION SEMANAL HELIX AHX 70,ESTADO DE ARAÑA MECANICA,"0,1666666667",,,,,si,CUMPLE,"16/5/2024, 13:47:07",si,.,.,CUMPLE
LINEA DE ENVASADO DE TETRAPAK  LINEA 4,829867,ACUMULADOR HELIX  ,13349805,INSPECCION SEMANAL HELIX AHX 70,REVISAR SISTEMA NEUMATICO,"0,1666666667",,,,,si,CUMPLE,"16/5/2024, 13:47:14",si,.,.,CUMPLE
LINEA DE ENVASADO DE TETRAPAK  LINEA 4,829867,ACUMULADOR HELIX  ,13349805,INSPECCION SEMANAL HELIX AHX 70,REVISAR SISTEMA DE CONTROL Y POTENCIA,"0,1666666667",,,,,si,CUMPLE,"16/5/2024, 13:47:19",si,.,.,CUMPLE
LINEA DE ENVASADO DE TETRAPAK  LINEA 4,829867,ACUMULADOR HELIX  ,13349805,INSPECCION SEMANAL HELIX AHX 70,ESTADO DE LUBRICACION CENTRAL,"0,1666666667",,,,,si,CUMPLE,"16/5/2024, 13:47:25",si,.,.,CUMPLE
LINEA DE ENVASADO DE TETRAPAK  LINEA 4,690108,PASTEURIZADOR A-3 FLEX  ,13349843,INSPECCION SEMANAL PASTEUR FLEX 690108,REVISAR SISTEMA NEUMATICO,"0,25",si,si,si,si,si,CUMPLE,"16/5/2024, 13:48:16",si,.,.,CUMPLE
LINEA DE ENVASADO DE TETRAPAK  LINEA 4,690108,PASTEURIZADOR A-3 FLEX  ,13349843,INSPECCION SEMANAL PASTEUR FLEX 690108,REVISAR BOMBAS,"0,25",,,,,si,CUMPLE,"16/5/2024, 13:48:24",si,.,.,CUMPLE
LINEA DE ENVASADO DE TETRAPAK  LINEA 4,690108,PASTEURIZADOR A-3 FLEX  ,13349843,INSPECCION SEMANAL PASTEUR FLEX 690108,REVISAR SISTEMA DE CALENTAMIENTO  ,"0,25",,,,,si,CUMPLE,"16/5/2024, 13:48:29",si,.,.,CUMPLE
LINEA DE ENVASADO DE TETRAPAK  LINEA 4,690108,PASTEURIZADOR A-3 FLEX  ,13349843,INSPECCION SEMANAL PASTEUR FLEX 690108,REVISAR SISTEMA DE CONTROL Y POTENCIA,"0,25",,,,,si,CUMPLE,"16/5/2024, 13:48:35",si,.,.,CUMPLE
EQUIPOS PARA  ENVASADO JUGOS HIT,900038,LLENADORA USB    ,13349830,INSPECCIÓN SEMANAL LLENADORA 900038,REVISION SISTEMA DE TRACCION ,"0,06",si,si,si,si,,,,,,,
EQUIPOS PARA  ENVASADO JUGOS HIT,900038,LLENADORA USB    ,13349830,INSPECCIÓN SEMANAL LLENADORA 900038,REVISAR SISTEMA DE CONTROL Y POTENCIA,"0,06",si,si,si,si,,,,,,,
EQUIPOS PARA  ENVASADO JUGOS HIT,900038,LLENADORA USB    ,13349830,INSPECCIÓN SEMANAL LLENADORA 900038,REVISION SISTEMA DE LLENADO GENERAL,"0,06",si,si,si,si,,,,,,,
EQUIPOS PARA  ENVASADO JUGOS HIT,900038,LLENADORA USB    ,13349830,INSPECCIÓN SEMANAL LLENADORA 900038,PLATINAS DEL TAZÓN,"0,06",si,si,si,si,,,,,,,
EQUIPOS PARA  ENVASADO JUGOS HIT,900038,LLENADORA USB    ,13349830,INSPECCIÓN SEMANAL LLENADORA 900038,CORREAS DENTADAS,"0,06",si,si,si,si,,,,,,,
EQUIPOS PARA  ENVASADO JUGOS HIT,900039,CORONADORA,13349831,INSPECIÓN SEMANAL CORONADORA 900039,REVISION DE ESTRELLAS,"0,06",,,,,si,CUMPLE,"9/5/2024, 13:52:46",si,.,.,CUMPLE
EQUIPOS PARA  ENVASADO JUGOS HIT,900039,CORONADORA,13349831,INSPECIÓN SEMANAL CORONADORA 900039,REVISION DE GUIAS EN GENERAL,"0,06",,,,,si,CUMPLE,"9/5/2024, 13:52:57",si,.,.,CUMPLE
EQUIPOS PARA  ENVASADO JUGOS HIT,900039,CORONADORA,13349831,INSPECIÓN SEMANAL CORONADORA 900039,REVISION ROSCARDORES EN GENERAL,"0,06",,,,,si,CUMPLE,"9/5/2024, 13:53:03",si,.,.,CUMPLE
EQUIPOS PARA  ENVASADO JUGOS HIT,900039,CORONADORA,13349831,INSPECIÓN SEMANAL CORONADORA 900039,REVISION DOSIFICACION DE TAPA,"0,06",,,,,si,CUMPLE,"9/5/2024, 13:53:14",si,.,.,CUMPLE
EQUIPOS PARA  ENVASADO JUGOS HIT,900039,CORONADORA,13349831,INSPECIÓN SEMANAL CORONADORA 900039,REVISAR SISTEMA DE CONTROL Y POTENCIA,"0,06",si,si,si,si,si,CUMPLE,"9/5/2024, 13:53:22",si,.,.,CUMPLE
EQUIPOS PARA  ENVASADO JUGOS HIT,508166,LAVADORA DE BOTELLAS AUSTRAL  ,13349832,INSPECCIÓN SEMANAL LAVADORA 508166,ESTADO DE LAS PUNTERAS,"0,05",si,si,si,si,si,CUMPLE,"8/5/2024, 21:32:44",si,.,.,CUMPLE
EQUIPOS PARA  ENVASADO JUGOS HIT,508166,LAVADORA DE BOTELLAS AUSTRAL  ,13349832,INSPECCIÓN SEMANAL LAVADORA 508166,ESTADO DEL ENCANASTADO,"0,05",si,si,si,si,si,CUMPLE,"8/5/2024, 21:32:54",si,.,.,CUMPLE
EQUIPOS PARA  ENVASADO JUGOS HIT,508166,LAVADORA DE BOTELLAS AUSTRAL  ,13349832,INSPECCIÓN SEMANAL LAVADORA 508166,REVISION CARGUE Y DESCARGUE,"0,05",si,si,si,si,si,CUMPLE,"8/5/2024, 21:33:00",si,.,.,CUMPLE
EQUIPOS PARA  ENVASADO JUGOS HIT,508166,LAVADORA DE BOTELLAS AUSTRAL  ,13349832,INSPECCIÓN SEMANAL LAVADORA 508166,ESTADO DE TANQUES LAVADORA ,"0,05",si,si,si,si,si,CUMPLE,"8/5/2024, 21:33:06",si,.,.,CUMPLE
EQUIPOS PARA  ENVASADO JUGOS HIT,508166,LAVADORA DE BOTELLAS AUSTRAL  ,13349832,INSPECCIÓN SEMANAL LAVADORA 508166,ESTADO MOTORES Y BOMBAS,"0,05",si,si,si,si,si,CUMPLE,"8/5/2024, 21:33:12",si,.,.,CUMPLE
EQUIPOS PARA  ENVASADO JUGOS HIT,508166,LAVADORA DE BOTELLAS AUSTRAL  ,13349832,INSPECCIÓN SEMANAL LAVADORA 508166,ESTADO  COCHES DE ENJUAGUE,"0,05",si,si,si,si,si,CUMPLE,"8/5/2024, 21:33:17",si,.,.,CUMPLE
EQUIPOS PARA  ENVASADO JUGOS HIT,900041,TRANSPORTADOR DE BOTELLAS    ,13349836,INSPECCIÓN SEMANAL TRANS BOTELLAS L5,REVISION CADENAS Y REDUCTORES,"1,5",,,,,si,CUMPLE,"9/5/2024, 13:53:34",si,.,.,CUMPLE
EQUIPOS PARA  ENVASADO JUGOS HIT,900041,TRANSPORTADOR DE BOTELLAS    ,13349836,INSPECCIÓN SEMANAL TRANS BOTELLAS L5,REVISION SISTEMA ELECTRICO Y MOTORES,"1,5",,,,,si,CUMPLE,"9/5/2024, 13:53:40",si,.,.,CUMPLE
EQUIPOS PARA  ENVASADO JUGOS HIT,90004101,CODIFICADOR VIDEO JET   ,13349800,INSPECCIÓN SEMANAL CODIF. L5 90004101,REVISION SISTEMA HIDRAULICO,"0,15",si,si,si,si,,,,,,,
EQUIPOS PARA  ENVASADO JUGOS HIT,90004101,CODIFICADOR VIDEO JET   ,13349800,INSPECCIÓN SEMANAL CODIF. L5 90004101,REVISAR SISTEMA DE CONTROL Y POTENCIA,"0,15",si,si,si,si,,,,,,,
EQUIPOS PARA  ENVASADO JUGOS HIT,829843,TRANSPORTADOR DE CAJAS  ,13349847,INSPECCION SEMANAL TRAN. CAJAS 829843,ESTADO CADENAS CARDANICOS Y PIÑONES,"1,5",,,,,si,CUMPLE,"9/5/2024, 13:54:43",si,.,.,CUMPLE
EQUIPOS PARA  ENVASADO JUGOS HIT,829843,TRANSPORTADOR DE CAJAS  ,13349847,INSPECCION SEMANAL TRAN. CAJAS 829843,ESTADO CLUTCHS,"1,5",,,,,si,CUMPLE,"9/5/2024, 13:54:48",si,.,.,CUMPLE
EQUIPOS PARA  ENVASADO JUGOS HIT,50816601,SISTEMA I  ,13349835,INSPECCION SEMANAL SISTEMA I 50816601,REVISION SISTEMA DE CONDENSADO Y VALVULAS,"0,3333333333",si,si,si,si,si,CUMPLE,"8/5/2024, 21:33:40",si,.,.,CUMPLE
0198-LINEA DE PRODUCCION 6 PET,589661,CODIFICADOR,13349825,INSPECCIÓN SEMANAL CODIFICADOR L6 589661,REVISION SISTEMA HIDRAULICO,"0,5",si,si,si,si,,,,,,,
0198-LINEA DE PRODUCCION 6 PET,589661,CODIFICADOR,13349825,INSPECCIÓN SEMANAL CODIFICADOR L6 589661,REVISAR SISTEMA DE CONTROL Y POTENCIA,"0,5",si,si,si,si,,,,,,,
0198-LINEA DE PRODUCCION 6 PET,829695,TRANSPORTADORES,13349822,INSPECCIÓN SEMANAL TRANSPORT.L6 829695,Revisar cadenas,"0,5",si,si,si,si,si,CUMPLE,"9/5/2024, 12:09:37",si,.,.,CUMPLE
0198-LINEA DE PRODUCCION 6 PET,829695,TRANSPORTADORES,13349822,INSPECCIÓN SEMANAL TRANSPORT.L6 829695,Revisar piñones y chumaceras,"0,5",si,si,si,si,si,CUMPLE,"9/5/2024, 12:09:49",si,.,.,CUMPLE
0198-LINEA DE PRODUCCION 6 PET,659649,TANQUE 1,13349812,INSPECCIÓN SEMANAL TANQUE #1 L6 659649,REVISAR REDUCTOR Y AGITADOR,"0,5",si,si,si,si,si,CUMPLE,"9/5/2024, 12:09:55",si,.,.,CUMPLE
0198-LINEA DE PRODUCCION 6 PET,659649,TANQUE 1,13349812,INSPECCIÓN SEMANAL TANQUE #1 L6 659649,REVISAR MOTOR Y SISTEMA DE CONTROL,"0,5",si,si,si,si,si,CUMPLE,"9/5/2024, 12:48:42",si,.,.,CUMPLE
0198-LINEA DE PRODUCCION 6 PET,659650,TANQUE 2,13349813,INSPECCIÓN SEMANAL TANQUE #2 L6 659650,REVISAR REDUCTOR Y AGITADOR,"0,5",si,si,si,si,si,CUMPLE,"9/5/2024, 12:10:11",si,.,.,CUMPLE
0198-LINEA DE PRODUCCION 6 PET,659650,TANQUE 2,13349813,INSPECCIÓN SEMANAL TANQUE #2 L6 659650,REVISAR MOTOR Y SISTEMA DE CONTROL,"0,5",si,si,si,si,si,CUMPLE,"9/5/2024, 12:48:49",si,.,.,CUMPLE
0198-LINEA DE PRODUCCION 6 PET,659651,TANQUE 3,13349815,INSPECCIÓN SEMANAL TANQUE #3 L6 659651,REVISAR REDUCTOR Y AGITADOR,"0,5",si,si,si,si,si,CUMPLE,"9/5/2024, 12:10:24",si,.,.,CUMPLE
0198-LINEA DE PRODUCCION 6 PET,659651,TANQUE 3,13349815,INSPECCIÓN SEMANAL TANQUE #3 L6 659651,REVISAR MOTOR Y SISTEMA DE CONTROL,"0,5",si,si,si,si,si,CUMPLE,"9/5/2024, 12:48:22",si,.,.,CUMPLE
0198-LINEA DE PRODUCCION 6 PET,519560,LLENADORA TRIBLOCK (RINSE-LLENADORA-CORONADOR) ,13349809,INSPECCIÓN SEMANAL LLENADORA L6 519560,Revisar intercambiador de calor,"0,0833333333",si,si,si,si,si,CUMPLE,"21/5/2024, 23:53:32",si,.,.,CUMPLE
0198-LINEA DE PRODUCCION 6 PET,519560,LLENADORA TRIBLOCK (RINSE-LLENADORA-CORONADOR) ,13349809,INSPECCIÓN SEMANAL LLENADORA L6 519560,Revisar bomba Rinse,"0,0833333333",si,si,si,si,si,CUMPLE,"21/5/2024, 23:53:39",si,.,.,CUMPLE
0198-LINEA DE PRODUCCION 6 PET,519560,LLENADORA TRIBLOCK (RINSE-LLENADORA-CORONADOR) ,13349809,INSPECCIÓN SEMANAL LLENADORA L6 519560,Revisar boquillas Rinse,"0,0833333333",si,si,si,si,si,CUMPLE,"21/5/2024, 23:53:44",si,.,.,CUMPLE
0198-LINEA DE PRODUCCION 6 PET,519560,LLENADORA TRIBLOCK (RINSE-LLENADORA-CORONADOR) ,13349809,INSPECCIÓN SEMANAL LLENADORA L6 519560,Revisar tanque abastecimiento de Aloe,"0,0833333333",si,si,si,si,si,CUMPLE,"21/5/2024, 23:53:57",si,.,.,CUMPLE
0198-LINEA DE PRODUCCION 6 PET,519560,LLENADORA TRIBLOCK (RINSE-LLENADORA-CORONADOR) ,13349809,INSPECCIÓN SEMANAL LLENADORA L6 519560,Revisar dosificador de Aloe,"0,0833333333",si,si,si,si,si,CUMPLE,"21/5/2024, 23:54:10",si,.,.,CUMPLE
0198-LINEA DE PRODUCCION 6 PET,519560,LLENADORA TRIBLOCK (RINSE-LLENADORA-CORONADOR) ,13349809,INSPECCIÓN SEMANAL LLENADORA L6 519560,Revisar válvulas y boquillas de llenado,"0,0833333333",si,si,si,si,si,CUMPLE,"21/5/2024, 23:54:15",si,.,.,CUMPLE
0198-LINEA DE PRODUCCION 6 PET,519560,LLENADORA TRIBLOCK (RINSE-LLENADORA-CORONADOR) ,13349809,INSPECCIÓN SEMANAL LLENADORA L6 519560,Revisar porta-botellas llenadora,"0,0833333333",si,si,si,si,si,CUMPLE,"21/5/2024, 23:54:25",si,.,.,CUMPLE
0198-LINEA DE PRODUCCION 6 PET,519560,LLENADORA TRIBLOCK (RINSE-LLENADORA-CORONADOR) ,13349809,INSPECCIÓN SEMANAL LLENADORA L6 519560,Revisar estrellas y transportador,"0,0833333333",si,si,si,si,si,CUMPLE,"21/5/2024, 23:54:30",si,.,.,CUMPLE
0198-LINEA DE PRODUCCION 6 PET,519560,LLENADORA TRIBLOCK (RINSE-LLENADORA-CORONADOR) ,13349809,INSPECCIÓN SEMANAL LLENADORA L6 519560,Revisar tanque de retorno,"0,0833333333",si,si,si,si,si,CUMPLE,"21/5/2024, 23:54:35",si,.,.,CUMPLE
0198-LINEA DE PRODUCCION 6 PET,519560,LLENADORA TRIBLOCK (RINSE-LLENADORA-CORONADOR) ,13349809,INSPECCIÓN SEMANAL LLENADORA L6 519560,REVISAR ROSCADORES,"0,0833333333",si,si,si,si,si,CUMPLE,"21/5/2024, 23:55:10",si,.,.,CUMPLE
0198-LINEA DE PRODUCCION 6 PET,519560,LLENADORA TRIBLOCK (RINSE-LLENADORA-CORONADOR) ,13349809,INSPECCIÓN SEMANAL LLENADORA L6 519560,Inspeccionar plato distribuidor de tapa,"0,0833333333",si,si,si,si,si,CUMPLE,"21/5/2024, 23:55:15",si,.,.,CUMPLE
0198-LINEA DE PRODUCCION 6 PET,519560,LLENADORA TRIBLOCK (RINSE-LLENADORA-CORONADOR) ,13349809,INSPECCIÓN SEMANAL LLENADORA L6 519560,"Revisar elevador, carrilera  y tolva de acumulación de tapa","0,0833333333",si,si,si,si,si,CUMPLE,"21/5/2024, 23:55:19",si,.,.,CUMPLE
0198-LINEA DE PRODUCCION 6 PET,690109,PASTEURIZADOR,13349819,INSPECCIÓN SEMANAL PASTEURIZADOR 690109,REVISAR SISTEMA NEUMATICO,"0,25",si,si,si,si,si,CUMPLE,"21/5/2024, 23:56:48",si,.,.,CUMPLE
0198-LINEA DE PRODUCCION 6 PET,690109,PASTEURIZADOR,13349819,INSPECCIÓN SEMANAL PASTEURIZADOR 690109,REVISAR BOMBAS,"0,25",si,si,si,si,si,CUMPLE,"21/5/2024, 23:57:00",si,.,.,CUMPLE
0198-LINEA DE PRODUCCION 6 PET,690109,PASTEURIZADOR,13349819,INSPECCIÓN SEMANAL PASTEURIZADOR 690109,REVISAR SISTEMA DE CALENTAMIENTO  ,"0,25",si,si,si,si,si,CUMPLE,"21/5/2024, 23:57:05",si,.,.,CUMPLE
0198-LINEA DE PRODUCCION 6 PET,690109,PASTEURIZADOR,13349819,INSPECCIÓN SEMANAL PASTEURIZADOR 690109,REVISAR SISTEMA DE CONTROL Y POTENCIA,"0,25",si,si,si,si,si,CUMPLE,"21/5/2024, 23:57:11",si,.,.,CUMPLE
0198-LINEA DE PRODUCCION 6 PET,599604,INSPECTOR FILTEC ,13342415,INSPECCIÓN SEMANAL FILTEC L6 599604,REVISAR CANALES DE RECHAZO,"0,1666666667",si,si,si,si,,,,,,,
0198-LINEA DE PRODUCCION 6 PET,599604,INSPECTOR FILTEC ,13342415,INSPECCIÓN SEMANAL FILTEC L6 599604,REVISAR SISTEMA NEUMATICO,"0,1666666667",si,si,si,si,,,,,,,
0198-LINEA DE PRODUCCION 6 PET,599604,INSPECTOR FILTEC ,13342415,INSPECCIÓN SEMANAL FILTEC L6 599604,REVISAR SISTEMA DE CONTROL Y POTENCIA,"0,1666666667",si,si,si,si,,,,,,,
EQUIPOS PARA PREPARACION JUGOS HIT,900043,SISTEMA B (RECONSTITUCION JUGO) ,13349855,INSPECCION SEMANAL SISTEMA B,REVISAR SISTEMA NEUMATICO,"0,2",,,,,si,CUMPLE,"11/5/2024, 9:14:57",si,.,.,CUMPLE
EQUIPOS PARA PREPARACION JUGOS HIT,900043,SISTEMA B (RECONSTITUCION JUGO) ,13349855,INSPECCION SEMANAL SISTEMA B,REVISAR SISTEMA DE CONTROL Y POTENCIA,"0,2",,,,,si,CUMPLE,"11/5/2024, 9:15:08",si,.,.,CUMPLE
EQUIPOS PARA PREPARACION JUGOS HIT,900043,SISTEMA B (RECONSTITUCION JUGO) ,13349855,INSPECCION SEMANAL SISTEMA B,REVISION ESTADO DE BOMBAS,"0,2",,,,,si,CUMPLE,"11/5/2024, 9:15:16",si,.,.,CUMPLE
EQUIPOS PARA PREPARACION JUGOS HIT,900043,SISTEMA B (RECONSTITUCION JUGO) ,13349855,INSPECCION SEMANAL SISTEMA B,REVISION SISTEMA DE CONDENSADO,"0,2",,,,,si,CUMPLE,"11/5/2024, 9:15:24",si,.,.,CUMPLE
EQUIPOS PARA PREPARACION JUGOS HIT,900043,SISTEMA B (RECONSTITUCION JUGO) ,13349855,INSPECCION SEMANAL SISTEMA B,REVISION TANQUE Y AGITADORES,"0,2",,,,,si,CUMPLE,"11/5/2024, 9:15:35",si,.,.,CUMPLE
EQUIPOS PARA PREPARACION JUGOS HIT,900044,SISTEMA C (DISOLUCION AZUCAR) ,13349854,INSPECCION SEMANAL SISTEMA C,REVISAR SISTEMA NEUMATICO,"0,2",,,,,si,CUMPLE,"11/5/2024, 9:15:57",si,.,.,CUMPLE
EQUIPOS PARA PREPARACION JUGOS HIT,900044,SISTEMA C (DISOLUCION AZUCAR) ,13349854,INSPECCION SEMANAL SISTEMA C,REVISAR SISTEMA DE CONTROL Y POTENCIA,"0,2",,,,,si,CUMPLE,"11/5/2024, 9:16:06",si,.,.,CUMPLE
EQUIPOS PARA PREPARACION JUGOS HIT,900044,SISTEMA C (DISOLUCION AZUCAR) ,13349854,INSPECCION SEMANAL SISTEMA C,REVISION ESTADO DE BOMBAS,"0,2",,,,,si,"Se encuentra sello mecánico malo. Lleva 3 días fuera de servicio, sin embargo no afecta la producción.",,si,EFRAIN SANCHEZ,Oscar Andres Soto Ocampo,https://storage.googleapis.com/glide-prod.appspot.com/uploads-v2/XTiktUWBffQVjI0Mqoj2/pub/5biL6SFyyIDCuifXElQS.jpg
EQUIPOS PARA PREPARACION JUGOS HIT,900044,SISTEMA C (DISOLUCION AZUCAR) ,13349854,INSPECCION SEMANAL SISTEMA C,REVISION SISTEMA DE CONDENSADO,"0,2",,,,,si,CUMPLE,"11/5/2024, 9:20:04",si,.,.,CUMPLE
EQUIPOS PARA PREPARACION JUGOS HIT,900044,SISTEMA C (DISOLUCION AZUCAR) ,13349854,INSPECCION SEMANAL SISTEMA C,REVISION TANQUE Y AGITADORES,"0,2",,,,,si,CUMPLE,"11/5/2024, 9:20:14",si,.,.,CUMPLE
EQUIPOS PARA PREPARACION JUGOS HIT,900045,SISTEMA D (MEZCLA JUGO) ,13349853,INSPECCION SEMANAL SISTEMA D,REVISAR SISTEMA NEUMATICO,"0,2",si,si,si,si,si,CUMPLE,"21/5/2024, 13:06:39",si,.,.,CUMPLE
EQUIPOS PARA PREPARACION JUGOS HIT,900045,SISTEMA D (MEZCLA JUGO) ,13349853,INSPECCION SEMANAL SISTEMA D,REVISAR SISTEMA DE CONTROL Y POTENCIA,"0,2",si,si,si,si,,,,,,,
EQUIPOS PARA PREPARACION JUGOS HIT,900045,SISTEMA D (MEZCLA JUGO) ,13349853,INSPECCION SEMANAL SISTEMA D,REVISION ESTADO DE BOMBAS,"0,2",si,si,si,si,,,,,,,
EQUIPOS PARA PREPARACION JUGOS HIT,900045,SISTEMA D (MEZCLA JUGO) ,13349853,INSPECCION SEMANAL SISTEMA D,REVISION SISTEMA DE CONDENSADO,"0,2",si,si,si,si,,,,,,,
EQUIPOS PARA PREPARACION JUGOS HIT,900045,SISTEMA D (MEZCLA JUGO) ,13349853,INSPECCION SEMANAL SISTEMA D,REVISION TANQUE Y AGITADORES,"0,2",si,si,si,si,,,,,,,
EQUIPOS PARA PREPARACION JUGOS HIT,900046,SISTEMA E-J (PASTERIZADOR) ,13349852,INSPECCION SEMANAL SISTEMA E-J PASTE L5,REVISAR SISTEMA NEUMATICO,"0,2",,,,,si,CUMPLE,"11/5/2024, 9:20:29",si,.,.,CUMPLE
EQUIPOS PARA PREPARACION JUGOS HIT,900046,SISTEMA E-J (PASTERIZADOR) ,13349852,INSPECCION SEMANAL SISTEMA E-J PASTE L5,REVISAR SISTEMA DE CONTROL Y POTENCIA,"0,2",,,,,si,CUMPLE,"11/5/2024, 9:20:32",si,.,.,CUMPLE
EQUIPOS PARA PREPARACION JUGOS HIT,900046,SISTEMA E-J (PASTERIZADOR) ,13349852,INSPECCION SEMANAL SISTEMA E-J PASTE L5,REVISION ESTADO DE BOMBAS,"0,2",,,,,si,CUMPLE,"11/5/2024, 9:20:44",si,.,.,CUMPLE
EQUIPOS PARA PREPARACION JUGOS HIT,900046,SISTEMA E-J (PASTERIZADOR) ,13349852,INSPECCION SEMANAL SISTEMA E-J PASTE L5,REVISION SISTEMA DE CONDENSADO,"0,2",,,,,si,CUMPLE,"11/5/2024, 9:20:52",si,.,.,CUMPLE
EQUIPOS PARA PREPARACION JUGOS HIT,900046,SISTEMA E-J (PASTERIZADOR) ,13349852,INSPECCION SEMANAL SISTEMA E-J PASTE L5,REVISION TANQUE Y AGITADORES,"0,2",,,,,si,CUMPLE,"11/5/2024, 9:21:04",si,.,.,CUMPLE
EQUIPOS PARA PREPARACION JUGOS HIT,900047,SISTEMA F (SISTEMA C.I.P) ,13349850,INSPECCION SEMANAL SISTEMA F,REVISAR SISTEMA NEUMATICO,"0,2",si,si,si,si,,,,,,,
EQUIPOS PARA PREPARACION JUGOS HIT,900047,SISTEMA F (SISTEMA C.I.P) ,13349850,INSPECCION SEMANAL SISTEMA F,REVISAR SISTEMA DE CONTROL Y POTENCIA,"0,2",si,si,si,si,,,,,,,
EQUIPOS PARA PREPARACION JUGOS HIT,900047,SISTEMA F (SISTEMA C.I.P) ,13349850,INSPECCION SEMANAL SISTEMA F,REVISION ESTADO DE BOMBAS,"0,2",si,si,si,si,si,CUMPLE,"21/5/2024, 13:14:05",si,.,.,CUMPLE
EQUIPOS PARA PREPARACION JUGOS HIT,900047,SISTEMA F (SISTEMA C.I.P) ,13349850,INSPECCION SEMANAL SISTEMA F,REVISION SISTEMA DE CONDENSADO,"0,2",si,si,si,si,si,CUMPLE,"21/5/2024, 13:14:28",si,.,.,CUMPLE
EQUIPOS PARA PREPARACION JUGOS HIT,900047,SISTEMA F (SISTEMA C.I.P) ,13349850,INSPECCION SEMANAL SISTEMA F,REVISION TANQUE Y AGITADORES,"0,2",si,si,si,si,si,CUMPLE,"21/5/2024, 13:14:38",si,.,.,CUMPLE
LINEA DE ENVASADO DE TETRAPAK  LINEA 4,519559,LLENADORA A-3 FLEX   ,13349840,INSPECCION SEMANAL LLENADORA A3 FLEX,REVISAR SISTEMA NEUMATICO,"0,4",,,,,si,CUMPLE,"16/5/2024, 13:49:15",si,.,.,CUMPLE
LINEA DE ENVASADO DE TETRAPAK  LINEA 4,519559,LLENADORA A-3 FLEX   ,13349840,INSPECCION SEMANAL LLENADORA A3 FLEX,REVISAR BOMBAS,"0,4",,,,,si,CUMPLE,"16/5/2024, 13:49:26",si,.,.,CUMPLE
LINEA DE ENVASADO DE TETRAPAK  LINEA 4,519559,LLENADORA A-3 FLEX   ,13349840,INSPECCION SEMANAL LLENADORA A3 FLEX,REVISAR SISTEMA DE CALENTAMIENTO  ,"0,4",,,,,si,CUMPLE,"16/5/2024, 13:49:20",si,.,.,CUMPLE
LINEA DE ENVASADO DE TETRAPAK  LINEA 4,519559,LLENADORA A-3 FLEX   ,13349840,INSPECCION SEMANAL LLENADORA A3 FLEX,REVISAR SISTEMA DE CONTROL Y POTENCIA,"0,4",,,,,si,CUMPLE,"16/5/2024, 13:49:32",si,.,.,CUMPLE
LINEA DE ENVASADO DE TETRAPAK  LINEA 4,519559,LLENADORA A-3 FLEX   ,13349840,INSPECCION SEMANAL LLENADORA A3 FLEX,ESTADO DE SISTEMA DE TRACCION Y BRAZOS,"0,4",si,si,si,si,si,CUMPLE,"16/5/2024, 13:49:36",si,.,.,CUMPLE
EQUIPOS PARA SERVICIOS INDUSTRIALES,670021,PLANTA ELECTRICA,13349794,INSPECCION SEMANAL PLANTA ELECTRICA,VERIFICACIÓN ESTADO GENERAL,"0,2",si,si,si,si,,,,,,,
EQUIPOS PARA SERVICIOS INDUSTRIALES,670021,PLANTA ELECTRICA,13349794,INSPECCION SEMANAL PLANTA ELECTRICA,VERIFICACIÓN ESTADO DE LA BATERÍA,"0,2",si,si,si,si,,,,,,,
EQUIPOS PARA SERVICIOS INDUSTRIALES,670021,PLANTA ELECTRICA,13349794,INSPECCION SEMANAL PLANTA ELECTRICA,VERIFICAR NIVEL DE AGUA RADIADOR,"0,2",si,si,si,si,,,,,,,
EQUIPOS PARA SERVICIOS INDUSTRIALES,670021,PLANTA ELECTRICA,13349794,INSPECCION SEMANAL PLANTA ELECTRICA,VERIFICAR NIVEL DEL COMBUSTIBLE,"0,2",si,si,si,si,,,,,,,
EQUIPOS PARA SERVICIOS INDUSTRIALES,670021,PLANTA ELECTRICA,13349794,INSPECCION SEMANAL PLANTA ELECTRICA,REVISAR SISTEMA DE CONTROL Y POTENCIA,"0,2",si,si,si,si,,,,,,,
EQUIPOS PARA SERVICIOS INDUSTRIALES,659627,TANQUES DE COMBUSTIBLE,13349839,INSPECCION SEMANAL TANQUE COMBUSTIBLE,VERIFICACIÓN ESTADO DEL TANQUE DE COMBUSTIBLE,"0,5",si,si,si,si,,,,,,,
EQUIPOS PARA SERVICIOS INDUSTRIALES,659627,TANQUES DE COMBUSTIBLE,13349839,INSPECCION SEMANAL TANQUE COMBUSTIBLE,VERIFICACIÓN ESTADO DE TUBERÍAS DE CONEXIÓN.,"0,5",si,si,si,si,,,,,,,
EQUIPOS PARA PREPARACION JUGOS TETRAPAK,900022,JUMBO REEL TRUCK,13349795,INSPECCIÓN SEMANAL JUMBO REEL 900022,REVISAR SITEMA MECANICO E HIDRAULICO,1,si,si,si,si,,,,,,,
TALLER  MANTENIMIENTO  EQUIPOS DE PLANTA,207022,TALLER INDUSTRIAL MANTENIMIENTO PLANTA,13349796,INSPECCIÓN SEMANAL TALLER 207022,VERIFICAR LIMPIEZA Y ASEO DEL TALLER,"0,25",si,si,si,si,si,CUMPLE,"17/5/2024, 6:11:02",si,.,.,CUMPLE
TALLER  MANTENIMIENTO  EQUIPOS DE PLANTA,207022,TALLER INDUSTRIAL MANTENIMIENTO PLANTA,13349796,INSPECCIÓN SEMANAL TALLER 207022,VERIFICAR ESTADO DE CONTENEDORES DE BASURA,"0,25",si,si,si,si,si,CUMPLE,"17/5/2024, 6:11:12",si,.,.,CUMPLE
TALLER  MANTENIMIENTO  EQUIPOS DE PLANTA,207022,TALLER INDUSTRIAL MANTENIMIENTO PLANTA,13349796,INSPECCIÓN SEMANAL TALLER 207022,VERIFICAR CONTENDOR DE CHATARRA,"0,25",si,si,si,si,si,CUMPLE,"17/5/2024, 6:11:20",si,.,.,CUMPLE
TALLER  MANTENIMIENTO  EQUIPOS DE PLANTA,207022,TALLER INDUSTRIAL MANTENIMIENTO PLANTA,13349796,INSPECCIÓN SEMANAL TALLER 207022,VERIFICAR QUE NO HAYAN ELEMENTOS EXTRAÑOS EN EL TALLER,"0,25",si,si,si,si,si,CUMPLE,"17/5/2024, 6:11:27",si,.,.,CUMPLE
LINEA DE ENVASADO DE TETRAPAK  LINEA 1,51956401,LINE COTROLLER,13349858,INSPECCION SEMANAL LINE COTROLLER,REVISAR SISTEMA DE CONTROL Y POTENCIA,"0,5",,,,,si,CUMPLE,"7/5/2024, 15:55:08",si,.,.,CUMPLE
TALLER  MANTENIMIENTO  EQUIPOS DE PLANTA,20702201,TALLER HERRAMIENTAS,13349791,INSPECCIÓN SEMANAL TALLER HERR. 207022,VERIFICAR ESTADO DEL TALADRO - ESMERIL - TORNO,1,si,si,si,si,,,,,,,
EQUIPOS PARA PREPARACION JUGOS HIT,901007,SISTEMA DE TANQUES DE INGREDIENTES,13349871,INSPECCION SEMANAL ESTACION INGREDIENTES,REVISAR MOTOR AGITADOR ,"0,25",,,,,si,CUMPLE,"11/5/2024, 9:46:46",si,.,.,CUMPLE
EQUIPOS PARA PREPARACION JUGOS HIT,901007,SISTEMA DE TANQUES DE INGREDIENTES,13349871,INSPECCION SEMANAL ESTACION INGREDIENTES,REVISAR SISTEMA NEUMATICO,"0,25",,,,,si,CUMPLE,"11/5/2024, 9:51:43",si,.,.,CUMPLE
EQUIPOS PARA PREPARACION JUGOS HIT,901007,SISTEMA DE TANQUES DE INGREDIENTES,13349871,INSPECCION SEMANAL ESTACION INGREDIENTES,REVISAR BOMBA DE ENVIO,"0,25",,,,,si,Se percibe una leve fuga de producto en las bombas de envío.,,si,EFRAIN SANCHEZ,Oscar Andres Soto Ocampo,https://storage.googleapis.com/glide-prod.appspot.com/uploads-v2/XTiktUWBffQVjI0Mqoj2/pub/bLpmGjNwGJbSs6QrUcaD.jpg
EQUIPOS PARA PREPARACION JUGOS HIT,901007,SISTEMA DE TANQUES DE INGREDIENTES,13349871,INSPECCION SEMANAL ESTACION INGREDIENTES,REVISAR SISTEMA DE CONTROL Y POTENCIA,"0,25",,,,,si,CUMPLE,"11/5/2024, 9:53:23",si,.,.,CUMPLE
EQUIPOS PARA PREPARACION JUGOS HIT,901003,TOLVA / TORNILLO,13349870,INSPECCION SEMANAL TOLVA TORNILLO 901003,REVISAR SISTEMA DE CONTROL Y POTENCIA,"0,25",,,,,si,CUMPLE,"11/5/2024, 9:56:59",si,.,.,CUMPLE
EQUIPOS PARA PREPARACION JUGOS HIT,901003,TOLVA / TORNILLO,13349870,INSPECCION SEMANAL TOLVA TORNILLO 901003,REVISAR MOTORES ,"0,25",,,,,si,Se nota fuga de azúcar en chumacera inferior del tornillo principal. La chumacera está pendiente de cambio.,,si,EFRAIN SANCHEZ,Oscar Andres Soto Ocampo,https://storage.googleapis.com/glide-prod.appspot.com/uploads-v2/XTiktUWBffQVjI0Mqoj2/pub/S4BXlchy826pCryTW9ZD.jpg
EQUIPOS PARA SERVICIOS INDUSTRIALES,659361,CALDERA,13349838,INSPECCIÓN SEMANAL CALDERA CLEAVER,VERIFICAR ESTADO VALVULAS DE SEGURIDAD,"0,3333333333",,,,,,,,,,,
EQUIPOS PARA SERVICIOS INDUSTRIALES,659361,CALDERA,13349838,INSPECCIÓN SEMANAL CALDERA CLEAVER,VERIFICAR ESTADO INSTRUMENTOS DE CONTROL,"0,3333333333",,,,,,,,,,,
EQUIPOS PARA SERVICIOS INDUSTRIALES,659361,CALDERA,13349838,INSPECCIÓN SEMANAL CALDERA CLEAVER,VERIFICAR OPERACION DEL MACDONALD,"0,3333333333",,,,,,,,,,,
EQUIPOS PARA SERVICIOS INDUSTRIALES,650008,CALDERA,13349837,INSPECCIÓN SEMANAL CALDERA POWER,VERIFICAR ESTADO VALVULAS DE SEGURIDAD,"0,3333333333",,,,,,,,,,,
EQUIPOS PARA SERVICIOS INDUSTRIALES,650008,CALDERA,13349837,INSPECCIÓN SEMANAL CALDERA POWER,VERIFICAR ESTADO INSTRUMENTOS DE CONTROL,"0,3333333333",,,,,,,,,,,
EQUIPOS PARA SERVICIOS INDUSTRIALES,650008,CALDERA,13349837,INSPECCIÓN SEMANAL CALDERA POWER,VERIFICAR OPERACION DEL MACDONALD,"0,3333333333",,,,,,,,,,,
EQUIPOS PARA SERVICIOS INDUSTRIALES,660020,TORRE ENFRIAMIENTO TPI  ,13349861,INSPECCION SEMANAL TORRE DE ENFRIAMIENTO,REVISAR ESTRUCTURA GENERAL,"0,3333333333",,,,,,,,,,,
EQUIPOS PARA SERVICIOS INDUSTRIALES,660020,TORRE ENFRIAMIENTO TPI  ,13349861,INSPECCION SEMANAL TORRE DE ENFRIAMIENTO,REVISAR FLAUTAS,"0,3333333333",,,,,,,,,,,
EQUIPOS PARA SERVICIOS INDUSTRIALES,660020,TORRE ENFRIAMIENTO TPI  ,13349861,INSPECCION SEMANAL TORRE DE ENFRIAMIENTO,REVISAR BOMBAS,"0,3333333333",,,,,,,,,,,
EQUIPOS PARA PREPARACION JUGOS TETRAPAK,900008,DRUMP DUMPER  ,13349806,INSPECCIÓN SEMANAL DUMPER TETRA 900008,REVISAR CILINDROS NEUMATICOS,"0,3333333333",,,,,,,,,,,
EQUIPOS PARA PREPARACION JUGOS TETRAPAK,900008,DRUMP DUMPER  ,13349806,INSPECCIÓN SEMANAL DUMPER TETRA 900008,REVISAR MOTOREDUCTOR DEL PICADOR,"0,3333333333",,,,,,,,,,,
EQUIPOS PARA PREPARACION JUGOS TETRAPAK,900008,DRUMP DUMPER  ,13349806,INSPECCIÓN SEMANAL DUMPER TETRA 900008,REVISAR TABLERO ELECTRICO,"0,3333333333",,,,,,,,,,,
LINEA DE ENVASADO DE TETRAPAK  LINEA 1,51956403,APLICADOR PITILLOS SA 30 SPEED  ,13349860,INSPECCION SEMANAL APLICA PITILLO SA-30,UNIDAD DE FUSION EN CALIENTE,"0,0714285714",,,,,si,CUMPLE,"21/5/2024, 9:21:29",si,.,.,CUMPLE
LINEA DE ENVASADO DE TETRAPAK  LINEA 1,51956403,APLICADOR PITILLOS SA 30 SPEED  ,13349860,INSPECCION SEMANAL APLICA PITILLO SA-30,REVISAR SISTEMA DE CONTROL Y POTENCIA,"0,0714285714",,,,,si,CUMPLE,"21/5/2024, 9:21:39",si,.,.,CUMPLE
LINEA DE ENVASADO DE TETRAPAK  LINEA 1,51956403,APLICADOR PITILLOS SA 30 SPEED  ,13349860,INSPECCION SEMANAL APLICA PITILLO SA-30,FRENO DE  ENTRADA,"0,0714285714",,,,,si,CUMPLE,"21/5/2024, 9:21:53",si,.,.,CUMPLE
LINEA DE ENVASADO DE TETRAPAK  LINEA 1,51956403,APLICADOR PITILLOS SA 30 SPEED  ,13349860,INSPECCION SEMANAL APLICA PITILLO SA-30,UNIDAD DE APLICACIÓN ,"0,0714285714",,,,,si,CUMPLE,"21/5/2024, 9:22:02",si,.,.,CUMPLE
LINEA DE ENVASADO DE TETRAPAK  LINEA 1,51956403,APLICADOR PITILLOS SA 30 SPEED  ,13349860,INSPECCION SEMANAL APLICA PITILLO SA-30,SISTEMA NEUMATICO,"0,0714285714",,,,,si,CUMPLE,"21/5/2024, 9:28:01",si,.,.,CUMPLE
LINEA DE ENVASADO DE TETRAPAK  LINEA 1,51956403,APLICADOR PITILLOS SA 30 SPEED  ,13349860,INSPECCION SEMANAL APLICA PITILLO SA-30,UNIDAD DE CORTE Y PRENSADO PITILLO,"0,0714285714",,,,,si,CUMPLE,"21/5/2024, 9:28:09",si,.,.,CUMPLE
LINEA DE ENVASADO DE TETRAPAK  LINEA 1,51956403,APLICADOR PITILLOS SA 30 SPEED  ,13349860,INSPECCION SEMANAL APLICA PITILLO SA-30,REVISION TRACCION PRINCIPAL,"0,0714285714",,,,,si,CUMPLE,"21/5/2024, 9:28:15",si,.,.,CUMPLE
LINEA DE ENVASADO DE TETRAPAK  LINEA 1,51956404,CBP 30 SPEED    ,13349808,INSPECCION SEMANAL ENCARTONADORA CBP 30,REVISION UNIDAD DE ALIMENTACION Y AGRUPADOR,"0,1111111111",,,,,si,CUMPLE,"21/5/2024, 9:28:32",si,.,.,CUMPLE
LINEA DE ENVASADO DE TETRAPAK  LINEA 1,51956404,CBP 30 SPEED    ,13349808,INSPECCION SEMANAL ENCARTONADORA CBP 30,REVISAR SISTEMA DE CONTROL Y POTENCIA,"0,1111111111",,,,,si,CUMPLE,"21/5/2024, 9:28:39",si,.,.,CUMPLE
LINEA DE ENVASADO DE TETRAPAK  LINEA 1,51956404,CBP 30 SPEED    ,13349808,INSPECCION SEMANAL ENCARTONADORA CBP 30,SISTEMA NEUMATICO,"0,1111111111",,,,,si,CUMPLE,"21/5/2024, 9:46:34",si,.,.,CUMPLE
LINEA DE ENVASADO DE TETRAPAK  LINEA 1,51956404,CBP 30 SPEED    ,13349808,INSPECCION SEMANAL ENCARTONADORA CBP 30,TRANSPORTADORES,"0,1111111111",,,,,si,CUMPLE,"21/5/2024, 9:46:47",si,.,.,CUMPLE
LINEA DE ENVASADO DE TETRAPAK  LINEA 1,51956404,CBP 30 SPEED    ,13349808,INSPECCION SEMANAL ENCARTONADORA CBP 30,UNIDAD NORDSON,"0,1111111111",,,,,si,Esta Pendiente mantenimiento por parte de  personal de nordson.,,si,MICHEL ANDRES HOYOS,Oscar Andres Soto Ocampo,https://storage.googleapis.com/glide-prod.appspot.com/uploads-v2/XTiktUWBffQVjI0Mqoj2/pub/cKhnd4dftfheFQXojsgK.jpg
LINEA DE ENVASADO DE TETRAPAK  LINEA 1,51956404,CBP 30 SPEED    ,13349808,INSPECCION SEMANAL ENCARTONADORA CBP 30,REVISION UNIDAD WRAP AROUND,"0,1111111111",,,,,si,CUMPLE,"21/5/2024, 9:51:16",si,.,.,CUMPLE
LINEA DE ENVASADO DE TETRAPAK  LINEA 1,51956404,CBP 30 SPEED    ,13349808,INSPECCION SEMANAL ENCARTONADORA CBP 30,SISTEMA DE LUBRICACION,"0,1111111111",,,,,si,CUMPLE,"21/5/2024, 9:51:23",si,.,.,CUMPLE
LINEA DE ENVASADO DE TETRAPAK  LINEA 1,51956404,CBP 30 SPEED    ,13349808,INSPECCION SEMANAL ENCARTONADORA CBP 30,ALMACEN DE CARTON,"0,1111111111",,,,,si,CUMPLE,"21/5/2024, 9:51:31",si,.,.,CUMPLE
LINEA DE ENVASADO DE TETRAPAK  LINEA 1,51956404,CBP 30 SPEED    ,13349808,INSPECCION SEMANAL ENCARTONADORA CBP 30,SISTEMA DE TRACCION,"0,1111111111",,,,,si,CUMPLE,"21/5/2024, 9:51:42",si,.,.,CUMPLE
EQUIPOS PARA PREPARACION JUGOS TETRAPAK,900010,PASTEURIZADOR ESTERIDRINK ,13349790,INSPECCIÓN SEMANAL STERIDRINK 900010,REVISION BOMBAS,"0,3333333333",,,,,,,,,,,
EQUIPOS PARA PREPARACION JUGOS TETRAPAK,900010,PASTEURIZADOR ESTERIDRINK ,13349790,INSPECCIÓN SEMANAL STERIDRINK 900010,REVISION VALVULAS DE CONTROL Y NEUMATICAS,"0,3333333333",,,,,,,,,,,
EQUIPOS PARA PREPARACION JUGOS TETRAPAK,900010,PASTEURIZADOR ESTERIDRINK ,13349790,INSPECCIÓN SEMANAL STERIDRINK 900010,REVISAR SISTEMA DE CONTROL Y POTENCIA,"0,3333333333",,,,,,,,,,,
LINEA DE ENVASADO DE TETRAPAK  LINEA 4,829867,ACUMULADOR HELIX  ,13349805,INSPECCION SEMANAL HELIX AHX 70,VERIFICAR CADENA DE ENTRADA,"0,1666666667",,,,,,,,,,,
LINEA DE ENVASADO DE TETRAPAK  LINEA 4,829867,ACUMULADOR HELIX  ,13349805,INSPECCION SEMANAL HELIX AHX 70,VERIFICAR CADENA DE SALIDA,"0,1666666667",,,,,,,,,,,
LINEA DE ENVASADO DE TETRAPAK  LINEA 4,829867,ACUMULADOR HELIX  ,13349805,INSPECCION SEMANAL HELIX AHX 70,ESTADO DE ARAÑA MECANICA,"0,1666666667",,,,,,,,,,,
LINEA DE ENVASADO DE TETRAPAK  LINEA 4,829867,ACUMULADOR HELIX  ,13349805,INSPECCION SEMANAL HELIX AHX 70,REVISAR SISTEMA NEUMATICO,"0,1666666667",,,,,,,,,,,
LINEA DE ENVASADO DE TETRAPAK  LINEA 4,829867,ACUMULADOR HELIX  ,13349805,INSPECCION SEMANAL HELIX AHX 70,REVISAR SISTEMA DE CONTROL Y POTENCIA,"0,1666666667",,,,,,,,,,,
LINEA DE ENVASADO DE TETRAPAK  LINEA 4,829867,ACUMULADOR HELIX  ,13349805,INSPECCION SEMANAL HELIX AHX 70,ESTADO DE LUBRICACION CENTRAL,"0,1666666667",,,,,,,,,,,
EQUIPOS PARA  ENVASADO JUGOS HIT,900037,DESEMPACADORA MAPER                ,13349846,INSPECCION SEMANAL DESEMPACADORA 900037,REVISAR ESTADO CABEZAL GENERAL,"0,3333333333",,,,,,,,,,,
EQUIPOS PARA  ENVASADO JUGOS HIT,900037,DESEMPACADORA MAPER                ,13349846,INSPECCION SEMANAL DESEMPACADORA 900037,REVISAR SISTEMA DE CONTROL Y POTENCIA,"0,3333333333",,,,,,,,,,,
EQUIPOS PARA  ENVASADO JUGOS HIT,900037,DESEMPACADORA MAPER                ,13349846,INSPECCION SEMANAL DESEMPACADORA 900037,REVISAR SISTEMA NEUMATICO,"0,3333333333",,,,,,,,,,,
EQUIPOS PARA  ENVASADO JUGOS HIT,900040,COOLER,13349834,INSPECCIÓN SEMANAL COOLER L5 900040,REVISAR SISTEMA DE CONTROL Y POTENCIA,"0,1",,,,,,,,,,,
EQUIPOS PARA  ENVASADO JUGOS HIT,900040,COOLER,13349834,INSPECCIÓN SEMANAL COOLER L5 900040,BANDA TRANSPORTADORA,"0,1",,,,,,,,,,,
EQUIPOS PARA  ENVASADO JUGOS HIT,900040,COOLER,13349834,INSPECCIÓN SEMANAL COOLER L5 900040,ESTADO EXTRACTORES Y DUCHAS,"0,1",,,,,,,,,,,
EQUIPOS PARA  ENVASADO JUGOS HIT,540008,EMPACADORA MAPER         ,13349833,INSPECCION SEMANAL EMPACADORA 540008,REVISAR ESTADO CABEZAL GENERAL,"0,3333333333",,,,,,,,,,,
EQUIPOS PARA  ENVASADO JUGOS HIT,540008,EMPACADORA MAPER         ,13349833,INSPECCION SEMANAL EMPACADORA 540008,REVISAR SISTEMA DE CONTROL Y POTENCIA,"0,3333333333",,,,,,,,,,,
EQUIPOS PARA  ENVASADO JUGOS HIT,540008,EMPACADORA MAPER         ,13349833,INSPECCION SEMANAL EMPACADORA 540008,REVISAR SISTEMA NEUMATICO,"0,3333333333",,,,,,,,,,,
EQUIPOS PARA  ENVASADO JUGOS HIT,50816601,SISTEMA I  ,13349835,INSPECCION SEMANAL SISTEMA I 50816601,REVISAR TABLERO ELECTRICO,"0,3333333333",,,,,,,,,,,
EQUIPOS PARA  ENVASADO JUGOS HIT,50816601,SISTEMA I  ,13349835,INSPECCION SEMANAL SISTEMA I 50816601,REVISION ESTADO INTERCAMBIADOR DE CALOR,"0,3333333333",,,,,,,,,,,
EQUIPOS PARA  ENVASADO JUGOS HIT,50816601,SISTEMA I  ,13349835,INSPECCION SEMANAL SISTEMA I 50816601,REVISION SISTEMA DE CONDENSADO Y VALVULAS,"0,3333333333",,,,,,,,,,,
0198-LINEA DE PRODUCCION 6 PET,669460,TORRE DE ENFRIAMIENTO 2 COOLER ,13349818,INSPECCIÓN SEMANAL TORRE ENFR #2 669460,Revisar ventiladores,"0,3333333333",,,,,,,,,,,
0198-LINEA DE PRODUCCION 6 PET,669460,TORRE DE ENFRIAMIENTO 2 COOLER ,13349818,INSPECCIÓN SEMANAL TORRE ENFR #2 669460,Revisar estructura y flautas,"0,3333333333",,,,,,,,,,,
0198-LINEA DE PRODUCCION 6 PET,669460,TORRE DE ENFRIAMIENTO 2 COOLER ,13349818,INSPECCIÓN SEMANAL TORRE ENFR #2 669460,Revisar bombas,"0,3333333333",,,,,,,,,,,
0198-LINEA DE PRODUCCION 6 PET,669459,TORRE DE ENFRIAMIENTO 1 PASTEURIZADOR ,13349817,INSPECCIÓN SEMANAL TORRE ENFR #1 669459,Revisar ventiladores,"0,3333333333",,,,,,,,,,,
0198-LINEA DE PRODUCCION 6 PET,669459,TORRE DE ENFRIAMIENTO 1 PASTEURIZADOR ,13349817,INSPECCIÓN SEMANAL TORRE ENFR #1 669459,Revisar estructura y flautas,"0,3333333333",,,,,,,,,,,
0198-LINEA DE PRODUCCION 6 PET,669459,TORRE DE ENFRIAMIENTO 1 PASTEURIZADOR ,13349817,INSPECCIÓN SEMANAL TORRE ENFR #1 669459,Revisar bombas,"0,3333333333",,,,,,,,,,,
0198-LINEA DE PRODUCCION 6 PET,710323,ENFARDADORA,13349820,INSPECCIÓN SEMANAL ENFARDADORA 710323,ESTADO GUIAS EN GENERAL,"0,3333333333",,,,,,,,,,,
0198-LINEA DE PRODUCCION 6 PET,710323,ENFARDADORA,13349820,INSPECCIÓN SEMANAL ENFARDADORA 710323,Revisar transportadores y rodillos,"0,3333333333",,,,,,,,,,,
0198-LINEA DE PRODUCCION 6 PET,710323,ENFARDADORA,13349820,INSPECCIÓN SEMANAL ENFARDADORA 710323,REVISAR SISTEMA DE CONTROL Y POTENCIA,"0,3333333333",,,,,,,,,,,
0198-LINEA DE PRODUCCION 6 PET,528963,COOLER,13349810,INSPECCIÓN SEMANAL COOLER L6 528963,REVISAR SISTEMA DE CONTROL Y POTENCIA,"0,6666666667",,,,,si,CUMPLE,"21/5/2024, 23:55:52",si,.,.,CUMPLE
0198-LINEA DE PRODUCCION 6 PET,528963,COOLER,13349810,INSPECCIÓN SEMANAL COOLER L6 528963,Revisar cadena,"0,6666666667",,,,,si,CUMPLE,"21/5/2024, 23:57:16",si,.,.,CUMPLE
0198-LINEA DE PRODUCCION 6 PET,528963,COOLER,13349810,INSPECCIÓN SEMANAL COOLER L6 528963,Revisar bombas y duchas,"0,6666666667",,,,,si,CUMPLE,"21/5/2024, 23:57:29",si,.,.,CUMPLE
0198-LINEA DE PRODUCCION 6 PET,51955702,ESTERILIZADOR DE TAPA ,13349823,INSPECCIÓN SEMANAL VOLTEADOR L6 51955702,Revisar chumaceras,"0,3333333333",,,,,,,,,,,
0198-LINEA DE PRODUCCION 6 PET,51955702,ESTERILIZADOR DE TAPA ,13349823,INSPECCIÓN SEMANAL VOLTEADOR L6 51955702,Revisar cadena y piñon,"0,3333333333",,,,,,,,,,,
0198-LINEA DE PRODUCCION 6 PET,51955702,ESTERILIZADOR DE TAPA ,13349823,INSPECCIÓN SEMANAL VOLTEADOR L6 51955702,REVISAR SISTEMA DE CONTROL Y POTENCIA,"0,3333333333",,,,,,,,,,,
0198-LINEA DE PRODUCCION 6 PET,519560,LLENADORA TRIBLOCK (RINSE-LLENADORA-CORONADOR) ,13349809,INSPECCIÓN SEMANAL LLENADORA L6 519560,Revisar intercambiador de calor,"0,0833333333",,,,,si,CUMPLE,"21/5/2024, 23:55:25",si,.,.,CUMPLE
0198-LINEA DE PRODUCCION 6 PET,519560,LLENADORA TRIBLOCK (RINSE-LLENADORA-CORONADOR) ,13349809,INSPECCIÓN SEMANAL LLENADORA L6 519560,Revisar bomba Rinse,"0,0833333333",,,,,si,CUMPLE,"21/5/2024, 23:55:35",si,.,.,CUMPLE
0198-LINEA DE PRODUCCION 6 PET,519560,LLENADORA TRIBLOCK (RINSE-LLENADORA-CORONADOR) ,13349809,INSPECCIÓN SEMANAL LLENADORA L6 519560,Revisar boquillas Rinse,"0,0833333333",,,,,si,CUMPLE,"21/5/2024, 23:55:29",si,.,.,CUMPLE
0198-LINEA DE PRODUCCION 6 PET,519560,LLENADORA TRIBLOCK (RINSE-LLENADORA-CORONADOR) ,13349809,INSPECCIÓN SEMANAL LLENADORA L6 519560,Revisar tanque abastecimiento de Aloe,"0,0833333333",,,,,si,CUMPLE,"21/5/2024, 23:55:39",si,.,.,CUMPLE
0198-LINEA DE PRODUCCION 6 PET,519560,LLENADORA TRIBLOCK (RINSE-LLENADORA-CORONADOR) ,13349809,INSPECCIÓN SEMANAL LLENADORA L6 519560,Revisar dosificador de Aloe,"0,0833333333",,,,,si,CUMPLE,"21/5/2024, 23:55:45",si,.,.,CUMPLE
0198-LINEA DE PRODUCCION 6 PET,519560,LLENADORA TRIBLOCK (RINSE-LLENADORA-CORONADOR) ,13349809,INSPECCIÓN SEMANAL LLENADORA L6 519560,Revisar válvulas y boquillas de llenado,"0,0833333333",,,,,si,CUMPLE,"21/5/2024, 23:56:21",si,.,.,CUMPLE
0198-LINEA DE PRODUCCION 6 PET,519560,LLENADORA TRIBLOCK (RINSE-LLENADORA-CORONADOR) ,13349809,INSPECCIÓN SEMANAL LLENADORA L6 519560,Revisar porta-botellas llenadora,"0,0833333333",,,,,si,CUMPLE,"21/5/2024, 23:56:26",si,.,.,CUMPLE
0198-LINEA DE PRODUCCION 6 PET,519560,LLENADORA TRIBLOCK (RINSE-LLENADORA-CORONADOR) ,13349809,INSPECCIÓN SEMANAL LLENADORA L6 519560,Revisar estrellas y transportador,"0,0833333333",,,,,si,CUMPLE,"21/5/2024, 23:55:57",si,.,.,CUMPLE
0198-LINEA DE PRODUCCION 6 PET,519560,LLENADORA TRIBLOCK (RINSE-LLENADORA-CORONADOR) ,13349809,INSPECCIÓN SEMANAL LLENADORA L6 519560,Revisar tanque de retorno,"0,0833333333",,,,,si,CUMPLE,"21/5/2024, 23:56:31",si,.,.,CUMPLE
0198-LINEA DE PRODUCCION 6 PET,519560,LLENADORA TRIBLOCK (RINSE-LLENADORA-CORONADOR) ,13349809,INSPECCIÓN SEMANAL LLENADORA L6 519560,REVISAR ROSCADORES,"0,0833333333",,,,,si,CUMPLE,"21/5/2024, 23:56:02",si,.,.,CUMPLE
0198-LINEA DE PRODUCCION 6 PET,519560,LLENADORA TRIBLOCK (RINSE-LLENADORA-CORONADOR) ,13349809,INSPECCIÓN SEMANAL LLENADORA L6 519560,Inspeccionar plato distribuidor de tapa,"0,0833333333",,,,,si,CUMPLE,"21/5/2024, 23:56:37",si,.,.,CUMPLE
0198-LINEA DE PRODUCCION 6 PET,519560,LLENADORA TRIBLOCK (RINSE-LLENADORA-CORONADOR) ,13349809,INSPECCIÓN SEMANAL LLENADORA L6 519560,"Revisar elevador, carrilera  y tolva de acumulación de tapa","0,0833333333",,,,,si,CUMPLE,"21/5/2024, 23:56:42",si,.,.,CUMPLE
0198-LINEA DE PRODUCCION 6 PET,820081,ETIQUETADORA,13349821,INSPECCIÓN SEMANAL ETIQUETADORA 820081,INSPECCION GENERAL SISTEMA MECANICO,"0,3333333333",,,,,,,,,,,
0198-LINEA DE PRODUCCION 6 PET,820081,ETIQUETADORA,13349821,INSPECCIÓN SEMANAL ETIQUETADORA 820081,Inspeccionar túnel de termo-encogido,"0,3333333333",,,,,,,,,,,
0198-LINEA DE PRODUCCION 6 PET,820081,ETIQUETADORA,13349821,INSPECCIÓN SEMANAL ETIQUETADORA 820081,REVISAR SISTEMA DE CONTROL Y POTENCIA,"0,3333333333",,,,,,,,,,,
0198-LINEA DE PRODUCCION 6 PET,599604,INSPECTOR FILTEC ,13342415,INSPECCIÓN SEMANAL FILTEC L6 599604,REVISAR CANALES DE RECHAZO,"0,1666666667",,,,,,,,,,,
0198-LINEA DE PRODUCCION 6 PET,599604,INSPECTOR FILTEC ,13342415,INSPECCIÓN SEMANAL FILTEC L6 599604,REVISAR SISTEMA NEUMATICO,"0,1666666667",,,,,,,,,,,
0198-LINEA DE PRODUCCION 6 PET,599604,INSPECTOR FILTEC ,13342415,INSPECCIÓN SEMANAL FILTEC L6 599604,REVISAR SISTEMA DE CONTROL Y POTENCIA,"0,1666666667",,,,,,,,,,,
EQUIPOS PARA PREPARACION JUGOS HIT,900042,SISTEMA A  (DUMPER) ,13349856,INSPECCION SEMANAL SISTEMA A,REVISAR BOMBA POSITIVA,"0,3333333333",,,,,si,CUMPLE,"21/5/2024, 10:01:29",si,.,.,CUMPLE
EQUIPOS PARA PREPARACION JUGOS HIT,900042,SISTEMA A  (DUMPER) ,13349856,INSPECCION SEMANAL SISTEMA A,REVISAR SISTEMA NEUMATICO,"0,3333333333",,,,,si,CUMPLE,"21/5/2024, 10:01:42",si,.,.,CUMPLE
EQUIPOS PARA PREPARACION JUGOS HIT,900042,SISTEMA A  (DUMPER) ,13349856,INSPECCION SEMANAL SISTEMA A,REVISAR SISTEMA DE CONTROL Y POTENCIA,"0,3333333333",,,,,si,CUMPLE,"21/5/2024, 10:01:50",si,.,.,CUMPLE
EQUIPOS PARA SERVICIOS INDUSTRIALES,709719,TANQUE DE SODA CAUSTICA,13349862,INSPECCION SEMANAL TANQUE DE SODA 709719,VERIFICACIÓN ESTADO DEL TANQUE,"0,3333333333",,,,,,,,,,,
EQUIPOS PARA SERVICIOS INDUSTRIALES,709719,TANQUE DE SODA CAUSTICA,13349862,INSPECCION SEMANAL TANQUE DE SODA 709719,VERIFICACIÓN  TUBERÍAS Y FUGAS,"0,3333333333",,,,,,,,,,,
EQUIPOS PARA SERVICIOS INDUSTRIALES,709719,TANQUE DE SODA CAUSTICA,13349862,INSPECCION SEMANAL TANQUE DE SODA 709719,VERIFICAR ESTADO DE BOMBAS,"0,3333333333",,,,,,,,,,,
EQUIPOS PARA PREPARACION JUGOS HIT,901017,TANQUE AGUA FRESCA TETRA PAK ,13349867,INSPECCION SEMANAL TANQUE AGUA FRESCA,Estado bomba y valvulas,"0,3333333333",,,,,si,CUMPLE,"21/5/2024, 12:11:28",si,.,.,CUMPLE
EQUIPOS PARA PREPARACION JUGOS HIT,901017,TANQUE AGUA FRESCA TETRA PAK ,13349867,INSPECCION SEMANAL TANQUE AGUA FRESCA,Sistema Neumático,"0,3333333333",,,,,si,CUMPLE,"21/5/2024, 10:02:22",si,.,.,CUMPLE
EQUIPOS PARA PREPARACION JUGOS HIT,901017,TANQUE AGUA FRESCA TETRA PAK ,13349867,INSPECCION SEMANAL TANQUE AGUA FRESCA,REVISAR SISTEMA DE CONTROL Y POTENCIA,"0,3333333333",,,,,si,CUMPLE,"21/5/2024, 12:17:35",si,.,.,CUMPLE
EQUIPOS PARA PREPARACION JUGOS HIT,901009,TANQUE PREPARACION #2,13349864,INSPECCION SEMANAL TANQUE MEZCLA #2 TP,REVISAR REDUCTOR Y AGITADOR,"0,3333333333",,,,,si,CUMPLE,"21/5/2024, 13:12:50",si,.,.,CUMPLE
EQUIPOS PARA PREPARACION JUGOS HIT,901009,TANQUE PREPARACION #2,13349864,INSPECCION SEMANAL TANQUE MEZCLA #2 TP,REVISAR MOTORES Y SISTEMA DE CONTROL,"0,3333333333",,,,,si,CUMPLE,"21/5/2024, 13:13:10",si,.,.,CUMPLE
EQUIPOS PARA PREPARACION JUGOS HIT,901009,TANQUE PREPARACION #2,13349864,INSPECCION SEMANAL TANQUE MEZCLA #2 TP,REVISAR SISTEMA NEUMATICO,"0,3333333333",,,,,,,,,,,
EQUIPOS PARA PREPARACION JUGOS HIT,901011,TANQUE PREPARACION #4,13349865,INSPECCION SEMANAL TANQUE MEZCLA 4 TP,REVISAR REDUCTOR Y AGITADOR,"0,3333333333",,,,,si,CUMPLE,"21/5/2024, 10:02:34",si,.,.,CUMPLE
EQUIPOS PARA PREPARACION JUGOS HIT,901011,TANQUE PREPARACION #4,13349865,INSPECCION SEMANAL TANQUE MEZCLA 4 TP,REVISAR MOTORES Y SISTEMA DE CONTROL,"0,3333333333",,,,,si,CUMPLE,"21/5/2024, 10:02:43",si,.,.,CUMPLE
EQUIPOS PARA PREPARACION JUGOS HIT,901011,TANQUE PREPARACION #4,13349865,INSPECCION SEMANAL TANQUE MEZCLA 4 TP,REVISAR SISTEMA NEUMATICO,"0,3333333333",,,,,si,CUMPLE,"21/5/2024, 10:02:48",si,.,.,CUMPLE
EQUIPOS PARA PREPARACION JUGOS HIT,901003,TOLVA / TORNILLO,13349870,INSPECCION SEMANAL TOLVA TORNILLO 901003,REVISAR SISTEMA NEUMATICO,"0,25",,,,,si,CUMPLE,"21/5/2024, 12:10:24",si,.,.,CUMPLE
EQUIPOS PARA PREPARACION JUGOS HIT,901005,TANQUE BUFFER JARABE SIMPLE,13349869,INSPECCION SEMANAL TANQUE BUFFER 901005,REVISAR MOTOR AGITADOR ,"0,3333333333",,,,,si,CUMPLE,"21/5/2024, 13:11:44",si,.,.,CUMPLE
EQUIPOS PARA PREPARACION JUGOS HIT,901005,TANQUE BUFFER JARABE SIMPLE,13349869,INSPECCION SEMANAL TANQUE BUFFER 901005,REVISAR SISTEMA NEUMATICO,"0,3333333333",,,,,,,,,,,
EQUIPOS PARA PREPARACION JUGOS HIT,901005,TANQUE BUFFER JARABE SIMPLE,13349869,INSPECCION SEMANAL TANQUE BUFFER 901005,REVISAR SISTEMA DE CONTROL Y POTENCIA,"0,3333333333",,,,,si,CUMPLE,"21/5/2024, 13:11:55",si,.,.,CUMPLE