Línea,Código Equipo,Equipo,Orden,Desc. Orden,Descripción,Completado,Observaciones,Fecha Programada,Duración,aprobacion programador,correo de programador,correo de planeador,imagen_observacion,revisado tiempo,revisado presupuesto,revisado repuestos,revisado repuestos programador
EQUIPOS DE SERVICIOS INDUSTRIALES,820167,Secador de Aire,13349280,Inspeccion semanal de secadora,REVISAR PRESIONES Y TEMPERATURA,si,CUMPLE,"10/5/2024, 1:10:29","0,375",si,.,.,CUMPLE,,,,
EQUIPOS DE SERVICIOS INDUSTRIALES,820167,Secador de Aire,13349280,Inspeccion semanal de secadora,REVISAR CAIDA PRESION FILTRO<10psi,si,CUMPLE,"10/5/2024, 1:10:55","0,375",si,.,.,CUMPLE,,,,
EQUIPOS DE SERVICIOS INDUSTRIALES,820167,Secador de Aire,13349280,Inspeccion semanal de secadora,REVISAR RUIDOS ANORMALES ,si,CUMPLE,"10/5/2024, 1:11:01","0,375",si,.,.,CUMPLE,si,si,si,si
EQUIPOS DE SERVICIOS INDUSTRIALES,820167,Secador de Aire,13349280,Inspeccion semanal de secadora,REVISAR VENTILADOR,si,CUMPLE,"10/5/2024, 1:11:06","0,375",si,.,.,CUMPLE,,,,
EQUIPOS DE SERVICIOS INDUSTRIALES,820167,Secador de Aire,13349280,Inspeccion semanal de secadora,VERIF. VALVULAS DE SEGURIDAD,si,CUMPLE,"10/5/2024, 1:11:12","0,375",si,.,.,CUMPLE,,,,
EQUIPOS DE SERVICIOS INDUSTRIALES,820167,Secador de Aire,13349280,Inspeccion semanal de secadora,ESTADO DE PINTURA,si,CUMPLE,"10/5/2024, 1:11:19","0,375",si,.,.,CUMPLE,,,,
EQUIPOS DE SERVICIOS INDUSTRIALES,820167,Secador de Aire,13349280,Inspeccion semanal de secadora,ESTADO DE ILUMINACION,si,CUMPLE,"10/5/2024, 1:11:25","0,375",si,.,.,CUMPLE,,,,
EQUIPOS DE SERVICIOS INDUSTRIALES,820167,Secador de Aire,13349280,Inspeccion semanal de secadora,INSP. TABLERO  ELECTRICO/CLIMATIZADOR,si,CUMPLE,"10/5/2024, 1:22:30","0,375",si,.,.,CUMPLE,,,,
EQUIPOS DE SERVICIOS INDUSTRIALES,649664,Compresor de aire 1,13349277,Inspeccion semanal compresor 1,REVISAR PRESIONES Y TEMPERATURA,si,CUMPLE,"10/5/2024, 1:11:39","0,2142857143",si,.,.,CUMPLE,,,,
EQUIPOS DE SERVICIOS INDUSTRIALES,649664,Compresor de aire 1,13349277,Inspeccion semanal compresor 1,REVISAR CAIDA PRESION FILTRO<10psi,si,CUMPLE,"10/5/2024, 1:11:45","0,2142857143",si,.,.,CUMPLE,,,,
EQUIPOS DE SERVICIOS INDUSTRIALES,649664,Compresor de aire 1,13349277,Inspeccion semanal compresor 1,REVISAR RUIDOS ANORMALES ,si,CUMPLE,"10/5/2024, 1:11:49","0,2142857143",si,.,.,CUMPLE,,,,
EQUIPOS DE SERVICIOS INDUSTRIALES,649664,Compresor de aire 1,13349277,Inspeccion semanal compresor 1,INSP FUGA ACEITE (10 GOTAS/MIN ES NORMAL),si,CUMPLE,"10/5/2024, 1:11:56","0,2142857143",si,.,.,CUMPLE,,,,
EQUIPOS DE SERVICIOS INDUSTRIALES,649664,Compresor de aire 1,13349277,Inspeccion semanal compresor 1,REVISAR NIVELES ACEITE,si,CUMPLE,"10/5/2024, 1:12:01","0,2142857143",si,.,.,CUMPLE,,,,
EQUIPOS DE SERVICIOS INDUSTRIALES,649664,Compresor de aire 1,13349277,Inspeccion semanal compresor 1,REVISAR TABLERO ELECTRICO,si,CUMPLE,"10/5/2024, 1:12:05","0,2142857143",si,.,.,CUMPLE,,,,
EQUIPOS DE SERVICIOS INDUSTRIALES,649664,Compresor de aire 1,13349277,Inspeccion semanal compresor 1,REVISAR NIVEL REFRIG TANQUE,si,CUMPLE,"10/5/2024, 2:17:12","0,2142857143",si,.,.,CUMPLE,,,,
EQUIPOS DE SERVICIOS INDUSTRIALES,649664,Compresor de aire 1,13349277,Inspeccion semanal compresor 1,INSP. ALINEACION ACOPLE,si,CUMPLE,"10/5/2024, 1:35:10","0,2142857143",si,.,.,CUMPLE,,,,
EQUIPOS DE SERVICIOS INDUSTRIALES,649664,Compresor de aire 1,13349277,Inspeccion semanal compresor 1,REV. CALIBRACION TRANSDUCTOR Y RTD,si,CUMPLE,"10/5/2024, 1:22:45","0,2142857143",si,.,.,CUMPLE,,,,
EQUIPOS DE SERVICIOS INDUSTRIALES,649664,Compresor de aire 1,13349277,Inspeccion semanal compresor 1,REVISION PRESION Y TEMPERATURA,si,CUMPLE,"10/5/2024, 1:12:31","0,2142857143",si,.,.,CUMPLE,,,,
EQUIPOS DE SERVICIOS INDUSTRIALES,649664,Compresor de aire 1,13349277,Inspeccion semanal compresor 1,VERIF. VALVULAS DE SEGURIDAD,si,CUMPLE,"10/5/2024, 1:12:36","0,2142857143",si,.,.,CUMPLE,,,,
EQUIPOS DE SERVICIOS INDUSTRIALES,649664,Compresor de aire 1,13349277,Inspeccion semanal compresor 1,ESTADO DEL TANQUE,si,CUMPLE,"10/5/2024, 1:34:49","0,2142857143",si,.,.,CUMPLE,,,,
EQUIPOS DE SERVICIOS INDUSTRIALES,649664,Compresor de aire 1,13349277,Inspeccion semanal compresor 1,ESTADO DE ILUMINACION,si,CUMPLE,"10/5/2024, 1:18:06","0,2142857143",si,.,.,CUMPLE,,,,
EQUIPOS DE SERVICIOS INDUSTRIALES,649664,Compresor de aire 1,13349277,Inspeccion semanal compresor 1,INSP. TABLERO  ELECTRICO/CLIMATIZADOR,si,CUMPLE,"10/5/2024, 23:04:59","0,2142857143",si,.,.,CUMPLE,,,,
EQUIPOS DE SERVICIOS INDUSTRIALES,649665,Compresor de aire 2,13349271,Inspeccion semanal compresor 2,REVISAR PRESIONES Y TEMPERATURA,si,CUMPLE,"10/5/2024, 1:18:19","0,2142857143",si,.,.,CUMPLE,,,,
EQUIPOS DE SERVICIOS INDUSTRIALES,649665,Compresor de aire 2,13349271,Inspeccion semanal compresor 2,REVISAR CAIDA PRESION FILTRO<10psi,si,CUMPLE,"10/5/2024, 1:18:25","0,2142857143",si,.,.,CUMPLE,,,,
EQUIPOS DE SERVICIOS INDUSTRIALES,649665,Compresor de aire 2,13349271,Inspeccion semanal compresor 2,REVISAR RUIDOS ANORMALES ,si,CUMPLE,"10/5/2024, 1:18:51","0,2142857143",si,.,.,CUMPLE,,,,
EQUIPOS DE SERVICIOS INDUSTRIALES,649665,Compresor de aire 2,13349271,Inspeccion semanal compresor 2,INSP FUGA ACEITE (10 GOTAS/MIN ES NORMAL),si,CUMPLE,"10/5/2024, 1:18:58","0,2142857143",si,.,.,CUMPLE,,,,
EQUIPOS DE SERVICIOS INDUSTRIALES,649665,Compresor de aire 2,13349271,Inspeccion semanal compresor 2,REVISAR NIVELES ACEITE,si,CUMPLE,"10/5/2024, 1:19:05","0,2142857143",si,.,.,CUMPLE,,,,
EQUIPOS DE SERVICIOS INDUSTRIALES,649665,Compresor de aire 2,13349271,Inspeccion semanal compresor 2,REVISAR TABLERO ELECTRICO,si,CUMPLE,"10/5/2024, 1:19:10","0,2142857143",si,.,.,CUMPLE,,,,
EQUIPOS DE SERVICIOS INDUSTRIALES,649665,Compresor de aire 2,13349271,Inspeccion semanal compresor 2,REVISAR NIVEL REFRIG TANQUE,si,CUMPLE,"10/5/2024, 2:17:25","0,2142857143",si,.,.,CUMPLE,,,,
EQUIPOS DE SERVICIOS INDUSTRIALES,649665,Compresor de aire 2,13349271,Inspeccion semanal compresor 2,INSP. ALINEACION ACOPLE,si,CUMPLE,"10/5/2024, 1:35:21","0,2142857143",si,.,.,CUMPLE,,,,
EQUIPOS DE SERVICIOS INDUSTRIALES,649665,Compresor de aire 2,13349271,Inspeccion semanal compresor 2,REV. CALIBRACION TRANSDUCTOR Y RTD,si,CUMPLE,"10/5/2024, 1:35:28","0,2142857143",si,.,.,CUMPLE,,,,
EQUIPOS DE SERVICIOS INDUSTRIALES,649665,Compresor de aire 2,13349271,Inspeccion semanal compresor 2,REVISION PRESION Y TEMPERATURA,si,CUMPLE,"10/5/2024, 1:20:51","0,2142857143",si,.,.,CUMPLE,,,,
EQUIPOS DE SERVICIOS INDUSTRIALES,649665,Compresor de aire 2,13349271,Inspeccion semanal compresor 2,VERIF. VALVULAS DE SEGURIDAD,si,CUMPLE,"10/5/2024, 1:20:56","0,2142857143",si,.,.,CUMPLE,,,,
EQUIPOS DE SERVICIOS INDUSTRIALES,649665,Compresor de aire 2,13349271,Inspeccion semanal compresor 2,ESTADO DEL TANQUE,si,CUMPLE,"10/5/2024, 1:35:35","0,2142857143",si,.,.,CUMPLE,,,,
EQUIPOS DE SERVICIOS INDUSTRIALES,649665,Compresor de aire 2,13349271,Inspeccion semanal compresor 2,ESTADO DE ILUMINACION,si,CUMPLE,"10/5/2024, 1:21:01","0,2142857143",si,.,.,CUMPLE,,,,
EQUIPOS DE SERVICIOS INDUSTRIALES,649665,Compresor de aire 2,13349271,Inspeccion semanal compresor 2,INSP. TABLERO  ELECTRICO/CLIMATIZADOR,si,CUMPLE,"10/5/2024, 2:17:33","0,2142857143",si,.,.,CUMPLE,,,,
EQUIPOS DE SERVICIOS INDUSTRIALES,709744,Tanque de agua de caldera,13349294,INSPECCION DE TK DE AGUA CALDERA,ESTADO TANQUES ,si,CUMPLE,"15/5/2024, 2:29:55",2,si,.,.,CUMPLE,si,si,si,si
TRATAMIENTO DE AGUA POTABLE,709749,Tanques de agua (piscinas),13349279,INSPECCION DE TK DE PISCINAS,INSTRUMENTOS MEDICION,,,,3,,,,,si,si,si,si
EQUIPOS DE SERVICIOS INDUSTRIALES,709741,Tanque de ACPM,13349293,INSPECCION SEMANAL TK ACPM,ESTADO TANQUES ,si,CUMPLE,"15/5/2024, 2:30:35","0,125",si,.,.,CUMPLE,si,si,si,si
EQUIPOS DE SERVICIOS INDUSTRIALES,709741,Tanque de ACPM,13349293,INSPECCION SEMANAL TK ACPM,VISORES NIVEL,si,CUMPLE,"15/5/2024, 2:30:56","0,125",si,.,.,CUMPLE,,,,
EQUIPOS DE SERVICIOS INDUSTRIALES,709741,Tanque de ACPM,13349293,INSPECCION SEMANAL TK ACPM,"FUNC. VALVULAS, TUBERIAS",si,CUMPLE,"15/5/2024, 2:31:17","0,125",si,.,.,CUMPLE,,,,
EQUIPOS DE SERVICIOS INDUSTRIALES,709741,Tanque de ACPM,13349293,INSPECCION SEMANAL TK ACPM,ESCAPE FLUIDOS ,si,CUMPLE,"15/5/2024, 2:31:38","0,125",si,.,.,CUMPLE,,,,
EQUIPOS DE SERVICIOS INDUSTRIALES,709741,Tanque de ACPM,13349293,INSPECCION SEMANAL TK ACPM,FUNC. MOTOBOM TANQUE,si,CUMPLE,"15/5/2024, 2:32:06","0,125",si,.,.,CUMPLE,,,,
EQUIPOS DE SERVICIOS INDUSTRIALES,709741,Tanque de ACPM,13349293,INSPECCION SEMANAL TK ACPM,INSTRUMENTOS MEDICION,si,CUMPLE,"15/5/2024, 2:32:21","0,125",si,.,.,CUMPLE,,,,
EQUIPOS DE SERVICIOS INDUSTRIALES,709741,Tanque de ACPM,13349293,INSPECCION SEMANAL TK ACPM,ESTADO GRAL PINTURA,si,CUMPLE,"15/5/2024, 2:32:45","0,125",si,.,.,CUMPLE,,,,
EQUIPOS DE SERVICIOS INDUSTRIALES,709741,Tanque de ACPM,13349293,INSPECCION SEMANAL TK ACPM,INSP SISTEMA ELECTRICO GRAL,si,CUMPLE,"15/5/2024, 2:32:56","0,125",si,.,.,CUMPLE,,,,
EQUIPOS DE SERVICIOS INDUSTRIALES,709740,Tanque de fuel oil,13349292,inspeccion semanal tk de fuel oil,ESTADO TANQUES ,si,CUMPLE,"15/5/2024, 2:35:59","0,375",si,.,.,CUMPLE,si,si,si,si
EQUIPOS DE SERVICIOS INDUSTRIALES,709740,Tanque de fuel oil,13349292,inspeccion semanal tk de fuel oil,VISORES NIVEL,si,CUMPLE,"15/5/2024, 2:36:11","0,375",si,.,.,CUMPLE,,,,
EQUIPOS DE SERVICIOS INDUSTRIALES,709740,Tanque de fuel oil,13349292,inspeccion semanal tk de fuel oil,"FUNC. VALVULAS, TUBERIAS",si,CUMPLE,"15/5/2024, 2:36:32","0,375",si,.,.,CUMPLE,,,,
EQUIPOS DE SERVICIOS INDUSTRIALES,709740,Tanque de fuel oil,13349292,inspeccion semanal tk de fuel oil,ESCAPE FLUIDOS ,si,CUMPLE,"15/5/2024, 2:36:42","0,375",si,.,.,CUMPLE,,,,
EQUIPOS DE SERVICIOS INDUSTRIALES,709740,Tanque de fuel oil,13349292,inspeccion semanal tk de fuel oil,FUNC. MOTOBOM TANQUE,si,CUMPLE,"15/5/2024, 2:36:58","0,375",si,.,.,CUMPLE,,,,
EQUIPOS DE SERVICIOS INDUSTRIALES,709740,Tanque de fuel oil,13349292,inspeccion semanal tk de fuel oil,INSTRUMENTOS MEDICION,si,CUMPLE,"15/5/2024, 2:37:11","0,375",si,.,.,CUMPLE,,,,
EQUIPOS DE SERVICIOS INDUSTRIALES,709740,Tanque de fuel oil,13349292,inspeccion semanal tk de fuel oil,ESTADO GRAL PINTURA,si,CUMPLE,"15/5/2024, 2:37:30","0,375",si,.,.,CUMPLE,,,,
EQUIPOS DE SERVICIOS INDUSTRIALES,709740,Tanque de fuel oil,13349292,inspeccion semanal tk de fuel oil,INSP SISTEMA ELECTRICO GRAL,si,CUMPLE,"15/5/2024, 2:37:41","0,375",si,.,.,CUMPLE,,,,
EQUIPOS DE SERVICIOS INDUSTRIALES,669463,Torre de Enfriamiento,13343558,Inspeccion de correas,VENTILADORES,si,CUMPLE,"14/5/2024, 8:58:16","0,125",si,.,.,CUMPLE,si,si,si,si
EQUIPOS DE SERVICIOS INDUSTRIALES,669463,Torre de Enfriamiento,13343558,Inspeccion de correas,MOTOBOMBAS,si,CUMPLE,"14/5/2024, 8:58:34","0,125",si,.,.,CUMPLE,,,,
EQUIPOS DE SERVICIOS INDUSTRIALES,669463,Torre de Enfriamiento,13343558,Inspeccion de correas,ESCAPES AGUA,si,CUMPLE,"14/5/2024, 8:58:39","0,125",si,.,.,CUMPLE,,,,
EQUIPOS DE SERVICIOS INDUSTRIALES,669463,Torre de Enfriamiento,13343558,Inspeccion de correas,ESTADO BOQUILLAS,si,CUMPLE,"14/5/2024, 8:58:48","0,125",si,.,.,CUMPLE,,,,
EQUIPOS DE SERVICIOS INDUSTRIALES,669463,Torre de Enfriamiento,13343558,Inspeccion de correas,ESTADO DEFLECTORES,si,CUMPLE,"14/5/2024, 8:59:00","0,125",si,.,.,CUMPLE,,,,
EQUIPOS DE SERVICIOS INDUSTRIALES,669463,Torre de Enfriamiento,13343558,Inspeccion de correas,"TUBERIAS, VALVULAS",si,CUMPLE,"14/5/2024, 8:59:07","0,125",si,.,.,CUMPLE,,,,
EQUIPOS DE SERVICIOS INDUSTRIALES,669463,Torre de Enfriamiento,13343558,Inspeccion de correas,ESTADO GRAL PINTURA,si,CUMPLE,"15/5/2024, 2:40:05","0,125",si,.,.,CUMPLE,,,,
EQUIPOS DE SERVICIOS INDUSTRIALES,669463,Torre de Enfriamiento,13343558,Inspeccion de correas,TABLEROS ELECTRICOS/CLIMATIZADOR,si,CUMPLE,"15/5/2024, 2:40:17","0,125",si,.,.,CUMPLE,,,,
EQUIPOS DE SERVICIOS INDUSTRIALES,659406,Caldera Fuel Oil,13349275,Inspeccion semanal caldera de fuel oil,INSPECCION DE ELEVADOR,si,CUMPLE,"16/5/2024, 3:21:12","0,2857142857",si,.,.,CUMPLE,si,si,si,si
EQUIPOS DE SERVICIOS INDUSTRIALES,659406,Caldera Fuel Oil,13349275,Inspeccion semanal caldera de fuel oil,INSTRUMENTOS MEDICION,si,CUMPLE,"16/5/2024, 3:21:33","0,2857142857",si,.,.,CUMPLE,,,,
EQUIPOS DE SERVICIOS INDUSTRIALES,659406,Caldera Fuel Oil,13349275,Inspeccion semanal caldera de fuel oil,"MOTOBOMBAS: AGUA, DOSIFICADOR",si,CUMPLE,"16/5/2024, 3:21:53","0,2857142857",si,.,.,CUMPLE,,,,
EQUIPOS DE SERVICIOS INDUSTRIALES,659406,Caldera Fuel Oil,13349275,Inspeccion semanal caldera de fuel oil,INSPECCION DE VENTILADOR,si,CUMPLE,"16/5/2024, 3:22:06","0,2857142857",si,.,.,CUMPLE,,,,
EQUIPOS DE SERVICIOS INDUSTRIALES,659406,Caldera Fuel Oil,13349275,Inspeccion semanal caldera de fuel oil,"ESCAPES FLUIDOS: GAS, VAPOR",si,CUMPLE,"16/5/2024, 3:22:43","0,2857142857",si,.,.,CUMPLE,,,,
EQUIPOS DE SERVICIOS INDUSTRIALES,659406,Caldera Fuel Oil,13349275,Inspeccion semanal caldera de fuel oil,"VALVULAS, ELECTROVALVULAS",si,CUMPLE,"16/5/2024, 3:22:56","0,2857142857",si,.,.,CUMPLE,,,,
EQUIPOS DE SERVICIOS INDUSTRIALES,659406,Caldera Fuel Oil,13349275,Inspeccion semanal caldera de fuel oil,"TUBERIAS, CHEQUES",si,CUMPLE,"16/5/2024, 3:23:17","0,2857142857",si,.,.,CUMPLE,,,,
EQUIPOS DE SERVICIOS INDUSTRIALES,659406,Caldera Fuel Oil,13349275,Inspeccion semanal caldera de fuel oil,VALVULAS DE SEGURIDAD,si,CUMPLE,"16/5/2024, 3:23:33","0,2857142857",si,.,.,CUMPLE,,,,
EQUIPOS DE SERVICIOS INDUSTRIALES,659406,Caldera Fuel Oil,13349275,Inspeccion semanal caldera de fuel oil,"ESTADO GRAL, PINTURA",si,CUMPLE,"16/5/2024, 3:23:56","0,2857142857",si,.,.,CUMPLE,,,,
EQUIPOS DE SERVICIOS INDUSTRIALES,659406,Caldera Fuel Oil,13349275,Inspeccion semanal caldera de fuel oil,VISOR Y MIRILLA,si,CUMPLE,"16/5/2024, 3:24:13","0,2857142857",si,.,.,CUMPLE,,,,
EQUIPOS DE SERVICIOS INDUSTRIALES,659406,Caldera Fuel Oil,13349275,Inspeccion semanal caldera de fuel oil,VALVULAS DE PURGA,si,CUMPLE,"16/5/2024, 3:24:36","0,2857142857",si,.,.,CUMPLE,,,,
EQUIPOS DE SERVICIOS INDUSTRIALES,659406,Caldera Fuel Oil,13349275,Inspeccion semanal caldera de fuel oil,VALVULA MODULADORA,si,CUMPLE,"16/5/2024, 3:24:58","0,2857142857",si,.,.,CUMPLE,,,,
EQUIPOS DE SERVICIOS INDUSTRIALES,659406,Caldera Fuel Oil,13349275,Inspeccion semanal caldera de fuel oil,VALVULAS REGULADORAS GAS,si,CUMPLE,"16/5/2024, 3:25:15","0,2857142857",si,.,.,CUMPLE,,,,
EQUIPOS DE SERVICIOS INDUSTRIALES,659406,Caldera Fuel Oil,13349275,Inspeccion semanal caldera de fuel oil,QUEMADOR,si,CUMPLE,"16/5/2024, 3:25:27","0,2857142857",si,.,.,CUMPLE,,,,
EQUIPOS DE SERVICIOS INDUSTRIALES,679368,Planta Electrica,13349273,Inspeccion semanal planta electrica,INSP FILTRO TRAMPA,si,CUMPLE,"16/5/2024, 3:28:56","0,1578947368",si,.,.,CUMPLE,si,si,si,si
EQUIPOS DE SERVICIOS INDUSTRIALES,679368,Planta Electrica,13349273,Inspeccion semanal planta electrica,INSP NIVEL ACEITE MOTOR,si,CUMPLE,"16/5/2024, 3:29:11","0,1578947368",si,.,.,CUMPLE,,,,
EQUIPOS DE SERVICIOS INDUSTRIALES,679368,Planta Electrica,13349273,Inspeccion semanal planta electrica,INSP. NIVEL REFRIGERANTE,si,CUMPLE,"16/5/2024, 3:22:24","0,1578947368",si,.,.,CUMPLE,,,,
EQUIPOS DE SERVICIOS INDUSTRIALES,679368,Planta Electrica,13349273,Inspeccion semanal planta electrica,INSP NIVEL COMBUSTIBLE,si,CUMPLE,"16/5/2024, 3:29:34","0,1578947368",si,.,.,CUMPLE,,,,
EQUIPOS DE SERVICIOS INDUSTRIALES,679368,Planta Electrica,13349273,Inspeccion semanal planta electrica,INSP. FUSIBLES CONTROLES Y ALTERNADOR,si,CUMPLE,"16/5/2024, 3:29:49","0,1578947368",si,.,.,CUMPLE,,,,
EQUIPOS DE SERVICIOS INDUSTRIALES,679368,Planta Electrica,13349273,Inspeccion semanal planta electrica,"INSP BATERIAS(ESTADO,CARGA)",si,CUMPLE,"16/5/2024, 3:30:03","0,1578947368",si,.,.,CUMPLE,,,,
EQUIPOS DE SERVICIOS INDUSTRIALES,679368,Planta Electrica,13349273,Inspeccion semanal planta electrica,INSP FILTRO AIRE,si,CUMPLE,"16/5/2024, 3:30:13","0,1578947368",si,.,.,CUMPLE,,,,
EQUIPOS DE SERVICIOS INDUSTRIALES,679368,Planta Electrica,13349273,Inspeccion semanal planta electrica,INSP LUGAR DESPEJADO (LIMPIO),si,CUMPLE,"16/5/2024, 3:30:36","0,1578947368",si,.,.,CUMPLE,,,,
EQUIPOS DE SERVICIOS INDUSTRIALES,679368,Planta Electrica,13349273,Inspeccion semanal planta electrica,INSP RUIDOS EXTRAÑOS,si,CUMPLE,"16/5/2024, 3:30:49","0,1578947368",si,.,.,CUMPLE,,,,
EQUIPOS DE SERVICIOS INDUSTRIALES,679368,Planta Electrica,13349273,Inspeccion semanal planta electrica,INSP CORREAS,si,CUMPLE,"16/5/2024, 3:31:13","0,1578947368",si,.,.,CUMPLE,,,,
EQUIPOS DE SERVICIOS INDUSTRIALES,679368,Planta Electrica,13349273,Inspeccion semanal planta electrica,INSP FUGA FLUIDOS,si,CUMPLE,"16/5/2024, 3:31:32","0,1578947368",si,.,.,CUMPLE,,,,
EQUIPOS DE SERVICIOS INDUSTRIALES,679368,Planta Electrica,13349273,Inspeccion semanal planta electrica,INSP TABLERO MONITOR,si,CUMPLE,"16/5/2024, 3:31:44","0,1578947368",si,.,.,CUMPLE,,,,
EQUIPOS DE SERVICIOS INDUSTRIALES,679368,Planta Electrica,13349273,Inspeccion semanal planta electrica,INSP TEMP DEVANADO GENERADOR,si,CUMPLE,"16/5/2024, 3:32:05","0,1578947368",si,.,.,CUMPLE,,,,
EQUIPOS DE SERVICIOS INDUSTRIALES,679368,Planta Electrica,13349273,Inspeccion semanal planta electrica,INSP CALENTADOR CAMISAS,si,CUMPLE,"16/5/2024, 3:32:22","0,1578947368",si,.,.,CUMPLE,,,,
EQUIPOS DE SERVICIOS INDUSTRIALES,679368,Planta Electrica,13349273,Inspeccion semanal planta electrica,"INS VOLTAJE,FRECUENCIA",si,CUMPLE,"16/5/2024, 3:32:38","0,1578947368",si,.,.,CUMPLE,,,,
EQUIPOS DE SERVICIOS INDUSTRIALES,679368,Planta Electrica,13349273,Inspeccion semanal planta electrica,COMPROBAR CONEXIONES MOTOR,si,CUMPLE,"16/5/2024, 3:32:59","0,1578947368",si,.,.,CUMPLE,,,,
EQUIPOS DE SERVICIOS INDUSTRIALES,679368,Planta Electrica,13349273,Inspeccion semanal planta electrica,INSP GENERADOR,si,CUMPLE,"16/5/2024, 3:33:12","0,1578947368",si,.,.,CUMPLE,,,,
EQUIPOS DE SERVICIOS INDUSTRIALES,679368,Planta Electrica,13349273,Inspeccion semanal planta electrica,INSP ALARMAS-FALLAS CONTROL,si,CUMPLE,"16/5/2024, 3:33:42","0,1578947368",si,.,.,CUMPLE,,,,
EQUIPOS DE SERVICIOS INDUSTRIALES,679368,Planta Electrica,13349273,Inspeccion semanal planta electrica,INSP. TABLERO  ELECTRICO/CLIMATIZADOR,si,CUMPLE,"16/5/2024, 3:33:51","0,1578947368",si,.,.,CUMPLE,,,,
TRATAMIENTO DE AGUA POTABLE,709698,Bombas de Agua,13349274,Inspeccion semanal bombas de agua,INSPECCION DE BOMBAS EXTERNAS,,,,"0,75",,,,,si,si,si,si
TRATAMIENTO DE AGUA POTABLE,709698,Bombas de Agua,13349274,Inspeccion semanal bombas de agua,RUIDOS ANORMALES,,,,"0,75",,,,,si,si,si,si
TRATAMIENTO DE AGUA POTABLE,709698,Bombas de Agua,13349274,Inspeccion semanal bombas de agua,ESTADO DE  SOPORTES,,,,"0,75",,,,,si,si,si,si
TRATAMIENTO DE AGUA POTABLE,709698,Bombas de Agua,13349274,Inspeccion semanal bombas de agua,VERIFICACION DE FUNCIONAMIENTO,,,,"0,75",,,,,si,si,si,si
LINEA DE ENVASADO EN CALIENTE,579101,Depaletizador,13349283,INSPECCION SEMANAL DEPALETIZADOR,INSP. TABLERO ELECTRICO/CLIMATIZADOR,si,,,"0,2142857143",si,,,,,,,
LINEA DE ENVASADO EN CALIENTE,579101,Depaletizador,13349283,INSPECCION SEMANAL DEPALETIZADOR,INSPECCION DE  SENSORES,si,,,"0,2142857143",si,,,,,,,
LINEA DE ENVASADO EN CALIENTE,579101,Depaletizador,13349283,INSPECCION SEMANAL DEPALETIZADOR,ESTADO BANDA TRANSPORTADORA,si,CUMPLE,"14/5/2024, 17:02:19","0,2142857143",si,.,.,CUMPLE,,,,
LINEA DE ENVASADO EN CALIENTE,579101,Depaletizador,13349283,INSPECCION SEMANAL DEPALETIZADOR,ESTADO DE GUIAS,si,CUMPLE,"14/5/2024, 17:02:40","0,2142857143",si,.,.,CUMPLE,,,,
LINEA DE ENVASADO EN CALIENTE,579101,Depaletizador,13349283,INSPECCION SEMANAL DEPALETIZADOR,FUNC. SISTEMA DE TRANSMISION,si,CUMPLE,"14/5/2024, 17:03:05","0,2142857143",si,.,.,CUMPLE,,,,
LINEA DE ENVASADO EN CALIENTE,579101,Depaletizador,13349283,INSPECCION SEMANAL DEPALETIZADOR,INSP. UNIDAD MTTO AIRE,si,CUMPLE,"14/5/2024, 17:03:21","0,2142857143",si,.,.,CUMPLE,,,,
LINEA DE ENVASADO EN CALIENTE,579101,Depaletizador,13349283,INSPECCION SEMANAL DEPALETIZADOR,VERIFICACION DE MANGUERAS,si,CUMPLE,"14/5/2024, 17:03:37","0,2142857143",si,.,.,CUMPLE,si,si,si,si
LINEA DE ENVASADO EN CALIENTE,579101,Depaletizador,13349283,INSPECCION SEMANAL DEPALETIZADOR,ESTADO CUERPO PRINCIPAL,si,CUMPLE,"14/5/2024, 17:03:57","0,2142857143",si,.,.,CUMPLE,,,,
LINEA DE ENVASADO EN CALIENTE,579101,Depaletizador,13349283,INSPECCION SEMANAL DEPALETIZADOR,VERIFICACION DE MOTOREDUCTORES,si,CUMPLE,"14/5/2024, 17:04:21","0,2142857143",si,.,.,CUMPLE,,,,
LINEA DE ENVASADO EN CALIENTE,579101,Depaletizador,13349283,INSPECCION SEMANAL DEPALETIZADOR,INSPECCION DE ESTADOI DE CADENAS ,si,CUMPLE,"14/5/2024, 17:05:00","0,2142857143",si,.,.,CUMPLE,,,,
LINEA DE ENVASADO EN CALIENTE,579101,Depaletizador,13349283,INSPECCION SEMANAL DEPALETIZADOR,INSPECCION DE PIÑONES ,si,CUMPLE,"14/5/2024, 17:05:13","0,2142857143",si,.,.,CUMPLE,,,,
LINEA DE ENVASADO EN CALIENTE,579101,Depaletizador,13349283,INSPECCION SEMANAL DEPALETIZADOR,FUNCIONAMIENTO DE ELEVADOR,si,CUMPLE,"14/5/2024, 17:05:23","0,2142857143",si,.,.,CUMPLE,,,,
LINEA DE ENVASADO EN CALIENTE,579101,Depaletizador,13349283,INSPECCION SEMANAL DEPALETIZADOR,FUNCIONAMIENTO DE BARREDOR,si,CUMPLE,"14/5/2024, 17:05:56","0,2142857143",si,.,.,CUMPLE,,,,
LINEA DE ENVASADO EN CALIENTE,579101,Depaletizador,13349283,INSPECCION SEMANAL DEPALETIZADOR,ESTADO DE PIÑONES MARTIN ,si,CUMPLE,"14/5/2024, 17:06:15","0,2142857143",si,.,.,CUMPLE,si,si,si,si
LINEA DE ENVASADO EN CALIENTE,719539,Llenadora,13349268,Inspeccion de rubber seal,INSP. UNIDAD DE MATTO AIRE,,,,"0,0666666667",,,,,,,,
LINEA DE ENVASADO EN CALIENTE,719539,Llenadora,13349268,Inspeccion de rubber seal,INSTRUMENTACION,,,,"0,0666666667",,,,,,,,
LINEA DE ENVASADO EN CALIENTE,719539,Llenadora,13349268,Inspeccion de rubber seal,ESCAPE DE FLUIDOS,,,,"0,0666666667",,,,,,,,
LINEA DE ENVASADO EN CALIENTE,719539,Llenadora,13349268,Inspeccion de rubber seal,ESTADO DE ESTRELLAS E/S,,,,"0,0666666667",,,,,,,,
LINEA DE ENVASADO EN CALIENTE,719539,Llenadora,13349268,Inspeccion de rubber seal,INSPECCION DE TABLERO ELECTRICO,,,,"0,0666666667",,,,,,,,
LINEA DE ENVASADO EN CALIENTE,719539,Llenadora,13349268,Inspeccion de rubber seal,INSP. TUBERIAS Y ACCESORIOS,,,,"0,0666666667",,,,,,,,
LINEA DE ENVASADO EN CALIENTE,719539,Llenadora,13349268,Inspeccion de rubber seal,INSP. SISTEMA NEUMATICO,,,,"0,0666666667",,,,,,,,
LINEA DE ENVASADO EN CALIENTE,719539,Llenadora,13349268,Inspeccion de rubber seal,INSPECCION VALVULAS DE LLENADO,,,,"0,0666666667",,,,,,,,
LINEA DE ENVASADO EN CALIENTE,719539,Llenadora,13349268,Inspeccion de rubber seal,INSP. FORMATOS MANEJO ENVASES,,,,"0,0666666667",,,,,,,,
LINEA DE ENVASADO EN CALIENTE,719539,Llenadora,13349268,Inspeccion de rubber seal,INSP. EQUIPOS ELECTRICOS,,,,"0,0666666667",,,,,,,,
LINEA DE ENVASADO EN CALIENTE,719539,Llenadora,13349268,Inspeccion de rubber seal,INSPECCION DE DUCHAS DE ENFRIAMIENTO,,,,"0,0666666667",,,,,,,,
LINEA DE ENVASADO EN CALIENTE,719539,Llenadora,13349268,Inspeccion de rubber seal,INSP. SISTEMA LUBRICACION,,,,"0,0666666667",,,,,,,,
LINEA DE ENVASADO EN CALIENTE,719539,Llenadora,13349268,Inspeccion de rubber seal,INSP. TRANSMISION PRINCIPAL,,,,"0,0666666667",,,,,,,,
LINEA DE ENVASADO EN CALIENTE,719539,Llenadora,13349268,Inspeccion de rubber seal,INSP. RUIDOS EXTRAÑOS,,,,"0,0666666667",,,,,,,,
LINEA DE ENVASADO EN CALIENTE,719539,Llenadora,13349268,Inspeccion de rubber seal,ESTADO MOTORES,,,,"0,0666666667",,,,,,,,
LINEA DE ENVASADO EN CALIENTE,739545,Esterilizador de tapa,13349291,INSPECCION SEMANAL ESTERILIZADOR,ESTADO BANDA TRANSPORTADORA,,,,"0,2727272727",,,,,,,,
LINEA DE ENVASADO EN CALIENTE,739545,Esterilizador de tapa,13349291,INSPECCION SEMANAL ESTERILIZADOR,INSP. SISTEMA DE TRANSMISION.,,,,"0,2727272727",,,,,si,si,si,si
LINEA DE ENVASADO EN CALIENTE,739545,Esterilizador de tapa,13349291,INSPECCION SEMANAL ESTERILIZADOR,ESTADO CUERPO PRINCIPAL,,,,"0,2727272727",,,,,,,,
LINEA DE ENVASADO EN CALIENTE,739545,Esterilizador de tapa,13349291,INSPECCION SEMANAL ESTERILIZADOR,INSP. MOTO REDUCTORES,,,,"0,2727272727",,,,,,,,
LINEA DE ENVASADO EN CALIENTE,739545,Esterilizador de tapa,13349291,INSPECCION SEMANAL ESTERILIZADOR,INSP. GUIAS EMPACK,,,,"0,2727272727",,,,,,,,
LINEA DE ENVASADO EN CALIENTE,739545,Esterilizador de tapa,13349291,INSPECCION SEMANAL ESTERILIZADOR,INSP. UNIDAD MATTO AIRE,,,,"0,2727272727",,,,,,,,
LINEA DE ENVASADO EN CALIENTE,739545,Esterilizador de tapa,13349291,INSPECCION SEMANAL ESTERILIZADOR,VERIFICACION SISTEMA ELECTRICO,,,,"0,2727272727",,,,,,,,
LINEA DE ENVASADO EN CALIENTE,739545,Esterilizador de tapa,13349291,INSPECCION SEMANAL ESTERILIZADOR,VERIFCACION DE CADENAS,,,,"0,2727272727",,,,,,,,
LINEA DE ENVASADO EN CALIENTE,739545,Esterilizador de tapa,13349291,INSPECCION SEMANAL ESTERILIZADOR,INSPECCION DE PORTAGRIPPERS,,,,"0,2727272727",,,,,,,,
LINEA DE ENVASADO EN CALIENTE,739545,Esterilizador de tapa,13349291,INSPECCION SEMANAL ESTERILIZADOR,FUCIONAMIENTO DE BARRERAS  SEGURIDAD,,,,"0,2727272727",,,,,,,,
LINEA DE ENVASADO EN CALIENTE,739545,Esterilizador de tapa,13349291,INSPECCION SEMANAL ESTERILIZADOR,INSPECCION DE GUIAS DE E/S,,,,"0,2727272727",,,,,,,,
LINEA DE ENVASADO EN CALIENTE,558090,Empacadora Zambelli,13276486,Inspeccion de mangueras de aluminio,INSP. CONJUNTO DE CORTE,si,CUMPLE,"15/5/2024, 16:57:07","0,1666666667",si,.,.,CUMPLE,si,si,si,si
LINEA DE ENVASADO EN CALIENTE,558090,Empacadora Zambelli,13276486,Inspeccion de mangueras de aluminio,FUNC. SIST. NEUMATICO(UNIDAD MTTO AIRE),si,CUMPLE,"15/5/2024, 16:58:08","0,1666666667",si,.,.,CUMPLE,si,si,si,si
LINEA DE ENVASADO EN CALIENTE,558090,Empacadora Zambelli,13276486,Inspeccion de mangueras de aluminio,INSPECCION DE FRENO,si,CUMPLE,"15/5/2024, 16:58:47","0,1666666667",si,.,.,CUMPLE,si,si,si,si
LINEA DE ENVASADO EN CALIENTE,558090,Empacadora Zambelli,13276486,Inspeccion de mangueras de aluminio,ESTADO DE SENSORES,si,CUMPLE,"15/5/2024, 16:59:01","0,1666666667",si,.,.,CUMPLE,si,si,si,si
LINEA DE ENVASADO EN CALIENTE,558090,Empacadora Zambelli,13276486,Inspeccion de mangueras de aluminio,ESTADO PUERTAS,si,CUMPLE,"15/5/2024, 16:59:22","0,1666666667",si,.,.,CUMPLE,si,si,si,si
LINEA DE ENVASADO EN CALIENTE,558090,Empacadora Zambelli,13276486,Inspeccion de mangueras de aluminio,INSPECCION DE TAPETES,si,CUMPLE,"15/5/2024, 16:59:51","0,1666666667",si,.,.,CUMPLE,si,si,si,si
LINEA DE ENVASADO EN CALIENTE,558090,Empacadora Zambelli,13276486,Inspeccion de mangueras de aluminio,INSPECCION DE CANALIZADOR DE BOTELLA,si,CUMPLE,"15/5/2024, 17:00:23","0,1666666667",si,.,.,CUMPLE,si,si,si,si
LINEA DE ENVASADO EN CALIENTE,558090,Empacadora Zambelli,13276486,Inspeccion de mangueras de aluminio,ESTADO DE MOTOR REDUCTORES,si,CUMPLE,"15/5/2024, 17:00:51","0,1666666667",si,.,.,CUMPLE,si,si,si,si
LINEA DE ENVASADO EN CALIENTE,558090,Empacadora Zambelli,13276486,Inspeccion de mangueras de aluminio,FUNCIONAMIENTO DE SERVOS,si,CUMPLE,"15/5/2024, 17:01:28","0,1666666667",si,.,.,CUMPLE,si,si,si,si
LINEA DE ENVASADO EN CALIENTE,558090,Empacadora Zambelli,13276486,Inspeccion de mangueras de aluminio,ESTADO DE TRANSPORTADORES,si,CUMPLE,"15/5/2024, 17:02:17","0,1666666667",si,.,.,CUMPLE,si,si,si,si
LINEA DE ENVASADO EN CALIENTE,558090,Empacadora Zambelli,13276486,Inspeccion de mangueras de aluminio,ESTADO CADENA DE TRANSMISION,si,CUMPLE,"15/5/2024, 17:01:48","0,1666666667",si,.,.,CUMPLE,si,si,si,si
LINEA DE ENVASADO EN CALIENTE,558090,Empacadora Zambelli,13276486,Inspeccion de mangueras de aluminio,ESTADO MANGUERAS SIST. VACIO,si,CUMPLE,"15/5/2024, 17:03:42","0,1666666667",si,.,.,CUMPLE,si,si,si,si
LINEA DE ENVASADO EN CALIENTE,558090,Empacadora Zambelli,13276486,Inspeccion de mangueras de aluminio,INSP. FILTRO BOMBA DE VACIO,,,,"0,1666666667",,,,,si,si,si,si
LINEA DE ENVASADO EN CALIENTE,558090,Empacadora Zambelli,13276486,Inspeccion de mangueras de aluminio,INSP. FUNCIONAMIENTO MANOMETROS,,,,"0,1666666667",,,,,si,si,si,si
LINEA DE ENVASADO EN CALIENTE,558090,Empacadora Zambelli,13276486,Inspeccion de mangueras de aluminio,INSPECCION DE HORNO,si,CUMPLE,"15/5/2024, 17:04:59","0,1666666667",si,.,.,CUMPLE,si,si,si,si
LINEA DE ENVASADO EN CALIENTE,558090,Empacadora Zambelli,13276486,Inspeccion de mangueras de aluminio,INSP. TABLERO ELECTRICO/CLIMATIZADOR,,,,"0,1666666667",,,,,si,si,si,si
LINEA DE ENVASADO EN CALIENTE,558090,Empacadora Zambelli,13276486,Inspeccion de mangueras de aluminio,INS. PSI ADECUADA AJUSTE DE CUCHILLAS,si,,,"0,1666666667",si,,,,si,si,si,si
LINEA DE ENVASADO EN CALIENTE,558090,Empacadora Zambelli,13276486,Inspeccion de mangueras de aluminio,INPECCION DE EXTRACTORES,,,,"0,1666666667",,,,,si,si,si,si
LINEA DE ENVASADO EN CALIENTE,709739,Desionizador,13349267,INSPECCION SEMANAL DEIONIZADOR,FUNCIONAMIENTO DE BOQUILLAS,,,,"0,4",,,,,,,,
LINEA DE ENVASADO EN CALIENTE,709739,Desionizador,13349267,INSPECCION SEMANAL DEIONIZADOR,FUCIONAMIENTO DE FUNTE,,,,"0,4",,,,,,,,
LINEA DE ENVASADO EN CALIENTE,709739,Desionizador,13349267,INSPECCION SEMANAL DEIONIZADOR,INSPECCION DE CABLES DE ALTA,,,,"0,4",,,,,,,,
LINEA DE ENVASADO EN CALIENTE,709739,Desionizador,13349267,INSPECCION SEMANAL DEIONIZADOR,INSPECCION DE UNIDAD DE MANTENIMIENTO,,,,"0,4",,,,,,,,
LINEA DE ENVASADO EN CALIENTE,709739,Desionizador,13349267,INSPECCION SEMANAL DEIONIZADOR,ESTADO DE MANGUERAS,,,,"0,4",,,,,si,si,si,si
LINEA DE ENVASADO EN CALIENTE,739517,Sellador de Foil 1,13349272,INSPECCION SEMANAL ENERCON,ESTADO DE TARJETAS,,,,"0,3333333333",,,,,si,si,si,si
LINEA DE ENVASADO EN CALIENTE,739517,Sellador de Foil 1,13349272,INSPECCION SEMANAL ENERCON,ESTADO DE BARRAS SELLADORAS,,,,"0,3333333333",,,,,si,si,si,si
LINEA DE ENVASADO EN CALIENTE,739517,Sellador de Foil 1,13349272,INSPECCION SEMANAL ENERCON,ESTADO DE VENTILADORES,,,,"0,3333333333",,,,,si,si,si,si
LINEA DE ENVASADO EN CALIENTE,739517,Sellador de Foil 1,13349272,INSPECCION SEMANAL ENERCON,INSPOECCION DE VOLTAJES,,,,"0,3333333333",,,,,si,si,si,si
LINEA DE ENVASADO EN CALIENTE,739517,Sellador de Foil 1,13349272,INSPECCION SEMANAL ENERCON,INSPECCION DE SENSOR,,,,"0,3333333333",,,,,si,si,si,si
LINEA DE ENVASADO EN CALIENTE,739517,Sellador de Foil 1,13349272,INSPECCION SEMANAL ENERCON,INSPECCION DE PANEL DE CONTROL,,,,"0,3333333333",,,,,si,si,si,si
LINEA DE ENVASADO EN CALIENTE,69963400,TANQUE MEZCLADOR ESENCIA,13349295,inspeccion semanal tk premix 1,Inspección semanal TANQUE MEZCLADOR ESENCIA,si,CUMPLE,"14/5/2024, 15:12:45",1,si,.,.,CUMPLE,,,,
LINEA DE ENVASADO EN CALIENTE,69963402,TANQUE MEZCLADOR ESENCIA,13349296,inspeccion semanal tk premix 2,Inspección semanal TANQUE MEZCLADOR ESENCIA,si,CUMPLE,"14/5/2024, 15:12:15",1,si,.,.,CUMPLE,,,,
LINEA DE ENVASADO EN CALIENTE,69963403,TANQUE MEZCLADOR ESENCIA,13349297,inspeccion semanal tk premix 3,Inspección semanal TANQUE MEZCLADOR ESENCIA,si,CUMPLE,"14/5/2024, 15:11:45",1,si,.,.,CUMPLE,si,si,si,si
EQUIPOS DE SERVICIOS INDUSTRIALES,669463,Torre de Enfriamiento,13343558,Inspeccion semanl torre de enfriamienti,VENTILADORES,si,CUMPLE,"15/5/2024, 11:28:13","0,375",si,.,.,CUMPLE,si,si,si,si
EQUIPOS DE SERVICIOS INDUSTRIALES,669463,Torre de Enfriamiento,13343558,Inspeccion semanl torre de enfriamienti,MOTOBOMBAS,si,CUMPLE,"15/5/2024, 11:28:20","0,375",si,.,.,CUMPLE,,,,
EQUIPOS DE SERVICIOS INDUSTRIALES,669463,Torre de Enfriamiento,13343558,Inspeccion semanl torre de enfriamienti,ESCAPES AGUA,si,CUMPLE,"15/5/2024, 11:28:28","0,375",si,.,.,CUMPLE,,,,
EQUIPOS DE SERVICIOS INDUSTRIALES,669463,Torre de Enfriamiento,13343558,Inspeccion semanl torre de enfriamienti,ESTADO BOQUILLAS,si,CUMPLE,"15/5/2024, 11:28:46","0,375",si,.,.,CUMPLE,si,si,si,si
EQUIPOS DE SERVICIOS INDUSTRIALES,669463,Torre de Enfriamiento,13343558,Inspeccion semanl torre de enfriamienti,ESTADO DEFLECTORES,si,CUMPLE,"15/5/2024, 11:28:51","0,375",si,.,.,CUMPLE,,,,
EQUIPOS DE SERVICIOS INDUSTRIALES,669463,Torre de Enfriamiento,13343558,Inspeccion semanl torre de enfriamienti,"TUBERIAS, VALVULAS",si,CUMPLE,"15/5/2024, 11:28:55","0,375",si,.,.,CUMPLE,,,,
EQUIPOS DE SERVICIOS INDUSTRIALES,669463,Torre de Enfriamiento,13343558,Inspeccion semanl torre de enfriamienti,ESTADO GRAL PINTURA,si,CUMPLE,"15/5/2024, 11:28:58","0,375",si,.,.,CUMPLE,,,,
EQUIPOS DE SERVICIOS INDUSTRIALES,669463,Torre de Enfriamiento,13343558,Inspeccion semanl torre de enfriamienti,TABLEROS ELECTRICOS/CLIMATIZADOR,si,CUMPLE,"15/5/2024, 11:29:03","0,375",si,.,.,CUMPLE,,,,
EQUIPOS DE SERVICIOS INDUSTRIALES,669463,Torre de Enfriamiento,13349278,Inspeccion semanl torre de enfriamienti,VENTILADORES,si,CUMPLE,"15/5/2024, 11:29:07","0,375",si,.,.,CUMPLE,,,,
EQUIPOS DE SERVICIOS INDUSTRIALES,669463,Torre de Enfriamiento,13349278,Inspeccion semanl torre de enfriamienti,MOTOBOMBAS,si,CUMPLE,"15/5/2024, 11:29:14","0,375",si,.,.,CUMPLE,,,,
EQUIPOS DE SERVICIOS INDUSTRIALES,669463,Torre de Enfriamiento,13349278,Inspeccion semanl torre de enfriamienti,ESCAPES AGUA,si,CUMPLE,"15/5/2024, 11:29:19","0,375",si,.,.,CUMPLE,,,,
EQUIPOS DE SERVICIOS INDUSTRIALES,669463,Torre de Enfriamiento,13349278,Inspeccion semanl torre de enfriamienti,ESTADO BOQUILLAS,si,CUMPLE,"15/5/2024, 11:29:25","0,375",si,.,.,CUMPLE,,,,
EQUIPOS DE SERVICIOS INDUSTRIALES,669463,Torre de Enfriamiento,13349278,Inspeccion semanl torre de enfriamienti,ESTADO DEFLECTORES,si,CUMPLE,"15/5/2024, 11:29:31","0,375",si,.,.,CUMPLE,,,,
EQUIPOS DE SERVICIOS INDUSTRIALES,669463,Torre de Enfriamiento,13349278,Inspeccion semanl torre de enfriamienti,"TUBERIAS, VALVULAS",si,CUMPLE,"15/5/2024, 11:29:34","0,375",si,.,.,CUMPLE,,,,
EQUIPOS DE SERVICIOS INDUSTRIALES,669463,Torre de Enfriamiento,13349278,Inspeccion semanl torre de enfriamienti,ESTADO GRAL PINTURA,si,CUMPLE,"15/5/2024, 11:29:38","0,375",si,.,.,CUMPLE,,,,
EQUIPOS DE SERVICIOS INDUSTRIALES,669463,Torre de Enfriamiento,13349278,Inspeccion semanl torre de enfriamienti,TABLEROS ELECTRICOS/CLIMATIZADOR,si,CUMPLE,"15/5/2024, 11:29:41","0,375",si,.,.,CUMPLE,,,,
LINEA DE ENVASADO EN CALIENTE,739545,Esterilizador de tapa,13349291,INSPECCION SEMANAL ESTERILIZADOR,INSPECCION DE PORTAGRIPPERS,,,,"0,2727272727",,,,,,,,
LINEA DE ENVASADO EN CALIENTE,739545,Esterilizador de tapa,13349291,INSPECCION SEMANAL ESTERILIZADOR,FUCIONAMIENTO DE BARRERAS  SEGURIDAD,,,,"0,2727272727",,,,,,,,
LINEA DE ENVASADO EN CALIENTE,739545,Esterilizador de tapa,13349291,INSPECCION SEMANAL ESTERILIZADOR,INSPECCION DE GUIAS DE E/S,,,,"0,2727272727",,,,,,,,
LINEA DE ENVASADO EN CALIENTE,820085,Etiquetadora  Krones,13350877,Inspeccion quincenal de hornos,INSP. CONJUNTO DE CORTE,,,,"0,2777777778",,,,,si,si,si,si
LINEA DE ENVASADO EN CALIENTE,820085,Etiquetadora  Krones,13350877,Inspeccion quincenal de hornos,FUNC. SIST. NEUMATICO(UNIDAD MTTO AIRE),,,,"0,2777777778",,,,,,,,
LINEA DE ENVASADO EN CALIENTE,820085,Etiquetadora  Krones,13350877,Inspeccion quincenal de hornos,INSPECCION DE BARANDILLAS Y PINZAS,,,,"0,2777777778",,,,,,,,
LINEA DE ENVASADO EN CALIENTE,820085,Etiquetadora  Krones,13350877,Inspeccion quincenal de hornos,FUNC. DE TULIPAS,,,,"0,2777777778",,,,,,,,
LINEA DE ENVASADO EN CALIENTE,820085,Etiquetadora  Krones,13350877,Inspeccion quincenal de hornos,ESTADO PUERTAS,,,,"0,2777777778",,,,,,,,
LINEA DE ENVASADO EN CALIENTE,820085,Etiquetadora  Krones,13350877,Inspeccion quincenal de hornos,FUNC. CILINDRO DE TRANSFERENCIA,,,,"0,2777777778",,,,,,,,
LINEA DE ENVASADO EN CALIENTE,820085,Etiquetadora  Krones,13350877,Inspeccion quincenal de hornos,FUNC. SISTEMA DE ALISADO,,,,"0,2777777778",,,,,,,,
LINEA DE ENVASADO EN CALIENTE,820085,Etiquetadora  Krones,13350877,Inspeccion quincenal de hornos,ESTADO  PORTULIPAS Y CORREA,,,,"0,2777777778",,,,,,,,
LINEA DE ENVASADO EN CALIENTE,820085,Etiquetadora  Krones,13350877,Inspeccion quincenal de hornos,ESTADO MOTORES,,,,"0,2777777778",,,,,,,,
LINEA DE ENVASADO EN CALIENTE,820085,Etiquetadora  Krones,13350877,Inspeccion quincenal de hornos,ESTADO CORREA DE TRANSMISION,,,,"0,2777777778",,,,,,,,
LINEA DE ENVASADO EN CALIENTE,820085,Etiquetadora  Krones,13350877,Inspeccion quincenal de hornos,ESTADO CADENA DE TRANSMISION,,,,"0,2777777778",,,,,,,,
LINEA DE ENVASADO EN CALIENTE,820085,Etiquetadora  Krones,13350877,Inspeccion quincenal de hornos,ESTADO MANGUERAS SIST. VACIO,,,,"0,2777777778",,,,,,,,
LINEA DE ENVASADO EN CALIENTE,820085,Etiquetadora  Krones,13350877,Inspeccion quincenal de hornos,INSP. FILTRO BOMBA DE VACIO,,,,"0,2777777778",,,,,,,,
LINEA DE ENVASADO EN CALIENTE,820085,Etiquetadora  Krones,13350877,Inspeccion quincenal de hornos,ESTADO ESTRELLA ENTRADA-SALIDA,,,,"0,2777777778",,,,,,,,
LINEA DE ENVASADO EN CALIENTE,820085,Etiquetadora  Krones,13350877,Inspeccion quincenal de hornos,ESTADO GUIAS ENTRADA-SALIDA,,,,"0,2777777778",,,,,,,,
LINEA DE ENVASADO EN CALIENTE,820085,Etiquetadora  Krones,13350877,Inspeccion quincenal de hornos,ESTADO TORNILLO SIN FIN,,,,"0,2777777778",,,,,,,,
LINEA DE ENVASADO EN CALIENTE,820085,Etiquetadora  Krones,13350877,Inspeccion quincenal de hornos,INSP. FUNCIONAMIENTO MANOMETROS,,,,"0,2777777778",,,,,,,,
LINEA DE ENVASADO EN CALIENTE,820085,Etiquetadora  Krones,13350877,Inspeccion quincenal de hornos,INSP. TABLERO ELECTRICO/CLIMATIZADOR,,,,"0,2777777778",,,,,si,si,si,si
LINEA DE ENVASADO EN CALIENTE,558090,Empacadora Zambelli,13276486,Inspeccion de mangueras de aluminio,INSP. CONJUNTO DE CORTE,,,,"0,1666666667",,,,,,,,
LINEA DE ENVASADO EN CALIENTE,558090,Empacadora Zambelli,13276486,Inspeccion de mangueras de aluminio,FUNC. SIST. NEUMATICO(UNIDAD MTTO AIRE),,,,"0,1666666667",,,,,,,,
LINEA DE ENVASADO EN CALIENTE,558090,Empacadora Zambelli,13276486,Inspeccion de mangueras de aluminio,INSPECCION DE FRENO,,,,"0,1666666667",,,,,,,,
LINEA DE ENVASADO EN CALIENTE,558090,Empacadora Zambelli,13276486,Inspeccion de mangueras de aluminio,ESTADO DE SENSORES,,,,"0,1666666667",,,,,,,,
LINEA DE ENVASADO EN CALIENTE,558090,Empacadora Zambelli,13276486,Inspeccion de mangueras de aluminio,ESTADO PUERTAS,,,,"0,1666666667",,,,,,,,
LINEA DE ENVASADO EN CALIENTE,558090,Empacadora Zambelli,13276486,Inspeccion de mangueras de aluminio,INSPECCION DE TAPETES,,,,"0,1666666667",,,,,,,,
LINEA DE ENVASADO EN CALIENTE,558090,Empacadora Zambelli,13276486,Inspeccion de mangueras de aluminio,INSPECCION DE CANALIZADOR DE BOTELLA,,,,"0,1666666667",,,,,,,,
LINEA DE ENVASADO EN CALIENTE,558090,Empacadora Zambelli,13276486,Inspeccion de mangueras de aluminio,ESTADO DE MOTOR REDUCTORES,,,,"0,1666666667",,,,,,,,
LINEA DE ENVASADO EN CALIENTE,558090,Empacadora Zambelli,13276486,Inspeccion de mangueras de aluminio,FUNCIONAMIENTO DE SERVOS,,,,"0,1666666667",,,,,,,,
LINEA DE ENVASADO EN CALIENTE,558090,Empacadora Zambelli,13276486,Inspeccion de mangueras de aluminio,ESTADO DE TRANSPORTADORES,,,,"0,1666666667",,,,,,,,
LINEA DE ENVASADO EN CALIENTE,558090,Empacadora Zambelli,13276486,Inspeccion de mangueras de aluminio,ESTADO CADENA DE TRANSMISION,,,,"0,1666666667",,,,,,,,
LINEA DE ENVASADO EN CALIENTE,558090,Empacadora Zambelli,13276486,Inspeccion de mangueras de aluminio,ESTADO MANGUERAS SIST. VACIO,,,,"0,1666666667",,,,,,,,
LINEA DE ENVASADO EN CALIENTE,558090,Empacadora Zambelli,13276486,Inspeccion de mangueras de aluminio,INSP. FILTRO BOMBA DE VACIO,,,,"0,1666666667",,,,,,,,
LINEA DE ENVASADO EN CALIENTE,558090,Empacadora Zambelli,13276486,Inspeccion de mangueras de aluminio,INSP. FUNCIONAMIENTO MANOMETROS,,,,"0,1666666667",,,,,,,,
LINEA DE ENVASADO EN CALIENTE,558090,Empacadora Zambelli,13276486,Inspeccion de mangueras de aluminio,INSPECCION DE HORNO,,,,"0,1666666667",,,,,,,,
LINEA DE ENVASADO EN CALIENTE,558090,Empacadora Zambelli,13276486,Inspeccion de mangueras de aluminio,INSP. TABLERO ELECTRICO/CLIMATIZADOR,,,,"0,1666666667",,,,,,,,
LINEA DE ENVASADO EN CALIENTE,558090,Empacadora Zambelli,13276486,Inspeccion de mangueras de aluminio,INS. PSI ADECUADA AJUSTE DE CUCHILLAS,,,,"0,1666666667",,,,,,,,
LINEA DE ENVASADO EN CALIENTE,558090,Empacadora Zambelli,13276486,Inspeccion de mangueras de aluminio,INPECCION DE EXTRACTORES,,,,"0,1666666667",,,,,,,,
LINEA DE ENVASADO EN CALIENTE,739517,Sellador de Foil 1,13349272,INSPECCION SEMANAL ENERCON,ESTADO DE TARJETAS,,,,"0,3333333333",,,,,,,,
LINEA DE ENVASADO EN CALIENTE,739517,Sellador de Foil 1,13349272,INSPECCION SEMANAL ENERCON,ESTADO DE BARRAS SELLADORAS,,,,"0,3333333333",,,,,,,,
LINEA DE ENVASADO EN CALIENTE,739517,Sellador de Foil 1,13349272,INSPECCION SEMANAL ENERCON,ESTADO DE VENTILADORES,,,,"0,3333333333",,,,,,,,
LINEA DE ENVASADO EN CALIENTE,739517,Sellador de Foil 1,13349272,INSPECCION SEMANAL ENERCON,INSPOECCION DE VOLTAJES,,,,"0,3333333333",,,,,,,,
LINEA DE ENVASADO EN CALIENTE,739517,Sellador de Foil 1,13349272,INSPECCION SEMANAL ENERCON,INSPECCION DE SENSOR,,,,"0,3333333333",,,,,,,,
LINEA DE ENVASADO EN CALIENTE,739517,Sellador de Foil 1,13349272,INSPECCION SEMANAL ENERCON,INSPECCION DE PANEL DE CONTROL,,,,"0,3333333333",,,,,,,,
EQUIPOS DE SERVICIOS INDUSTRIALES,709744,Tanque de agua de caldera,13350880,INSPECCION DE TK DE AGUA CALDERA,ESTADO TANQUES ,si,CUMPLE,"15/5/2024, 2:30:15",2,si,.,.,CUMPLE,,,,
EQUIPOS DE SERVICIOS INDUSTRIALES,709741,Tanque de ACPM,13350879,INSPECCION SEMANAL TK ACPM,ESTADO TANQUES ,si,CUMPLE,"15/5/2024, 2:33:20","0,125",si,.,.,CUMPLE,,,,
EQUIPOS DE SERVICIOS INDUSTRIALES,709741,Tanque de ACPM,13350879,INSPECCION SEMANAL TK ACPM,VISORES NIVEL,si,CUMPLE,"15/5/2024, 2:33:35","0,125",si,.,.,CUMPLE,,,,
EQUIPOS DE SERVICIOS INDUSTRIALES,709741,Tanque de ACPM,13350879,INSPECCION SEMANAL TK ACPM,"FUNC. VALVULAS, TUBERIAS",si,CUMPLE,"15/5/2024, 2:33:57","0,125",si,.,.,CUMPLE,,,,
EQUIPOS DE SERVICIOS INDUSTRIALES,709741,Tanque de ACPM,13350879,INSPECCION SEMANAL TK ACPM,ESCAPE FLUIDOS ,si,CUMPLE,"15/5/2024, 2:34:10","0,125",si,.,.,CUMPLE,,,,
EQUIPOS DE SERVICIOS INDUSTRIALES,709741,Tanque de ACPM,13350879,INSPECCION SEMANAL TK ACPM,FUNC. MOTOBOM TANQUE,si,CUMPLE,"15/5/2024, 2:34:35","0,125",si,.,.,CUMPLE,,,,
EQUIPOS DE SERVICIOS INDUSTRIALES,709741,Tanque de ACPM,13350879,INSPECCION SEMANAL TK ACPM,INSTRUMENTOS MEDICION,si,CUMPLE,"15/5/2024, 2:34:46","0,125",si,.,.,CUMPLE,,,,
EQUIPOS DE SERVICIOS INDUSTRIALES,709741,Tanque de ACPM,13350879,INSPECCION SEMANAL TK ACPM,ESTADO GRAL PINTURA,si,CUMPLE,"15/5/2024, 2:35:07","0,125",si,.,.,CUMPLE,,,,
EQUIPOS DE SERVICIOS INDUSTRIALES,709741,Tanque de ACPM,13350879,INSPECCION SEMANAL TK ACPM,INSP SISTEMA ELECTRICO GRAL,si,CUMPLE,"15/5/2024, 2:35:18","0,125",si,.,.,CUMPLE,,,,
EQUIPOS DE SERVICIOS INDUSTRIALES,709740,Tanque de fuel oil,13350878,inspeccion semanal tk de fuel oil,ESTADO TANQUES ,si,CUMPLE,"15/5/2024, 2:37:59","0,375",si,.,.,CUMPLE,,,,
EQUIPOS DE SERVICIOS INDUSTRIALES,709740,Tanque de fuel oil,13350878,inspeccion semanal tk de fuel oil,VISORES NIVEL,si,CUMPLE,"15/5/2024, 2:38:11","0,375",si,.,.,CUMPLE,,,,
EQUIPOS DE SERVICIOS INDUSTRIALES,709740,Tanque de fuel oil,13350878,inspeccion semanal tk de fuel oil,"FUNC. VALVULAS, TUBERIAS",si,CUMPLE,"15/5/2024, 2:38:27","0,375",si,.,.,CUMPLE,,,,
EQUIPOS DE SERVICIOS INDUSTRIALES,709740,Tanque de fuel oil,13350878,inspeccion semanal tk de fuel oil,ESCAPE FLUIDOS ,si,CUMPLE,"15/5/2024, 2:38:37","0,375",si,.,.,CUMPLE,,,,
EQUIPOS DE SERVICIOS INDUSTRIALES,709740,Tanque de fuel oil,13350878,inspeccion semanal tk de fuel oil,FUNC. MOTOBOM TANQUE,si,CUMPLE,"15/5/2024, 2:38:57","0,375",si,.,.,CUMPLE,,,,
EQUIPOS DE SERVICIOS INDUSTRIALES,709740,Tanque de fuel oil,13350878,inspeccion semanal tk de fuel oil,INSTRUMENTOS MEDICION,si,CUMPLE,"15/5/2024, 2:39:08","0,375",si,.,.,CUMPLE,,,,
EQUIPOS DE SERVICIOS INDUSTRIALES,709740,Tanque de fuel oil,13350878,inspeccion semanal tk de fuel oil,ESTADO GRAL PINTURA,si,CUMPLE,"15/5/2024, 2:39:28","0,375",si,.,.,CUMPLE,,,,
EQUIPOS DE SERVICIOS INDUSTRIALES,709740,Tanque de fuel oil,13350878,inspeccion semanal tk de fuel oil,INSP SISTEMA ELECTRICO GRAL,si,CUMPLE,"15/5/2024, 2:39:39","0,375",si,.,.,CUMPLE,,,,
EQUIPOS DE SERVICIOS INDUSTRIALES,679368,Planta Electrica,13350875,Inspeccion semanal planta electrica,INSP FILTRO TRAMPA,si,CUMPLE,"16/5/2024, 3:34:14","0,1578947368",si,.,.,CUMPLE,,,,
EQUIPOS DE SERVICIOS INDUSTRIALES,679368,Planta Electrica,13350875,Inspeccion semanal planta electrica,INSP NIVEL ACEITE MOTOR,si,CUMPLE,"16/5/2024, 3:34:24","0,1578947368",si,.,.,CUMPLE,,,,
EQUIPOS DE SERVICIOS INDUSTRIALES,679368,Planta Electrica,13350875,Inspeccion semanal planta electrica,INSP. NIVEL REFRIGERANTE,si,CUMPLE,"16/5/2024, 3:34:44","0,1578947368",si,.,.,CUMPLE,,,,
EQUIPOS DE SERVICIOS INDUSTRIALES,679368,Planta Electrica,13350875,Inspeccion semanal planta electrica,INSP NIVEL COMBUSTIBLE,si,CUMPLE,"16/5/2024, 3:34:57","0,1578947368",si,.,.,CUMPLE,,,,
EQUIPOS DE SERVICIOS INDUSTRIALES,679368,Planta Electrica,13350875,Inspeccion semanal planta electrica,INSP. FUSIBLES CONTROLES Y ALTERNADOR,si,CUMPLE,"16/5/2024, 3:35:14","0,1578947368",si,.,.,CUMPLE,,,,
EQUIPOS DE SERVICIOS INDUSTRIALES,679368,Planta Electrica,13350875,Inspeccion semanal planta electrica,"INSP BATERIAS(ESTADO,CARGA)",,,,"0,1578947368",,,,,,,,
EQUIPOS DE SERVICIOS INDUSTRIALES,679368,Planta Electrica,13350875,Inspeccion semanal planta electrica,INSP FILTRO AIRE,,,,"0,1578947368",,,,,,,,
EQUIPOS DE SERVICIOS INDUSTRIALES,679368,Planta Electrica,13350875,Inspeccion semanal planta electrica,INSP LUGAR DESPEJADO (LIMPIO),,,,"0,1578947368",,,,,,,,
EQUIPOS DE SERVICIOS INDUSTRIALES,679368,Planta Electrica,13350875,Inspeccion semanal planta electrica,INSP RUIDOS EXTRAÑOS,,,,"0,1578947368",,,,,,,,
EQUIPOS DE SERVICIOS INDUSTRIALES,679368,Planta Electrica,13350875,Inspeccion semanal planta electrica,INSP CORREAS,,,,"0,1578947368",,,,,,,,
EQUIPOS DE SERVICIOS INDUSTRIALES,679368,Planta Electrica,13350875,Inspeccion semanal planta electrica,INSP FUGA FLUIDOS,,,,"0,1578947368",,,,,,,,
EQUIPOS DE SERVICIOS INDUSTRIALES,679368,Planta Electrica,13350875,Inspeccion semanal planta electrica,INSP TABLERO MONITOR,,,,"0,1578947368",,,,,,,,
EQUIPOS DE SERVICIOS INDUSTRIALES,679368,Planta Electrica,13350875,Inspeccion semanal planta electrica,INSP TEMP DEVANADO GENERADOR,,,,"0,1578947368",,,,,,,,
EQUIPOS DE SERVICIOS INDUSTRIALES,679368,Planta Electrica,13350875,Inspeccion semanal planta electrica,INSP CALENTADOR CAMISAS,,,,"0,1578947368",,,,,,,,
EQUIPOS DE SERVICIOS INDUSTRIALES,679368,Planta Electrica,13350875,Inspeccion semanal planta electrica,"INS VOLTAJE,FRECUENCIA",,,,"0,1578947368",,,,,,,,
EQUIPOS DE SERVICIOS INDUSTRIALES,679368,Planta Electrica,13350875,Inspeccion semanal planta electrica,COMPROBAR CONEXIONES MOTOR,,,,"0,1578947368",,,,,,,,
EQUIPOS DE SERVICIOS INDUSTRIALES,679368,Planta Electrica,13350875,Inspeccion semanal planta electrica,INSP GENERADOR,,,,"0,1578947368",,,,,,,,
EQUIPOS DE SERVICIOS INDUSTRIALES,679368,Planta Electrica,13350875,Inspeccion semanal planta electrica,INSP ALARMAS-FALLAS CONTROL,,,,"0,1578947368",,,,,,,,
EQUIPOS DE SERVICIOS INDUSTRIALES,679368,Planta Electrica,13350875,Inspeccion semanal planta electrica,INSP. TABLERO  ELECTRICO/CLIMATIZADOR,,,,"0,1578947368",,,,,,,,
EQUIPOS DE SERVICIOS INDUSTRIALES,669463,Torre de Enfriamiento,13350876,Inspeccion semanl torre de enfriamienti,VENTILADORES,si,CUMPLE,"15/5/2024, 11:29:44","0,375",si,.,.,CUMPLE,,,,
EQUIPOS DE SERVICIOS INDUSTRIALES,669463,Torre de Enfriamiento,13350876,Inspeccion semanl torre de enfriamienti,MOTOBOMBAS,si,CUMPLE,"15/5/2024, 11:29:47","0,375",si,.,.,CUMPLE,,,,
EQUIPOS DE SERVICIOS INDUSTRIALES,669463,Torre de Enfriamiento,13350876,Inspeccion semanl torre de enfriamienti,ESCAPES AGUA,si,CUMPLE,"15/5/2024, 11:29:50","0,375",si,.,.,CUMPLE,,,,
EQUIPOS DE SERVICIOS INDUSTRIALES,669463,Torre de Enfriamiento,13350876,Inspeccion semanl torre de enfriamienti,ESTADO BOQUILLAS,si,CUMPLE,"15/5/2024, 11:30:00","0,375",si,.,.,CUMPLE,,,,
EQUIPOS DE SERVICIOS INDUSTRIALES,669463,Torre de Enfriamiento,13350876,Inspeccion semanl torre de enfriamienti,ESTADO DEFLECTORES,si,CUMPLE,"15/5/2024, 11:30:04","0,375",si,.,.,CUMPLE,,,,
EQUIPOS DE SERVICIOS INDUSTRIALES,669463,Torre de Enfriamiento,13350876,Inspeccion semanl torre de enfriamienti,"TUBERIAS, VALVULAS",si,CUMPLE,"15/5/2024, 11:30:07","0,375",si,.,.,CUMPLE,,,,
EQUIPOS DE SERVICIOS INDUSTRIALES,669463,Torre de Enfriamiento,13350876,Inspeccion semanl torre de enfriamienti,ESTADO GRAL PINTURA,si,CUMPLE,"15/5/2024, 11:28:41","0,375",si,.,.,CUMPLE,,,,
EQUIPOS DE SERVICIOS INDUSTRIALES,669463,Torre de Enfriamiento,13350876,Inspeccion semanl torre de enfriamienti,TABLEROS ELECTRICOS/CLIMATIZADOR,si,CUMPLE,"15/5/2024, 11:28:38","0,375",si,.,.,CUMPLE,,,,
EQUIPOS DE SERVICIOS INDUSTRIALES,649664,Compresor de aire 1,13349277,Inspeccion semanal compresor 1,REVISAR PRESIONES Y TEMPERATURA,si,CUMPLE,"15/5/2024, 15:03:56","0,2142857143",si,.,.,CUMPLE,,,,
EQUIPOS DE SERVICIOS INDUSTRIALES,649664,Compresor de aire 1,13349277,Inspeccion semanal compresor 1,REVISAR CAIDA PRESION FILTRO<10psi,si,CUMPLE,"15/5/2024, 15:04:10","0,2142857143",si,.,.,CUMPLE,,,,
EQUIPOS DE SERVICIOS INDUSTRIALES,649664,Compresor de aire 1,13349277,Inspeccion semanal compresor 1,REVISAR RUIDOS ANORMALES ,si,CUMPLE,"15/5/2024, 15:18:46","0,2142857143",si,.,.,CUMPLE,,,,
EQUIPOS DE SERVICIOS INDUSTRIALES,649664,Compresor de aire 1,13349277,Inspeccion semanal compresor 1,INSP FUGA ACEITE (10 GOTAS/MIN ES NORMAL),si,CUMPLE,"15/5/2024, 15:18:55","0,2142857143",si,.,.,CUMPLE,,,,
EQUIPOS DE SERVICIOS INDUSTRIALES,649664,Compresor de aire 1,13349277,Inspeccion semanal compresor 1,REVISAR NIVELES ACEITE,si,CUMPLE,"15/5/2024, 15:19:00","0,2142857143",si,.,.,CUMPLE,,,,
EQUIPOS DE SERVICIOS INDUSTRIALES,649664,Compresor de aire 1,13349277,Inspeccion semanal compresor 1,REVISAR TABLERO ELECTRICO,si,CUMPLE,"15/5/2024, 15:19:11","0,2142857143",si,.,.,CUMPLE,,,,
EQUIPOS DE SERVICIOS INDUSTRIALES,649664,Compresor de aire 1,13349277,Inspeccion semanal compresor 1,REVISAR NIVEL REFRIG TANQUE,si,CUMPLE,"15/5/2024, 15:19:23","0,2142857143",si,.,.,CUMPLE,,,,
EQUIPOS DE SERVICIOS INDUSTRIALES,649664,Compresor de aire 1,13349277,Inspeccion semanal compresor 1,INSP. ALINEACION ACOPLE,si,,,"0,2142857143",si,,,,,,,
EQUIPOS DE SERVICIOS INDUSTRIALES,649664,Compresor de aire 1,13349277,Inspeccion semanal compresor 1,REV. CALIBRACION TRANSDUCTOR Y RTD,si,CUMPLE,"15/5/2024, 15:19:53","0,2142857143",si,.,.,CUMPLE,,,,
EQUIPOS DE SERVICIOS INDUSTRIALES,649664,Compresor de aire 1,13349277,Inspeccion semanal compresor 1,REVISION PRESION Y TEMPERATURA,si,CUMPLE,"15/5/2024, 15:20:01","0,2142857143",si,.,.,CUMPLE,,,,
EQUIPOS DE SERVICIOS INDUSTRIALES,649664,Compresor de aire 1,13349277,Inspeccion semanal compresor 1,VERIF. VALVULAS DE SEGURIDAD,si,CUMPLE,"15/5/2024, 15:17:49","0,2142857143",si,.,.,CUMPLE,,,,
EQUIPOS DE SERVICIOS INDUSTRIALES,649664,Compresor de aire 1,13349277,Inspeccion semanal compresor 1,ESTADO DEL TANQUE,si,CUMPLE,"15/5/2024, 15:18:13","0,2142857143",si,.,.,CUMPLE,,,,
EQUIPOS DE SERVICIOS INDUSTRIALES,649664,Compresor de aire 1,13349277,Inspeccion semanal compresor 1,ESTADO DE ILUMINACION,si,CUMPLE,"15/5/2024, 15:18:31","0,2142857143",si,.,.,CUMPLE,,,,
EQUIPOS DE SERVICIOS INDUSTRIALES,649664,Compresor de aire 1,13349277,Inspeccion semanal compresor 1,INSP. TABLERO  ELECTRICO/CLIMATIZADOR,si,CUMPLE,"15/5/2024, 15:18:24","0,2142857143",si,.,.,CUMPLE,,,,
EQUIPOS DE SERVICIOS INDUSTRIALES,649665,Compresor de aire 2,13349271,Inspeccion semanal compresor 2,REVISAR PRESIONES Y TEMPERATURA,si,CUMPLE,"15/5/2024, 15:22:34","0,2142857143",si,.,.,CUMPLE,,,,
EQUIPOS DE SERVICIOS INDUSTRIALES,649665,Compresor de aire 2,13349271,Inspeccion semanal compresor 2,REVISAR CAIDA PRESION FILTRO<10psi,si,CUMPLE,"15/5/2024, 15:22:47","0,2142857143",si,.,.,CUMPLE,,,,
EQUIPOS DE SERVICIOS INDUSTRIALES,649665,Compresor de aire 2,13349271,Inspeccion semanal compresor 2,REVISAR RUIDOS ANORMALES ,si,CUMPLE,"15/5/2024, 15:23:00","0,2142857143",si,.,.,CUMPLE,,,,
EQUIPOS DE SERVICIOS INDUSTRIALES,649665,Compresor de aire 2,13349271,Inspeccion semanal compresor 2,INSP FUGA ACEITE (10 GOTAS/MIN ES NORMAL),si,CUMPLE,"15/5/2024, 15:23:06","0,2142857143",si,.,.,CUMPLE,,,,
EQUIPOS DE SERVICIOS INDUSTRIALES,649665,Compresor de aire 2,13349271,Inspeccion semanal compresor 2,REVISAR NIVELES ACEITE,si,CUMPLE,"15/5/2024, 15:23:19","0,2142857143",si,.,.,CUMPLE,,,,
EQUIPOS DE SERVICIOS INDUSTRIALES,649665,Compresor de aire 2,13349271,Inspeccion semanal compresor 2,REVISAR TABLERO ELECTRICO,si,CUMPLE,"15/5/2024, 15:44:48","0,2142857143",si,.,.,CUMPLE,,,,
EQUIPOS DE SERVICIOS INDUSTRIALES,649665,Compresor de aire 2,13349271,Inspeccion semanal compresor 2,REVISAR NIVEL REFRIG TANQUE,si,CUMPLE,"15/5/2024, 15:45:06","0,2142857143",si,.,.,CUMPLE,,,,
EQUIPOS DE SERVICIOS INDUSTRIALES,649665,Compresor de aire 2,13349271,Inspeccion semanal compresor 2,INSP. ALINEACION ACOPLE,si,CUMPLE,"15/5/2024, 15:45:33","0,2142857143",si,.,.,CUMPLE,,,,
EQUIPOS DE SERVICIOS INDUSTRIALES,649665,Compresor de aire 2,13349271,Inspeccion semanal compresor 2,REV. CALIBRACION TRANSDUCTOR Y RTD,si,CUMPLE,"15/5/2024, 15:45:48","0,2142857143",si,.,.,CUMPLE,,,,
EQUIPOS DE SERVICIOS INDUSTRIALES,649665,Compresor de aire 2,13349271,Inspeccion semanal compresor 2,REVISION PRESION Y TEMPERATURA,si,CUMPLE,"15/5/2024, 15:45:52","0,2142857143",si,.,.,CUMPLE,,,,
EQUIPOS DE SERVICIOS INDUSTRIALES,649665,Compresor de aire 2,13349271,Inspeccion semanal compresor 2,VERIF. VALVULAS DE SEGURIDAD,si,CUMPLE,"16/5/2024, 15:34:43","0,2142857143",si,.,.,CUMPLE,,,,
EQUIPOS DE SERVICIOS INDUSTRIALES,649665,Compresor de aire 2,13349271,Inspeccion semanal compresor 2,ESTADO DEL TANQUE,si,CUMPLE,"16/5/2024, 15:34:48","0,2142857143",si,.,.,CUMPLE,,,,
EQUIPOS DE SERVICIOS INDUSTRIALES,649665,Compresor de aire 2,13349271,Inspeccion semanal compresor 2,ESTADO DE ILUMINACION,si,CUMPLE,"16/5/2024, 15:34:54","0,2142857143",si,.,.,CUMPLE,,,,
EQUIPOS DE SERVICIOS INDUSTRIALES,649665,Compresor de aire 2,13349271,Inspeccion semanal compresor 2,INSP. TABLERO  ELECTRICO/CLIMATIZADOR,si,CUMPLE,"16/5/2024, 15:35:00","0,2142857143",si,.,.,CUMPLE,,,,
EQUIPOS DE SERVICIOS INDUSTRIALES,659406,Caldera Fuel Oil,13349275,Inspeccion semanal caldera de fuel oil,INSPECCION DE ELEVADOR,si,CUMPLE,"16/5/2024, 3:25:48","0,2857142857",si,.,.,CUMPLE,,,,
EQUIPOS DE SERVICIOS INDUSTRIALES,659406,Caldera Fuel Oil,13349275,Inspeccion semanal caldera de fuel oil,INSTRUMENTOS MEDICION,si,CUMPLE,"16/5/2024, 3:26:10","0,2857142857",si,.,.,CUMPLE,,,,
EQUIPOS DE SERVICIOS INDUSTRIALES,659406,Caldera Fuel Oil,13349275,Inspeccion semanal caldera de fuel oil,"MOTOBOMBAS: AGUA, DOSIFICADOR",si,CUMPLE,"16/5/2024, 3:26:28","0,2857142857",si,.,.,CUMPLE,,,,
EQUIPOS DE SERVICIOS INDUSTRIALES,659406,Caldera Fuel Oil,13349275,Inspeccion semanal caldera de fuel oil,INSPECCION DE VENTILADOR,si,CUMPLE,"16/5/2024, 3:26:41","0,2857142857",si,.,.,CUMPLE,,,,
EQUIPOS DE SERVICIOS INDUSTRIALES,659406,Caldera Fuel Oil,13349275,Inspeccion semanal caldera de fuel oil,"ESCAPES FLUIDOS: GAS, VAPOR",si,CUMPLE,"16/5/2024, 3:27:04","0,2857142857",si,.,.,CUMPLE,,,,
EQUIPOS DE SERVICIOS INDUSTRIALES,659406,Caldera Fuel Oil,13349275,Inspeccion semanal caldera de fuel oil,"VALVULAS, ELECTROVALVULAS",si,CUMPLE,"16/5/2024, 3:27:19","0,2857142857",si,.,.,CUMPLE,,,,
EQUIPOS DE SERVICIOS INDUSTRIALES,659406,Caldera Fuel Oil,13349275,Inspeccion semanal caldera de fuel oil,"TUBERIAS, CHEQUES",si,CUMPLE,"16/5/2024, 3:27:46","0,2857142857",si,.,.,CUMPLE,,,,
EQUIPOS DE SERVICIOS INDUSTRIALES,659406,Caldera Fuel Oil,13349275,Inspeccion semanal caldera de fuel oil,VALVULAS DE SEGURIDAD,si,CUMPLE,"16/5/2024, 3:27:58","0,2857142857",si,.,.,CUMPLE,,,,
EQUIPOS DE SERVICIOS INDUSTRIALES,659406,Caldera Fuel Oil,13349275,Inspeccion semanal caldera de fuel oil,"ESTADO GRAL, PINTURA",si,CUMPLE,"16/5/2024, 3:28:16","0,2857142857",si,.,.,CUMPLE,,,,
EQUIPOS DE SERVICIOS INDUSTRIALES,659406,Caldera Fuel Oil,13349275,Inspeccion semanal caldera de fuel oil,VISOR Y MIRILLA,si,CUMPLE,"16/5/2024, 3:28:30","0,2857142857",si,.,.,CUMPLE,,,,
EQUIPOS DE SERVICIOS INDUSTRIALES,659406,Caldera Fuel Oil,13349275,Inspeccion semanal caldera de fuel oil,VALVULAS DE PURGA,,,,"0,2857142857",,,,,,,,
EQUIPOS DE SERVICIOS INDUSTRIALES,659406,Caldera Fuel Oil,13349275,Inspeccion semanal caldera de fuel oil,VALVULA MODULADORA,,,,"0,2857142857",,,,,,,,
EQUIPOS DE SERVICIOS INDUSTRIALES,659406,Caldera Fuel Oil,13349275,Inspeccion semanal caldera de fuel oil,VALVULAS REGULADORAS GAS,,,,"0,2857142857",,,,,,,,
EQUIPOS DE SERVICIOS INDUSTRIALES,659406,Caldera Fuel Oil,13349275,Inspeccion semanal caldera de fuel oil,QUEMADOR,,,,"0,2857142857",,,,,,,,
EQUIPOS DE SERVICIOS INDUSTRIALES,679368,Planta Electrica,13349273,Inspeccion semanal planta electrica,INSP FILTRO TRAMPA,,,,"0,1578947368",,,,,,,,
EQUIPOS DE SERVICIOS INDUSTRIALES,679368,Planta Electrica,13349273,Inspeccion semanal planta electrica,INSP NIVEL ACEITE MOTOR,,,,"0,1578947368",,,,,,,,
EQUIPOS DE SERVICIOS INDUSTRIALES,679368,Planta Electrica,13349273,Inspeccion semanal planta electrica,INSP. NIVEL REFRIGERANTE,,,,"0,1578947368",,,,,,,,
EQUIPOS DE SERVICIOS INDUSTRIALES,679368,Planta Electrica,13349273,Inspeccion semanal planta electrica,INSP NIVEL COMBUSTIBLE,,,,"0,1578947368",,,,,,,,
EQUIPOS DE SERVICIOS INDUSTRIALES,679368,Planta Electrica,13349273,Inspeccion semanal planta electrica,INSP. FUSIBLES CONTROLES Y ALTERNADOR,,,,"0,1578947368",,,,,,,,
EQUIPOS DE SERVICIOS INDUSTRIALES,679368,Planta Electrica,13349273,Inspeccion semanal planta electrica,"INSP BATERIAS(ESTADO,CARGA)",,,,"0,1578947368",,,,,,,,
EQUIPOS DE SERVICIOS INDUSTRIALES,679368,Planta Electrica,13349273,Inspeccion semanal planta electrica,INSP FILTRO AIRE,,,,"0,1578947368",,,,,,,,
EQUIPOS DE SERVICIOS INDUSTRIALES,679368,Planta Electrica,13349273,Inspeccion semanal planta electrica,INSP LUGAR DESPEJADO (LIMPIO),,,,"0,1578947368",,,,,,,,
EQUIPOS DE SERVICIOS INDUSTRIALES,679368,Planta Electrica,13349273,Inspeccion semanal planta electrica,INSP RUIDOS EXTRAÑOS,,,,"0,1578947368",,,,,,,,
EQUIPOS DE SERVICIOS INDUSTRIALES,679368,Planta Electrica,13349273,Inspeccion semanal planta electrica,INSP CORREAS,,,,"0,1578947368",,,,,,,,
EQUIPOS DE SERVICIOS INDUSTRIALES,679368,Planta Electrica,13349273,Inspeccion semanal planta electrica,INSP FUGA FLUIDOS,,,,"0,1578947368",,,,,,,,
EQUIPOS DE SERVICIOS INDUSTRIALES,679368,Planta Electrica,13349273,Inspeccion semanal planta electrica,INSP TABLERO MONITOR,,,,"0,1578947368",,,,,,,,
EQUIPOS DE SERVICIOS INDUSTRIALES,679368,Planta Electrica,13349273,Inspeccion semanal planta electrica,INSP TEMP DEVANADO GENERADOR,,,,"0,1578947368",,,,,,,,
EQUIPOS DE SERVICIOS INDUSTRIALES,679368,Planta Electrica,13349273,Inspeccion semanal planta electrica,INSP CALENTADOR CAMISAS,,,,"0,1578947368",,,,,,,,
EQUIPOS DE SERVICIOS INDUSTRIALES,679368,Planta Electrica,13349273,Inspeccion semanal planta electrica,"INS VOLTAJE,FRECUENCIA",,,,"0,1578947368",,,,,,,,
EQUIPOS DE SERVICIOS INDUSTRIALES,679368,Planta Electrica,13349273,Inspeccion semanal planta electrica,COMPROBAR CONEXIONES MOTOR,,,,"0,1578947368",,,,,,,,
EQUIPOS DE SERVICIOS INDUSTRIALES,679368,Planta Electrica,13349273,Inspeccion semanal planta electrica,INSP GENERADOR,,,,"0,1578947368",,,,,,,,
EQUIPOS DE SERVICIOS INDUSTRIALES,679368,Planta Electrica,13349273,Inspeccion semanal planta electrica,INSP ALARMAS-FALLAS CONTROL,,,,"0,1578947368",,,,,,,,
EQUIPOS DE SERVICIOS INDUSTRIALES,679368,Planta Electrica,13349273,Inspeccion semanal planta electrica,INSP. TABLERO  ELECTRICO/CLIMATIZADOR,,,,"0,1578947368",,,,,,,,
LINEA DE ENVASADO EN CALIENTE,579101,Depaletizador,13349283,INSPECCION SEMANAL DEPALETIZADOR,INSP. TABLERO ELECTRICO/CLIMATIZADOR,,,,"0,2142857143",,,,,,,,
LINEA DE ENVASADO EN CALIENTE,579101,Depaletizador,13349283,INSPECCION SEMANAL DEPALETIZADOR,INSPECCION DE  SENSORES,si,CUMPLE,"14/5/2024, 17:06:53","0,2142857143",si,.,.,CUMPLE,,,,
LINEA DE ENVASADO EN CALIENTE,579101,Depaletizador,13349283,INSPECCION SEMANAL DEPALETIZADOR,ESTADO BANDA TRANSPORTADORA,si,CUMPLE,"14/5/2024, 17:06:57","0,2142857143",si,.,.,CUMPLE,,,,
LINEA DE ENVASADO EN CALIENTE,579101,Depaletizador,13349283,INSPECCION SEMANAL DEPALETIZADOR,ESTADO DE GUIAS,si,CUMPLE,"14/5/2024, 17:07:09","0,2142857143",si,.,.,CUMPLE,,,,
LINEA DE ENVASADO EN CALIENTE,579101,Depaletizador,13349283,INSPECCION SEMANAL DEPALETIZADOR,FUNC. SISTEMA DE TRANSMISION,,,,"0,2142857143",,,,,,,,
LINEA DE ENVASADO EN CALIENTE,579101,Depaletizador,13349283,INSPECCION SEMANAL DEPALETIZADOR,INSP. UNIDAD MTTO AIRE,si,CUMPLE,"14/5/2024, 17:07:26","0,2142857143",si,.,.,CUMPLE,,,,
LINEA DE ENVASADO EN CALIENTE,579101,Depaletizador,13349283,INSPECCION SEMANAL DEPALETIZADOR,VERIFICACION DE MANGUERAS,si,CUMPLE,"14/5/2024, 17:07:32","0,2142857143",si,.,.,CUMPLE,,,,
LINEA DE ENVASADO EN CALIENTE,579101,Depaletizador,13349283,INSPECCION SEMANAL DEPALETIZADOR,ESTADO CUERPO PRINCIPAL,si,CUMPLE,"14/5/2024, 17:07:38","0,2142857143",si,.,.,CUMPLE,,,,
LINEA DE ENVASADO EN CALIENTE,579101,Depaletizador,13349283,INSPECCION SEMANAL DEPALETIZADOR,VERIFICACION DE MOTOREDUCTORES,si,CUMPLE,"14/5/2024, 17:07:46","0,2142857143",si,.,.,CUMPLE,,,,
LINEA DE ENVASADO EN CALIENTE,579101,Depaletizador,13349283,INSPECCION SEMANAL DEPALETIZADOR,INSPECCION DE ESTADOI DE CADENAS ,si,CUMPLE,"14/5/2024, 17:07:58","0,2142857143",si,.,.,CUMPLE,,,,
LINEA DE ENVASADO EN CALIENTE,579101,Depaletizador,13349283,INSPECCION SEMANAL DEPALETIZADOR,INSPECCION DE PIÑONES ,,,,"0,2142857143",,,,,,,,
LINEA DE ENVASADO EN CALIENTE,579101,Depaletizador,13349283,INSPECCION SEMANAL DEPALETIZADOR,FUNCIONAMIENTO DE ELEVADOR,,,,"0,2142857143",,,,,,,,
LINEA DE ENVASADO EN CALIENTE,579101,Depaletizador,13349283,INSPECCION SEMANAL DEPALETIZADOR,FUNCIONAMIENTO DE BARREDOR,,,,"0,2142857143",,,,,,,,
LINEA DE ENVASADO EN CALIENTE,579101,Depaletizador,13349283,INSPECCION SEMANAL DEPALETIZADOR,ESTADO DE PIÑONES MARTIN ,,,,"0,2142857143",,,,,si,si,si,si
LINEA DE ENVASADO EN CALIENTE,719539,Llenadora,13349268,Inspeccion de rubber seal,INSP. UNIDAD DE MATTO AIRE,,,,"0,0666666667",,,,,,,,
LINEA DE ENVASADO EN CALIENTE,719539,Llenadora,13349268,Inspeccion de rubber seal,INSTRUMENTACION,,,,"0,0666666667",,,,,,,,
LINEA DE ENVASADO EN CALIENTE,719539,Llenadora,13349268,Inspeccion de rubber seal,ESCAPE DE FLUIDOS,,,,"0,0666666667",,,,,,,,
LINEA DE ENVASADO EN CALIENTE,719539,Llenadora,13349268,Inspeccion de rubber seal,ESTADO DE ESTRELLAS E/S,,,,"0,0666666667",,,,,,,,
LINEA DE ENVASADO EN CALIENTE,719539,Llenadora,13349268,Inspeccion de rubber seal,INSPECCION DE TABLERO ELECTRICO,,,,"0,0666666667",,,,,,,,
LINEA DE ENVASADO EN CALIENTE,719539,Llenadora,13349268,Inspeccion de rubber seal,INSP. TUBERIAS Y ACCESORIOS,,,,"0,0666666667",,,,,,,,
LINEA DE ENVASADO EN CALIENTE,719539,Llenadora,13349268,Inspeccion de rubber seal,INSP. SISTEMA NEUMATICO,,,,"0,0666666667",,,,,,,,
LINEA DE ENVASADO EN CALIENTE,719539,Llenadora,13349268,Inspeccion de rubber seal,INSPECCION VALVULAS DE LLENADO,,,,"0,0666666667",,,,,,,,
LINEA DE ENVASADO EN CALIENTE,719539,Llenadora,13349268,Inspeccion de rubber seal,INSP. FORMATOS MANEJO ENVASES,,,,"0,0666666667",,,,,,,,
LINEA DE ENVASADO EN CALIENTE,719539,Llenadora,13349268,Inspeccion de rubber seal,INSP. EQUIPOS ELECTRICOS,,,,"0,0666666667",,,,,,,,
LINEA DE ENVASADO EN CALIENTE,719539,Llenadora,13349268,Inspeccion de rubber seal,INSPECCION DE DUCHAS DE ENFRIAMIENTO,,,,"0,0666666667",,,,,,,,
LINEA DE ENVASADO EN CALIENTE,719539,Llenadora,13349268,Inspeccion de rubber seal,INSP. SISTEMA LUBRICACION,,,,"0,0666666667",,,,,,,,
LINEA DE ENVASADO EN CALIENTE,719539,Llenadora,13349268,Inspeccion de rubber seal,INSP. TRANSMISION PRINCIPAL,,,,"0,0666666667",,,,,,,,
LINEA DE ENVASADO EN CALIENTE,719539,Llenadora,13349268,Inspeccion de rubber seal,INSP. RUIDOS EXTRAÑOS,,,,"0,0666666667",,,,,,,,
LINEA DE ENVASADO EN CALIENTE,719539,Llenadora,13349268,Inspeccion de rubber seal,ESTADO MOTORES,,,,"0,0666666667",,,,,,,,
LINEA DE ENVASADO EN CALIENTE,739545,Esterilizador de tapa,13349291,INSPECCION SEMANAL ESTERILIZADOR,ESTADO BANDA TRANSPORTADORA,,,,"0,2727272727",,,,,,,,
LINEA DE ENVASADO EN CALIENTE,739545,Esterilizador de tapa,13349291,INSPECCION SEMANAL ESTERILIZADOR,INSP. SISTEMA DE TRANSMISION.,,,,"0,2727272727",,,,,,,,
LINEA DE ENVASADO EN CALIENTE,739545,Esterilizador de tapa,13349291,INSPECCION SEMANAL ESTERILIZADOR,ESTADO CUERPO PRINCIPAL,,,,"0,2727272727",,,,,,,,
LINEA DE ENVASADO EN CALIENTE,739545,Esterilizador de tapa,13349291,INSPECCION SEMANAL ESTERILIZADOR,INSP. MOTO REDUCTORES,,,,"0,2727272727",,,,,,,,
LINEA DE ENVASADO EN CALIENTE,739545,Esterilizador de tapa,13349291,INSPECCION SEMANAL ESTERILIZADOR,INSP. GUIAS EMPACK,,,,"0,2727272727",,,,,,,,
LINEA DE ENVASADO EN CALIENTE,739545,Esterilizador de tapa,13349291,INSPECCION SEMANAL ESTERILIZADOR,INSP. UNIDAD MATTO AIRE,,,,"0,2727272727",,,,,,,,
LINEA DE ENVASADO EN CALIENTE,739545,Esterilizador de tapa,13349291,INSPECCION SEMANAL ESTERILIZADOR,VERIFICACION SISTEMA ELECTRICO,,,,"0,2727272727",,,,,,,,
LINEA DE ENVASADO EN CALIENTE,739545,Esterilizador de tapa,13349291,INSPECCION SEMANAL ESTERILIZADOR,VERIFCACION DE CADENAS,,,,"0,2727272727",,,,,,,,
EQUIPOS DE SERVICIOS INDUSTRIALES,649664,Compresor de aire 1,13349277,Inspeccion semanal compresor 1,REVISAR PRESIONES Y TEMPERATURA,,,,"0,2142857143",,,,,,,,
EQUIPOS DE SERVICIOS INDUSTRIALES,649664,Compresor de aire 1,13349277,Inspeccion semanal compresor 1,REVISAR CAIDA PRESION FILTRO<10psi,,,,"0,2142857143",,,,,,,,
EQUIPOS DE SERVICIOS INDUSTRIALES,649664,Compresor de aire 1,13349277,Inspeccion semanal compresor 1,REVISAR RUIDOS ANORMALES ,,,,"0,2142857143",,,,,,,,
EQUIPOS DE SERVICIOS INDUSTRIALES,649664,Compresor de aire 1,13349277,Inspeccion semanal compresor 1,INSP FUGA ACEITE (10 GOTAS/MIN ES NORMAL),,,,"0,2142857143",,,,,,,,
EQUIPOS DE SERVICIOS INDUSTRIALES,649664,Compresor de aire 1,13349277,Inspeccion semanal compresor 1,REVISAR NIVELES ACEITE,,,,"0,2142857143",,,,,,,,
EQUIPOS DE SERVICIOS INDUSTRIALES,649664,Compresor de aire 1,13349277,Inspeccion semanal compresor 1,REVISAR TABLERO ELECTRICO,,,,"0,2142857143",,,,,,,,
EQUIPOS DE SERVICIOS INDUSTRIALES,649664,Compresor de aire 1,13349277,Inspeccion semanal compresor 1,REVISAR NIVEL REFRIG TANQUE,,,,"0,2142857143",,,,,,,,
EQUIPOS DE SERVICIOS INDUSTRIALES,649664,Compresor de aire 1,13349277,Inspeccion semanal compresor 1,INSP. ALINEACION ACOPLE,,,,"0,2142857143",,,,,,,,
EQUIPOS DE SERVICIOS INDUSTRIALES,649664,Compresor de aire 1,13349277,Inspeccion semanal compresor 1,REV. CALIBRACION TRANSDUCTOR Y RTD,,,,"0,2142857143",,,,,,,,
EQUIPOS DE SERVICIOS INDUSTRIALES,649664,Compresor de aire 1,13349277,Inspeccion semanal compresor 1,REVISION PRESION Y TEMPERATURA,,,,"0,2142857143",,,,,,,,
EQUIPOS DE SERVICIOS INDUSTRIALES,649664,Compresor de aire 1,13349277,Inspeccion semanal compresor 1,VERIF. VALVULAS DE SEGURIDAD,,,,"0,2142857143",,,,,,,,
EQUIPOS DE SERVICIOS INDUSTRIALES,649664,Compresor de aire 1,13349277,Inspeccion semanal compresor 1,ESTADO DEL TANQUE,,,,"0,2142857143",,,,,,,,
EQUIPOS DE SERVICIOS INDUSTRIALES,649664,Compresor de aire 1,13349277,Inspeccion semanal compresor 1,ESTADO DE ILUMINACION,,,,"0,2142857143",,,,,,,,
EQUIPOS DE SERVICIOS INDUSTRIALES,649664,Compresor de aire 1,13349277,Inspeccion semanal compresor 1,INSP. TABLERO  ELECTRICO/CLIMATIZADOR,,,,"0,2142857143",,,,,,,,
EQUIPOS DE SERVICIOS INDUSTRIALES,649665,Compresor de aire 2,13349271,Inspeccion semanal compresor 2,REVISAR PRESIONES Y TEMPERATURA,,,,"0,2142857143",,,,,,,,
EQUIPOS DE SERVICIOS INDUSTRIALES,649665,Compresor de aire 2,13349271,Inspeccion semanal compresor 2,REVISAR CAIDA PRESION FILTRO<10psi,,,,"0,2142857143",,,,,,,,
EQUIPOS DE SERVICIOS INDUSTRIALES,649665,Compresor de aire 2,13349271,Inspeccion semanal compresor 2,REVISAR RUIDOS ANORMALES ,,,,"0,2142857143",,,,,,,,
EQUIPOS DE SERVICIOS INDUSTRIALES,649665,Compresor de aire 2,13349271,Inspeccion semanal compresor 2,INSP FUGA ACEITE (10 GOTAS/MIN ES NORMAL),,,,"0,2142857143",,,,,,,,
EQUIPOS DE SERVICIOS INDUSTRIALES,649665,Compresor de aire 2,13349271,Inspeccion semanal compresor 2,REVISAR NIVELES ACEITE,,,,"0,2142857143",,,,,,,,
EQUIPOS DE SERVICIOS INDUSTRIALES,649665,Compresor de aire 2,13349271,Inspeccion semanal compresor 2,REVISAR TABLERO ELECTRICO,,,,"0,2142857143",,,,,,,,
EQUIPOS DE SERVICIOS INDUSTRIALES,649665,Compresor de aire 2,13349271,Inspeccion semanal compresor 2,REVISAR NIVEL REFRIG TANQUE,,,,"0,2142857143",,,,,,,,
EQUIPOS DE SERVICIOS INDUSTRIALES,649665,Compresor de aire 2,13349271,Inspeccion semanal compresor 2,INSP. ALINEACION ACOPLE,,,,"0,2142857143",,,,,,,,
EQUIPOS DE SERVICIOS INDUSTRIALES,649665,Compresor de aire 2,13349271,Inspeccion semanal compresor 2,REV. CALIBRACION TRANSDUCTOR Y RTD,,,,"0,2142857143",,,,,,,,
EQUIPOS DE SERVICIOS INDUSTRIALES,649665,Compresor de aire 2,13349271,Inspeccion semanal compresor 2,REVISION PRESION Y TEMPERATURA,,,,"0,2142857143",,,,,,,,
EQUIPOS DE SERVICIOS INDUSTRIALES,649665,Compresor de aire 2,13349271,Inspeccion semanal compresor 2,VERIF. VALVULAS DE SEGURIDAD,,,,"0,2142857143",,,,,,,,
EQUIPOS DE SERVICIOS INDUSTRIALES,649665,Compresor de aire 2,13349271,Inspeccion semanal compresor 2,ESTADO DEL TANQUE,,,,"0,2142857143",,,,,,,,
EQUIPOS DE SERVICIOS INDUSTRIALES,649665,Compresor de aire 2,13349271,Inspeccion semanal compresor 2,ESTADO DE ILUMINACION,,,,"0,2142857143",,,,,,,,
EQUIPOS DE SERVICIOS INDUSTRIALES,649665,Compresor de aire 2,13349271,Inspeccion semanal compresor 2,INSP. TABLERO  ELECTRICO/CLIMATIZADOR,,,,"0,2142857143",,,,,,,,
EQUIPOS DE SERVICIOS INDUSTRIALES,659406,Caldera Fuel Oil,13349275,Inspeccion semanal caldera de fuel oil,INSPECCION DE ELEVADOR,,,,"0,2857142857",,,,,,,,
EQUIPOS DE SERVICIOS INDUSTRIALES,659406,Caldera Fuel Oil,13349275,Inspeccion semanal caldera de fuel oil,INSTRUMENTOS MEDICION,,,,"0,2857142857",,,,,,,,
EQUIPOS DE SERVICIOS INDUSTRIALES,659406,Caldera Fuel Oil,13349275,Inspeccion semanal caldera de fuel oil,"MOTOBOMBAS: AGUA, DOSIFICADOR",,,,"0,2857142857",,,,,,,,
EQUIPOS DE SERVICIOS INDUSTRIALES,659406,Caldera Fuel Oil,13349275,Inspeccion semanal caldera de fuel oil,INSPECCION DE VENTILADOR,,,,"0,2857142857",,,,,,,,
EQUIPOS DE SERVICIOS INDUSTRIALES,659406,Caldera Fuel Oil,13349275,Inspeccion semanal caldera de fuel oil,"ESCAPES FLUIDOS: GAS, VAPOR",,,,"0,2857142857",,,,,,,,
EQUIPOS DE SERVICIOS INDUSTRIALES,659406,Caldera Fuel Oil,13349275,Inspeccion semanal caldera de fuel oil,"VALVULAS, ELECTROVALVULAS",,,,"0,2857142857",,,,,,,,
EQUIPOS DE SERVICIOS INDUSTRIALES,659406,Caldera Fuel Oil,13349275,Inspeccion semanal caldera de fuel oil,"TUBERIAS, CHEQUES",,,,"0,2857142857",,,,,,,,
EQUIPOS DE SERVICIOS INDUSTRIALES,659406,Caldera Fuel Oil,13349275,Inspeccion semanal caldera de fuel oil,VALVULAS DE SEGURIDAD,,,,"0,2857142857",,,,,,,,
EQUIPOS DE SERVICIOS INDUSTRIALES,659406,Caldera Fuel Oil,13349275,Inspeccion semanal caldera de fuel oil,"ESTADO GRAL, PINTURA",,,,"0,2857142857",,,,,,,,
EQUIPOS DE SERVICIOS INDUSTRIALES,659406,Caldera Fuel Oil,13349275,Inspeccion semanal caldera de fuel oil,VISOR Y MIRILLA,,,,"0,2857142857",,,,,,,,
EQUIPOS DE SERVICIOS INDUSTRIALES,659406,Caldera Fuel Oil,13349275,Inspeccion semanal caldera de fuel oil,VALVULAS DE PURGA,,,,"0,2857142857",,,,,,,,
EQUIPOS DE SERVICIOS INDUSTRIALES,659406,Caldera Fuel Oil,13349275,Inspeccion semanal caldera de fuel oil,VALVULA MODULADORA,,,,"0,2857142857",,,,,,,,
EQUIPOS DE SERVICIOS INDUSTRIALES,659406,Caldera Fuel Oil,13349275,Inspeccion semanal caldera de fuel oil,VALVULAS REGULADORAS GAS,,,,"0,2857142857",,,,,,,,
EQUIPOS DE SERVICIOS INDUSTRIALES,659406,Caldera Fuel Oil,13349275,Inspeccion semanal caldera de fuel oil,QUEMADOR,,,,"0,2857142857",,,,,,,,
EQUIPOS DE SERVICIOS INDUSTRIALES,679368,Planta Electrica,13349273,Inspeccion semanal planta electrica,INSP FILTRO TRAMPA,,,,"0,1578947368",,,,,,,,
EQUIPOS DE SERVICIOS INDUSTRIALES,679368,Planta Electrica,13349273,Inspeccion semanal planta electrica,INSP NIVEL ACEITE MOTOR,,,,"0,1578947368",,,,,,,,
EQUIPOS DE SERVICIOS INDUSTRIALES,679368,Planta Electrica,13349273,Inspeccion semanal planta electrica,INSP. NIVEL REFRIGERANTE,,,,"0,1578947368",,,,,,,,
EQUIPOS DE SERVICIOS INDUSTRIALES,679368,Planta Electrica,13349273,Inspeccion semanal planta electrica,INSP NIVEL COMBUSTIBLE,,,,"0,1578947368",,,,,,,,
EQUIPOS DE SERVICIOS INDUSTRIALES,679368,Planta Electrica,13349273,Inspeccion semanal planta electrica,INSP. FUSIBLES CONTROLES Y ALTERNADOR,,,,"0,1578947368",,,,,,,,
EQUIPOS DE SERVICIOS INDUSTRIALES,679368,Planta Electrica,13349273,Inspeccion semanal planta electrica,"INSP BATERIAS(ESTADO,CARGA)",,,,"0,1578947368",,,,,,,,
EQUIPOS DE SERVICIOS INDUSTRIALES,679368,Planta Electrica,13349273,Inspeccion semanal planta electrica,INSP FILTRO AIRE,,,,"0,1578947368",,,,,,,,
EQUIPOS DE SERVICIOS INDUSTRIALES,679368,Planta Electrica,13349273,Inspeccion semanal planta electrica,INSP LUGAR DESPEJADO (LIMPIO),,,,"0,1578947368",,,,,,,,
EQUIPOS DE SERVICIOS INDUSTRIALES,679368,Planta Electrica,13349273,Inspeccion semanal planta electrica,INSP RUIDOS EXTRAÑOS,,,,"0,1578947368",,,,,,,,
EQUIPOS DE SERVICIOS INDUSTRIALES,679368,Planta Electrica,13349273,Inspeccion semanal planta electrica,INSP CORREAS,,,,"0,1578947368",,,,,,,,
EQUIPOS DE SERVICIOS INDUSTRIALES,679368,Planta Electrica,13349273,Inspeccion semanal planta electrica,INSP FUGA FLUIDOS,,,,"0,1578947368",,,,,,,,
EQUIPOS DE SERVICIOS INDUSTRIALES,679368,Planta Electrica,13349273,Inspeccion semanal planta electrica,INSP TABLERO MONITOR,,,,"0,1578947368",,,,,,,,
EQUIPOS DE SERVICIOS INDUSTRIALES,679368,Planta Electrica,13349273,Inspeccion semanal planta electrica,INSP TEMP DEVANADO GENERADOR,,,,"0,1578947368",,,,,,,,
EQUIPOS DE SERVICIOS INDUSTRIALES,679368,Planta Electrica,13349273,Inspeccion semanal planta electrica,INSP CALENTADOR CAMISAS,,,,"0,1578947368",,,,,,,,
EQUIPOS DE SERVICIOS INDUSTRIALES,679368,Planta Electrica,13349273,Inspeccion semanal planta electrica,"INS VOLTAJE,FRECUENCIA",,,,"0,1578947368",,,,,,,,
EQUIPOS DE SERVICIOS INDUSTRIALES,679368,Planta Electrica,13349273,Inspeccion semanal planta electrica,COMPROBAR CONEXIONES MOTOR,,,,"0,1578947368",,,,,,,,
EQUIPOS DE SERVICIOS INDUSTRIALES,679368,Planta Electrica,13349273,Inspeccion semanal planta electrica,INSP GENERADOR,,,,"0,1578947368",,,,,,,,
EQUIPOS DE SERVICIOS INDUSTRIALES,679368,Planta Electrica,13349273,Inspeccion semanal planta electrica,INSP ALARMAS-FALLAS CONTROL,,,,"0,1578947368",,,,,,,,
EQUIPOS DE SERVICIOS INDUSTRIALES,679368,Planta Electrica,13349273,Inspeccion semanal planta electrica,INSP. TABLERO  ELECTRICO/CLIMATIZADOR,,,,"0,1578947368",,,,,,,,
LINEA DE ENVASADO EN CALIENTE,579101,Depaletizador,13349283,INSPECCION SEMANAL DEPALETIZADOR,INSP. TABLERO ELECTRICO/CLIMATIZADOR,,,,"0,2142857143",,,,,,,,
LINEA DE ENVASADO EN CALIENTE,579101,Depaletizador,13349283,INSPECCION SEMANAL DEPALETIZADOR,INSPECCION DE  SENSORES,,,,"0,2142857143",,,,,,,,
LINEA DE ENVASADO EN CALIENTE,579101,Depaletizador,13349283,INSPECCION SEMANAL DEPALETIZADOR,ESTADO BANDA TRANSPORTADORA,,,,"0,2142857143",,,,,,,,
LINEA DE ENVASADO EN CALIENTE,579101,Depaletizador,13349283,INSPECCION SEMANAL DEPALETIZADOR,ESTADO DE GUIAS,,,,"0,2142857143",,,,,,,,
LINEA DE ENVASADO EN CALIENTE,579101,Depaletizador,13349283,INSPECCION SEMANAL DEPALETIZADOR,FUNC. SISTEMA DE TRANSMISION,,,,"0,2142857143",,,,,,,,
LINEA DE ENVASADO EN CALIENTE,579101,Depaletizador,13349283,INSPECCION SEMANAL DEPALETIZADOR,INSP. UNIDAD MTTO AIRE,,,,"0,2142857143",,,,,,,,
LINEA DE ENVASADO EN CALIENTE,579101,Depaletizador,13349283,INSPECCION SEMANAL DEPALETIZADOR,VERIFICACION DE MANGUERAS,,,,"0,2142857143",,,,,,,,
LINEA DE ENVASADO EN CALIENTE,579101,Depaletizador,13349283,INSPECCION SEMANAL DEPALETIZADOR,ESTADO CUERPO PRINCIPAL,,,,"0,2142857143",,,,,,,,
LINEA DE ENVASADO EN CALIENTE,579101,Depaletizador,13349283,INSPECCION SEMANAL DEPALETIZADOR,VERIFICACION DE MOTOREDUCTORES,,,,"0,2142857143",,,,,,,,
LINEA DE ENVASADO EN CALIENTE,579101,Depaletizador,13349283,INSPECCION SEMANAL DEPALETIZADOR,INSPECCION DE ESTADOI DE CADENAS ,,,,"0,2142857143",,,,,,,,
LINEA DE ENVASADO EN CALIENTE,579101,Depaletizador,13349283,INSPECCION SEMANAL DEPALETIZADOR,INSPECCION DE PIÑONES ,,,,"0,2142857143",,,,,,,,
LINEA DE ENVASADO EN CALIENTE,579101,Depaletizador,13349283,INSPECCION SEMANAL DEPALETIZADOR,FUNCIONAMIENTO DE ELEVADOR,,,,"0,2142857143",,,,,,,,
LINEA DE ENVASADO EN CALIENTE,579101,Depaletizador,13349283,INSPECCION SEMANAL DEPALETIZADOR,FUNCIONAMIENTO DE BARREDOR,,,,"0,2142857143",,,,,,,,
LINEA DE ENVASADO EN CALIENTE,579101,Depaletizador,13349283,INSPECCION SEMANAL DEPALETIZADOR,ESTADO DE PIÑONES MARTIN ,,,,"0,2142857143",,,,,,,,
LINEA DE ENVASADO EN CALIENTE,719539,Llenadora,13349268,Inspeccion de rubber seal,INSP. UNIDAD DE MATTO AIRE,,,,"0,0666666667",,,,,,,,
LINEA DE ENVASADO EN CALIENTE,719539,Llenadora,13349268,Inspeccion de rubber seal,INSTRUMENTACION,,,,"0,0666666667",,,,,,,,
LINEA DE ENVASADO EN CALIENTE,719539,Llenadora,13349268,Inspeccion de rubber seal,ESCAPE DE FLUIDOS,,,,"0,0666666667",,,,,,,,
LINEA DE ENVASADO EN CALIENTE,719539,Llenadora,13349268,Inspeccion de rubber seal,ESTADO DE ESTRELLAS E/S,,,,"0,0666666667",,,,,,,,
LINEA DE ENVASADO EN CALIENTE,719539,Llenadora,13349268,Inspeccion de rubber seal,INSPECCION DE TABLERO ELECTRICO,,,,"0,0666666667",,,,,,,,
LINEA DE ENVASADO EN CALIENTE,719539,Llenadora,13349268,Inspeccion de rubber seal,INSP. TUBERIAS Y ACCESORIOS,,,,"0,0666666667",,,,,,,,
LINEA DE ENVASADO EN CALIENTE,719539,Llenadora,13349268,Inspeccion de rubber seal,INSP. SISTEMA NEUMATICO,,,,"0,0666666667",,,,,,,,
LINEA DE ENVASADO EN CALIENTE,719539,Llenadora,13349268,Inspeccion de rubber seal,INSPECCION VALVULAS DE LLENADO,,,,"0,0666666667",,,,,,,,
LINEA DE ENVASADO EN CALIENTE,719539,Llenadora,13349268,Inspeccion de rubber seal,INSP. FORMATOS MANEJO ENVASES,,,,"0,0666666667",,,,,,,,
LINEA DE ENVASADO EN CALIENTE,719539,Llenadora,13349268,Inspeccion de rubber seal,INSP. EQUIPOS ELECTRICOS,,,,"0,0666666667",,,,,,,,
LINEA DE ENVASADO EN CALIENTE,719539,Llenadora,13349268,Inspeccion de rubber seal,INSPECCION DE DUCHAS DE ENFRIAMIENTO,,,,"0,0666666667",,,,,,,,
LINEA DE ENVASADO EN CALIENTE,719539,Llenadora,13349268,Inspeccion de rubber seal,INSP. SISTEMA LUBRICACION,,,,"0,0666666667",,,,,,,,
LINEA DE ENVASADO EN CALIENTE,719539,Llenadora,13349268,Inspeccion de rubber seal,INSP. TRANSMISION PRINCIPAL,,,,"0,0666666667",,,,,,,,
LINEA DE ENVASADO EN CALIENTE,719539,Llenadora,13349268,Inspeccion de rubber seal,INSP. RUIDOS EXTRAÑOS,,,,"0,0666666667",,,,,,,,
LINEA DE ENVASADO EN CALIENTE,719539,Llenadora,13349268,Inspeccion de rubber seal,ESTADO MOTORES,,,,"0,0666666667",,,,,,,,
LINEA DE ENVASADO EN CALIENTE,739545,Esterilizador de tapa,13349291,INSPECCION SEMANAL ESTERILIZADOR,ESTADO BANDA TRANSPORTADORA,,,,"0,2727272727",,,,,,,,
LINEA DE ENVASADO EN CALIENTE,739545,Esterilizador de tapa,13349291,INSPECCION SEMANAL ESTERILIZADOR,INSP. SISTEMA DE TRANSMISION.,,,,"0,2727272727",,,,,,,,
LINEA DE ENVASADO EN CALIENTE,739545,Esterilizador de tapa,13349291,INSPECCION SEMANAL ESTERILIZADOR,ESTADO CUERPO PRINCIPAL,,,,"0,2727272727",,,,,,,,
LINEA DE ENVASADO EN CALIENTE,739545,Esterilizador de tapa,13349291,INSPECCION SEMANAL ESTERILIZADOR,INSP. MOTO REDUCTORES,,,,"0,2727272727",,,,,,,,
LINEA DE ENVASADO EN CALIENTE,739545,Esterilizador de tapa,13349291,INSPECCION SEMANAL ESTERILIZADOR,INSP. GUIAS EMPACK,,,,"0,2727272727",,,,,,,,
LINEA DE ENVASADO EN CALIENTE,739545,Esterilizador de tapa,13349291,INSPECCION SEMANAL ESTERILIZADOR,INSP. UNIDAD MATTO AIRE,,,,"0,2727272727",,,,,,,,
LINEA DE ENVASADO EN CALIENTE,739545,Esterilizador de tapa,13349291,INSPECCION SEMANAL ESTERILIZADOR,VERIFICACION SISTEMA ELECTRICO,,,,"0,2727272727",,,,,,,,
LINEA DE ENVASADO EN CALIENTE,739545,Esterilizador de tapa,13349291,INSPECCION SEMANAL ESTERILIZADOR,VERIFCACION DE CADENAS,,,,"0,2727272727",,,,,,,,
LINEA DE ENVASADO EN CALIENTE,739545,Esterilizador de tapa,13349291,INSPECCION SEMANAL ESTERILIZADOR,INSPECCION DE PORTAGRIPPERS,,,,"0,2727272727",,,,,,,,
LINEA DE ENVASADO EN CALIENTE,739545,Esterilizador de tapa,13349291,INSPECCION SEMANAL ESTERILIZADOR,FUCIONAMIENTO DE BARRERAS  SEGURIDAD,,,,"0,2727272727",,,,,,,,
LINEA DE ENVASADO EN CALIENTE,739545,Esterilizador de tapa,13349291,INSPECCION SEMANAL ESTERILIZADOR,INSPECCION DE GUIAS DE E/S,,,,"0,2727272727",,,,,,,,
LINEA DE ENVASADO EN CALIENTE,820085,Etiquetadora  Krones,13350877,Inspeccion quincenal de hornos,INSP. CONJUNTO DE CORTE,,,,"0,2777777778",,,,,,,,
LINEA DE ENVASADO EN CALIENTE,820085,Etiquetadora  Krones,13350877,Inspeccion quincenal de hornos,FUNC. SIST. NEUMATICO(UNIDAD MTTO AIRE),,,,"0,2777777778",,,,,,,,
LINEA DE ENVASADO EN CALIENTE,820085,Etiquetadora  Krones,13350877,Inspeccion quincenal de hornos,INSPECCION DE BARANDILLAS Y PINZAS,,,,"0,2777777778",,,,,,,,
LINEA DE ENVASADO EN CALIENTE,820085,Etiquetadora  Krones,13350877,Inspeccion quincenal de hornos,FUNC. DE TULIPAS,,,,"0,2777777778",,,,,,,,
LINEA DE ENVASADO EN CALIENTE,820085,Etiquetadora  Krones,13350877,Inspeccion quincenal de hornos,ESTADO PUERTAS,,,,"0,2777777778",,,,,,,,
LINEA DE ENVASADO EN CALIENTE,820085,Etiquetadora  Krones,13350877,Inspeccion quincenal de hornos,FUNC. CILINDRO DE TRANSFERENCIA,,,,"0,2777777778",,,,,,,,
LINEA DE ENVASADO EN CALIENTE,820085,Etiquetadora  Krones,13350877,Inspeccion quincenal de hornos,FUNC. SISTEMA DE ALISADO,,,,"0,2777777778",,,,,,,,
LINEA DE ENVASADO EN CALIENTE,820085,Etiquetadora  Krones,13350877,Inspeccion quincenal de hornos,ESTADO  PORTULIPAS Y CORREA,,,,"0,2777777778",,,,,,,,
LINEA DE ENVASADO EN CALIENTE,820085,Etiquetadora  Krones,13350877,Inspeccion quincenal de hornos,ESTADO MOTORES,,,,"0,2777777778",,,,,,,,
LINEA DE ENVASADO EN CALIENTE,820085,Etiquetadora  Krones,13350877,Inspeccion quincenal de hornos,ESTADO CORREA DE TRANSMISION,,,,"0,2777777778",,,,,,,,
LINEA DE ENVASADO EN CALIENTE,820085,Etiquetadora  Krones,13350877,Inspeccion quincenal de hornos,ESTADO CADENA DE TRANSMISION,,,,"0,2777777778",,,,,,,,
LINEA DE ENVASADO EN CALIENTE,820085,Etiquetadora  Krones,13350877,Inspeccion quincenal de hornos,ESTADO MANGUERAS SIST. VACIO,,,,"0,2777777778",,,,,,,,
LINEA DE ENVASADO EN CALIENTE,820085,Etiquetadora  Krones,13350877,Inspeccion quincenal de hornos,INSP. FILTRO BOMBA DE VACIO,,,,"0,2777777778",,,,,,,,
LINEA DE ENVASADO EN CALIENTE,820085,Etiquetadora  Krones,13350877,Inspeccion quincenal de hornos,ESTADO ESTRELLA ENTRADA-SALIDA,,,,"0,2777777778",,,,,,,,
LINEA DE ENVASADO EN CALIENTE,820085,Etiquetadora  Krones,13350877,Inspeccion quincenal de hornos,ESTADO GUIAS ENTRADA-SALIDA,,,,"0,2777777778",,,,,,,,
LINEA DE ENVASADO EN CALIENTE,820085,Etiquetadora  Krones,13350877,Inspeccion quincenal de hornos,ESTADO TORNILLO SIN FIN,,,,"0,2777777778",,,,,,,,
LINEA DE ENVASADO EN CALIENTE,820085,Etiquetadora  Krones,13350877,Inspeccion quincenal de hornos,INSP. FUNCIONAMIENTO MANOMETROS,,,,"0,2777777778",,,,,,,,
LINEA DE ENVASADO EN CALIENTE,820085,Etiquetadora  Krones,13350877,Inspeccion quincenal de hornos,INSP. TABLERO ELECTRICO/CLIMATIZADOR,,,,"0,2777777778",,,,,,,,
LINEA DE ENVASADO EN CALIENTE,558090,Empacadora Zambelli,13276486,Inspeccion de mangueras de aluminio,INSP. CONJUNTO DE CORTE,,,,"0,1666666667",,,,,,,,
LINEA DE ENVASADO EN CALIENTE,558090,Empacadora Zambelli,13276486,Inspeccion de mangueras de aluminio,FUNC. SIST. NEUMATICO(UNIDAD MTTO AIRE),,,,"0,1666666667",,,,,,,,
LINEA DE ENVASADO EN CALIENTE,558090,Empacadora Zambelli,13276486,Inspeccion de mangueras de aluminio,INSPECCION DE FRENO,,,,"0,1666666667",,,,,,,,
LINEA DE ENVASADO EN CALIENTE,558090,Empacadora Zambelli,13276486,Inspeccion de mangueras de aluminio,ESTADO DE SENSORES,,,,"0,1666666667",,,,,,,,
LINEA DE ENVASADO EN CALIENTE,558090,Empacadora Zambelli,13276486,Inspeccion de mangueras de aluminio,ESTADO PUERTAS,,,,"0,1666666667",,,,,,,,
LINEA DE ENVASADO EN CALIENTE,558090,Empacadora Zambelli,13276486,Inspeccion de mangueras de aluminio,INSPECCION DE TAPETES,,,,"0,1666666667",,,,,,,,
LINEA DE ENVASADO EN CALIENTE,558090,Empacadora Zambelli,13276486,Inspeccion de mangueras de aluminio,INSPECCION DE CANALIZADOR DE BOTELLA,,,,"0,1666666667",,,,,,,,
LINEA DE ENVASADO EN CALIENTE,558090,Empacadora Zambelli,13276486,Inspeccion de mangueras de aluminio,ESTADO DE MOTOR REDUCTORES,,,,"0,1666666667",,,,,,,,
LINEA DE ENVASADO EN CALIENTE,558090,Empacadora Zambelli,13276486,Inspeccion de mangueras de aluminio,FUNCIONAMIENTO DE SERVOS,,,,"0,1666666667",,,,,,,,
LINEA DE ENVASADO EN CALIENTE,558090,Empacadora Zambelli,13276486,Inspeccion de mangueras de aluminio,ESTADO DE TRANSPORTADORES,,,,"0,1666666667",,,,,,,,
LINEA DE ENVASADO EN CALIENTE,558090,Empacadora Zambelli,13276486,Inspeccion de mangueras de aluminio,ESTADO CADENA DE TRANSMISION,,,,"0,1666666667",,,,,,,,
LINEA DE ENVASADO EN CALIENTE,558090,Empacadora Zambelli,13276486,Inspeccion de mangueras de aluminio,ESTADO MANGUERAS SIST. VACIO,,,,"0,1666666667",,,,,,,,
LINEA DE ENVASADO EN CALIENTE,558090,Empacadora Zambelli,13276486,Inspeccion de mangueras de aluminio,INSP. FILTRO BOMBA DE VACIO,,,,"0,1666666667",,,,,,,,
LINEA DE ENVASADO EN CALIENTE,558090,Empacadora Zambelli,13276486,Inspeccion de mangueras de aluminio,INSP. FUNCIONAMIENTO MANOMETROS,,,,"0,1666666667",,,,,,,,
LINEA DE ENVASADO EN CALIENTE,558090,Empacadora Zambelli,13276486,Inspeccion de mangueras de aluminio,INSPECCION DE HORNO,,,,"0,1666666667",,,,,,,,
LINEA DE ENVASADO EN CALIENTE,558090,Empacadora Zambelli,13276486,Inspeccion de mangueras de aluminio,INSP. TABLERO ELECTRICO/CLIMATIZADOR,,,,"0,1666666667",,,,,,,,
LINEA DE ENVASADO EN CALIENTE,558090,Empacadora Zambelli,13276486,Inspeccion de mangueras de aluminio,INS. PSI ADECUADA AJUSTE DE CUCHILLAS,,,,"0,1666666667",,,,,,,,
LINEA DE ENVASADO EN CALIENTE,558090,Empacadora Zambelli,13276486,Inspeccion de mangueras de aluminio,INPECCION DE EXTRACTORES,,,,"0,1666666667",,,,,,,,
LINEA DE ENVASADO EN CALIENTE,739517,Sellador de Foil 1,13349272,INSPECCION SEMANAL ENERCON,ESTADO DE TARJETAS,,,,"0,3333333333",,,,,,,,
LINEA DE ENVASADO EN CALIENTE,739517,Sellador de Foil 1,13349272,INSPECCION SEMANAL ENERCON,ESTADO DE BARRAS SELLADORAS,,,,"0,3333333333",,,,,,,,
LINEA DE ENVASADO EN CALIENTE,739517,Sellador de Foil 1,13349272,INSPECCION SEMANAL ENERCON,ESTADO DE VENTILADORES,,,,"0,3333333333",,,,,,,,
LINEA DE ENVASADO EN CALIENTE,739517,Sellador de Foil 1,13349272,INSPECCION SEMANAL ENERCON,INSPOECCION DE VOLTAJES,,,,"0,3333333333",,,,,,,,
LINEA DE ENVASADO EN CALIENTE,739517,Sellador de Foil 1,13349272,INSPECCION SEMANAL ENERCON,INSPECCION DE SENSOR,,,,"0,3333333333",,,,,,,,
LINEA DE ENVASADO EN CALIENTE,739517,Sellador de Foil 1,13349272,INSPECCION SEMANAL ENERCON,INSPECCION DE PANEL DE CONTROL,,,,"0,3333333333",,,,,,,,
EQUIPOS DE SERVICIOS INDUSTRIALES,679368,Planta Electrica,13350875,Inspeccion semanal planta electrica,INSP FILTRO TRAMPA,,,,"0,1578947368",,,,,,,,
EQUIPOS DE SERVICIOS INDUSTRIALES,679368,Planta Electrica,13350875,Inspeccion semanal planta electrica,INSP NIVEL ACEITE MOTOR,,,,"0,1578947368",,,,,,,,
EQUIPOS DE SERVICIOS INDUSTRIALES,679368,Planta Electrica,13350875,Inspeccion semanal planta electrica,INSP. NIVEL REFRIGERANTE,,,,"0,1578947368",,,,,,,,
EQUIPOS DE SERVICIOS INDUSTRIALES,679368,Planta Electrica,13350875,Inspeccion semanal planta electrica,INSP NIVEL COMBUSTIBLE,,,,"0,1578947368",,,,,,,,
EQUIPOS DE SERVICIOS INDUSTRIALES,679368,Planta Electrica,13350875,Inspeccion semanal planta electrica,INSP. FUSIBLES CONTROLES Y ALTERNADOR,,,,"0,1578947368",,,,,,,,
EQUIPOS DE SERVICIOS INDUSTRIALES,679368,Planta Electrica,13350875,Inspeccion semanal planta electrica,"INSP BATERIAS(ESTADO,CARGA)",,,,"0,1578947368",,,,,,,,
EQUIPOS DE SERVICIOS INDUSTRIALES,679368,Planta Electrica,13350875,Inspeccion semanal planta electrica,INSP FILTRO AIRE,,,,"0,1578947368",,,,,,,,
EQUIPOS DE SERVICIOS INDUSTRIALES,679368,Planta Electrica,13350875,Inspeccion semanal planta electrica,INSP LUGAR DESPEJADO (LIMPIO),,,,"0,1578947368",,,,,,,,
EQUIPOS DE SERVICIOS INDUSTRIALES,679368,Planta Electrica,13350875,Inspeccion semanal planta electrica,INSP RUIDOS EXTRAÑOS,,,,"0,1578947368",,,,,,,,
EQUIPOS DE SERVICIOS INDUSTRIALES,679368,Planta Electrica,13350875,Inspeccion semanal planta electrica,INSP CORREAS,,,,"0,1578947368",,,,,,,,
EQUIPOS DE SERVICIOS INDUSTRIALES,679368,Planta Electrica,13350875,Inspeccion semanal planta electrica,INSP FUGA FLUIDOS,,,,"0,1578947368",,,,,,,,
EQUIPOS DE SERVICIOS INDUSTRIALES,679368,Planta Electrica,13350875,Inspeccion semanal planta electrica,INSP TABLERO MONITOR,,,,"0,1578947368",,,,,,,,
EQUIPOS DE SERVICIOS INDUSTRIALES,679368,Planta Electrica,13350875,Inspeccion semanal planta electrica,INSP TEMP DEVANADO GENERADOR,,,,"0,1578947368",,,,,,,,
EQUIPOS DE SERVICIOS INDUSTRIALES,679368,Planta Electrica,13350875,Inspeccion semanal planta electrica,INSP CALENTADOR CAMISAS,,,,"0,1578947368",,,,,,,,
EQUIPOS DE SERVICIOS INDUSTRIALES,679368,Planta Electrica,13350875,Inspeccion semanal planta electrica,"INS VOLTAJE,FRECUENCIA",,,,"0,1578947368",,,,,,,,
EQUIPOS DE SERVICIOS INDUSTRIALES,679368,Planta Electrica,13350875,Inspeccion semanal planta electrica,COMPROBAR CONEXIONES MOTOR,,,,"0,1578947368",,,,,,,,
EQUIPOS DE SERVICIOS INDUSTRIALES,679368,Planta Electrica,13350875,Inspeccion semanal planta electrica,INSP GENERADOR,,,,"0,1578947368",,,,,,,,
EQUIPOS DE SERVICIOS INDUSTRIALES,679368,Planta Electrica,13350875,Inspeccion semanal planta electrica,INSP ALARMAS-FALLAS CONTROL,,,,"0,1578947368",,,,,,,,
EQUIPOS DE SERVICIOS INDUSTRIALES,679368,Planta Electrica,13350875,Inspeccion semanal planta electrica,INSP. TABLERO  ELECTRICO/CLIMATIZADOR,,,,"0,1578947368",,,,,,,,