Línea,Código Equipo,Equipo,Orden,Desc. Orden,Descripción,Completado,Observaciones,Fecha Programada,Duración,revisado tiempo,revisado presupuesto,revisado repuestos,revisado repuestos programador,aprobacion programador,correo de programador,correo de planeador,imagen_observacion
EQUIPOS PARA  ENVASADO JUGOS HIT,900080,LLENADORA,13341283,INSPECCION SEMANAL LLENADORA DE JUGOS,ESTADO Y FUNCIONAMIENTO DE COMPONENTES ELECTRICOS,si,CUMPLE,"10/5/2024, 21:46:08","0,0666666667",si,si,si,si,si,.,.,CUMPLE
"LINEA DE ENVASADO 1.25 l, 1,5 l  Y  2 l",518625,LLENADORA REPOTENCIADA - CEDI CALLE 80,13347891,INSPECCIÓN SEMANAL LLENADORA,FUGAS DE AIRE/ ACEITE,si,CUMPLE,"8/5/2024, 11:18:04","0,3333333333",si,si,si,si,si,.,.,CUMPLE
"LINEA DE ENVASADO 1.25 l, 1,5 l  Y  2 l",518625,LLENADORA REPOTENCIADA - CEDI CALLE 80,13347891,INSPECCIÓN SEMANAL LLENADORA,ESTADO Y FUNCIONAMIENTO DE COMPONENTES MECANICOS,si,CUMPLE,"8/5/2024, 11:18:14","0,3333333333",,,,,si,.,.,CUMPLE
"LINEA DE ENVASADO 1.25 l, 1,5 l  Y  2 l",518625,LLENADORA REPOTENCIADA - CEDI CALLE 80,13347891,INSPECCIÓN SEMANAL LLENADORA,ESTADO Y FUNCIONAMIENTO DE COMPONENTES ELECTRICOS,si,CUMPLE,"8/5/2024, 11:18:24","0,3333333333",si,si,si,si,si,.,.,CUMPLE
"LINEA DE ENVASADO 1.25 l, 1,5 l  Y  2 l",820070,CONDENSADOR EVAPORATIVO,13347909,INSPECCION SEMANAL DEL CONDENSADOR EVA 3,FUGAS DE AIRE/ ACEITE/ AMONIACO,,,,"0,3333333333",si,si,si,si,,,,
"LINEA DE ENVASADO 1.25 l, 1,5 l  Y  2 l",820070,CONDENSADOR EVAPORATIVO,13347909,INSPECCION SEMANAL DEL CONDENSADOR EVA 3,ESTADO Y FUNCIONAMIENTO DE COMPONENTES MECANICOS,,,,"0,3333333333",si,si,si,si,,,,
"LINEA DE ENVASADO 1.25 l, 1,5 l  Y  2 l",820070,CONDENSADOR EVAPORATIVO,13347909,INSPECCION SEMANAL DEL CONDENSADOR EVA 3,ESTADO Y FUNCIONAMIENTO DE COMPONENTES ELECTRICOS,,,,"0,3333333333",si,si,si,si,,,,
LINEA DE ENVASADO LATA,630006,CONDENSADOR EVAPORATIVO,13347683,INSPECCION SEMANAL DEL CONDENSADOR EVA 3,FUGAS DE AIRE/ ACEITE/ AMONIACO,si,CUMPLE,"6/5/2024, 17:15:47","0,3333333333",,,,,si,.,.,CUMPLE
LINEA DE ENVASADO LATA,630006,CONDENSADOR EVAPORATIVO,13347683,INSPECCION SEMANAL DEL CONDENSADOR EVA 3,ESTADO Y FUNCIONAMIENTO DE COMPONENTES MECANICOS,si,CUMPLE,"6/5/2024, 17:15:53","0,3333333333",,,,,si,.,.,CUMPLE
LINEA DE ENVASADO LATA,630006,CONDENSADOR EVAPORATIVO,13347683,INSPECCION SEMANAL DEL CONDENSADOR EVA 3,ESTADO Y FUNCIONAMIENTO DE COMPONENTES ELECTRICOS,si,CUMPLE,"6/5/2024, 17:15:58","0,3333333333",,,,,si,.,.,CUMPLE
LINEA DE ENVASADO LATA,628875,COMPRESOR DE REFRIGERACION No. 1,13347678,INSPECCION SEMANAL COMPRESOR 1 LINEA 3,FUGAS DE AGUA/ ACEITE/ AMONIACO,si,CUMPLE,"7/5/2024, 16:42:20","0,1666666667",si,si,si,si,si,.,.,CUMPLE
LINEA DE ENVASADO LATA,628875,COMPRESOR DE REFRIGERACION No. 1,13347678,INSPECCION SEMANAL COMPRESOR 1 LINEA 3,ESTADO Y FUNCIONAMIENTO DE COMPONENTES MECANICOS,si,CUMPLE,"7/5/2024, 16:42:27","0,1666666667",,,,,si,.,.,CUMPLE
LINEA DE ENVASADO LATA,628875,COMPRESOR DE REFRIGERACION No. 1,13347678,INSPECCION SEMANAL COMPRESOR 1 LINEA 3,ESTADO Y FUNCIONAMIENTO DE COMPONENTES ELECTRICOS,si,CUMPLE,"7/5/2024, 16:42:32","0,1666666667",,,,,si,.,.,CUMPLE
LINEA DE ENVASADO LATA,628907,COMPRESOR DE REFRIGERACION No. 2,13347680,INSPECCION SEMANAL COMPRESOR 1 LINEA 3,FUGAS DE AGUA/ ACEITE/ AMONIACO,si,CUMPLE,"7/5/2024, 1:51:43","0,1666666667",,,,,si,.,.,CUMPLE
LINEA DE ENVASADO LATA,628907,COMPRESOR DE REFRIGERACION No. 2,13347680,INSPECCION SEMANAL COMPRESOR 1 LINEA 3,ESTADO Y FUNCIONAMIENTO DE COMPONENTES MECANICOS,si,CUMPLE,"7/5/2024, 1:51:53","0,1666666667",,,,,si,.,.,CUMPLE
LINEA DE ENVASADO LATA,628907,COMPRESOR DE REFRIGERACION No. 2,13347680,INSPECCION SEMANAL COMPRESOR 1 LINEA 3,ESTADO Y FUNCIONAMIENTO DE COMPONENTES ELECTRICOS,si,CUMPLE,"7/5/2024, 1:52:00","0,1666666667",,,,,si,.,.,CUMPLE
EQUIPOS PARA  ENVASADO JUGOS HIT,710309,CAPSULADORA WHITE CUP,13347665,INSPECCION SEMANAL CAPSULADORA WHITE CUP,FUGAS DE AIRE/ ACEITE,si,CUMPLE,"9/5/2024, 14:02:53","0,1666666667",si,si,si,si,si,.,.,CUMPLE
EQUIPOS PARA  ENVASADO JUGOS HIT,710309,CAPSULADORA WHITE CUP,13347665,INSPECCION SEMANAL CAPSULADORA WHITE CUP,ESTADO Y FUNCIONAMIENTO DE COMPONENTES MECANICOS,si,CUMPLE,"9/5/2024, 14:03:06","0,1666666667",si,si,si,si,si,.,.,CUMPLE
EQUIPOS PARA  ENVASADO JUGOS HIT,710309,CAPSULADORA WHITE CUP,13347665,INSPECCION SEMANAL CAPSULADORA WHITE CUP,ESTADO Y FUNCIONAMIENTO DE COMPONENTES ELECTRICOS,si,CUMPLE,"9/5/2024, 14:03:13","0,1666666667",si,si,si,si,si,.,.,CUMPLE
EQUIPOS PARA  ENVASADO JUGOS HIT,82960101,CODIFICADOR,13347670,INSPECCION SEMANAL CODIFICADOR NRET HIT.,ESTADO Y FUNCIONAMIENTO CABEZAL CODIFICADOR,si,CUMPLE,"8/5/2024, 4:33:01","0,05",si,si,si,si,si,.,.,CUMPLE
EQUIPOS PARA  ENVASADO JUGOS HIT,82960101,CODIFICADOR,13347670,INSPECCION SEMANAL CODIFICADOR NRET HIT.,ALINEACIÓN CHORRO/REGULACION DE TINTA,si,CUMPLE,"8/5/2024, 4:33:07","0,05",si,si,si,si,si,.,.,CUMPLE
EQUIPOS PARA  ENVASADO JUGOS HIT,82960101,CODIFICADOR,13347670,INSPECCION SEMANAL CODIFICADOR NRET HIT.,VERIFICAR IMPRESIÓN Y NIVELES DE FLUIDOS,si,CUMPLE,"8/5/2024, 4:33:12","0,05",si,si,si,si,si,.,.,CUMPLE
EQUIPOS PARA  ENVASADO JUGOS HIT,82960101,CODIFICADOR,13347670,INSPECCION SEMANAL CODIFICADOR NRET HIT.,COMPONENTES SUELTOS Ó AUSENTES,si,CUMPLE,"8/5/2024, 4:33:16","0,05",si,si,si,si,si,.,.,CUMPLE
EQUIPOS PARA  ENVASADO JUGOS HIT,589687,CODIFICADOR,13347869,INSPECCION SEMANAL CODIFICADOR,ESTADO Y FUNCIONAMIENTO CABEZAL CODIFICADOR,si,CUMPLE,"8/5/2024, 4:33:19","0,05",,,,,si,.,.,CUMPLE
EQUIPOS PARA  ENVASADO JUGOS HIT,589687,CODIFICADOR,13347869,INSPECCION SEMANAL CODIFICADOR,ALINEACIÓN CHORRO/REGULACION DE TINTA,si,CUMPLE,"8/5/2024, 4:33:22","0,05",,,,,si,.,.,CUMPLE
EQUIPOS PARA  ENVASADO JUGOS HIT,589687,CODIFICADOR,13347869,INSPECCION SEMANAL CODIFICADOR,VERIFICAR IMPRESIÓN Y NIVELES DE FLUIDOS,si,CUMPLE,"8/5/2024, 4:33:25","0,05",,,,,si,.,.,CUMPLE
EQUIPOS PARA  ENVASADO JUGOS HIT,589687,CODIFICADOR,13347869,INSPECCION SEMANAL CODIFICADOR,COMPONENTES SUELTOS Ó AUSENTES,si,CUMPLE,"8/5/2024, 4:33:29","0,05",,,,,si,.,.,CUMPLE
EQUIPOS PARA  ENVASADO JUGOS HIT,900053,COOLER,13347666,INSPECCION SEMANAL OPERACION COOLER,FUGAS DE AIRE/ ACEITE,si,CUMPLE,"10/5/2024, 10:31:30","0,0666666667",si,si,si,si,si,.,.,CUMPLE
EQUIPOS PARA  ENVASADO JUGOS HIT,900053,COOLER,13347666,INSPECCION SEMANAL OPERACION COOLER,ESTADO Y FUNCIONAMIENTO DE COMPONENTES MECANICOS,si,CUMPLE,"10/5/2024, 10:31:21","0,0666666667",,,,,si,.,.,CUMPLE
EQUIPOS PARA  ENVASADO JUGOS HIT,900053,COOLER,13347666,INSPECCION SEMANAL OPERACION COOLER,ESTADO Y FUNCIONAMIENTO DE COMPONENTES ELECTRICOS,si,CUMPLE,"10/5/2024, 10:31:09","0,0666666667",,,,,si,.,.,CUMPLE
EQUIPOS PARA  ENVASADO JUGOS HIT,710307,DEPALETIZADORA,13347651,INSPECCION SEMANAL DEPALETIZADORA,FUGAS DE AIRE/ ACEITE,si,CUMPLE,"10/5/2024, 10:31:37","0,1666666667",,,,,si,.,.,CUMPLE
EQUIPOS PARA  ENVASADO JUGOS HIT,710307,DEPALETIZADORA,13347651,INSPECCION SEMANAL DEPALETIZADORA,ESTADO Y FUNCIONAMIENTO DE COMPONENTES MECANICOS,si,CUMPLE,"10/5/2024, 10:31:51","0,1666666667",,,,,si,.,.,CUMPLE
EQUIPOS PARA  ENVASADO JUGOS HIT,710307,DEPALETIZADORA,13347651,INSPECCION SEMANAL DEPALETIZADORA,ESTADO Y FUNCIONAMIENTO DE COMPONENTES ELECTRICOS,si,CUMPLE,"10/5/2024, 10:31:57","0,1666666667",,,,,si,.,.,CUMPLE
EQUIPOS PARA  ENVASADO JUGOS HIT,900049,LAVADORA DE CAJAS,13347655,INSPECCION SEMANAL LAVADORA CAJAS,FUGAS DE AIRE/ ACEITE,si,CUMPLE,"8/5/2024, 11:58:06","0,3333333333",si,si,si,si,si,.,.,CUMPLE
EQUIPOS PARA  ENVASADO JUGOS HIT,900049,LAVADORA DE CAJAS,13347655,INSPECCION SEMANAL LAVADORA CAJAS,ESTADO Y FUNCIONAMIENTO DE COMPONENTES MECANICOS,si,CUMPLE,"8/5/2024, 11:57:54","0,3333333333",,,,,si,.,.,CUMPLE
EQUIPOS PARA  ENVASADO JUGOS HIT,900049,LAVADORA DE CAJAS,13347655,INSPECCION SEMANAL LAVADORA CAJAS,ESTADO Y FUNCIONAMIENTO DE COMPONENTES ELECTRICOS,si,CUMPLE,"8/5/2024, 11:58:14","0,3333333333",,,,,si,.,.,CUMPLE
EQUIPOS PARA  ENVASADO JUGOS HIT,900055,TRANSPORTADOR DE BOTELLAS,13347663,INSPECCION SEMANAL TRANSPORTADORES,FUGAS DE AIRE/ ACEITE,si,CUMPLE,"8/5/2024, 11:58:25","0,0666666667",,,,,si,.,.,CUMPLE
EQUIPOS PARA  ENVASADO JUGOS HIT,900055,TRANSPORTADOR DE BOTELLAS,13347663,INSPECCION SEMANAL TRANSPORTADORES,ESTADO Y FUNCIONAMIENTO DE COMPONENTES MECANICOS,si,CUMPLE,"8/5/2024, 11:58:34","0,0666666667",,,,,si,.,.,CUMPLE
EQUIPOS PARA  ENVASADO JUGOS HIT,900055,TRANSPORTADOR DE BOTELLAS,13347663,INSPECCION SEMANAL TRANSPORTADORES,ESTADO Y FUNCIONAMIENTO DE COMPONENTES ELECTRICOS,si,CUMPLE,"8/5/2024, 11:58:54","0,0666666667",,,,,si,.,.,CUMPLE
EQUIPOS PARA  ENVASADO JUGOS HIT,90005502,TUNEL CALENTAMIENTO BOTELLAS HIT,13347815,INSPECCION SEMANAL OPERACION TUNEL,AJUSTE GUÍAS,si,CUMPLE,"8/5/2024, 11:58:42","0,1",,,,,si,.,.,CUMPLE
EQUIPOS PARA  ENVASADO JUGOS HIT,90005502,TUNEL CALENTAMIENTO BOTELLAS HIT,13347815,INSPECCION SEMANAL OPERACION TUNEL,ESTADO TRANSPORTADOR,si,CUMPLE,"8/5/2024, 11:58:47","0,1",,,,,si,.,.,CUMPLE
EQUIPOS PARA  PREPARACION DE JARABE,699606,SALA DE PREPARACION DE JARABE,13347650,INSPECCION SEMANAL OPERACION SALA DE JAR,FUGAS DE AIRE/ ACEITE,si,CUMPLE,"17/5/2024, 14:28:48","0,1666666667",,,,,si,.,.,CUMPLE
EQUIPOS PARA  PREPARACION DE JARABE,699606,SALA DE PREPARACION DE JARABE,13347650,INSPECCION SEMANAL OPERACION SALA DE JAR,ESTADO Y FUNCIONAMIENTO DE COMPONENTES MECANICOS,si,CUMPLE,"17/5/2024, 14:28:18","0,1666666667",,,,,si,.,.,CUMPLE
EQUIPOS PARA PREPARACION JUGOS HIT,900056,SISTEMA A (DRUMP DUMPER ),13347657,INSPECCION SEMANAL SISTEMA A,FUGAS DE AIRE/ ACEITE,si,"Tapón de aceite reductor del cilindro triturador oxidado y desgastado, requiere cambio.............",,"0,0666666667",si,si,si,si,si,Felix Duban Lugo ,Oswaldo Baquero Saenz,https://storage.googleapis.com/glide-prod.appspot.com/uploads-v2/aTmswOOkYXClpN9hgWXL/pub/NIMMD4Q8CDNwx8tKVU7u.jpg
EQUIPOS PARA PREPARACION JUGOS HIT,900056,SISTEMA A (DRUMP DUMPER ),13347657,INSPECCION SEMANAL SISTEMA A,ESTADO Y FUNCIONAMIENTO DE COMPONENTES MECANICOS,si,CUMPLE,"18/5/2024, 10:55:53","0,0666666667",si,si,si,si,si,.,.,CUMPLE
EQUIPOS PARA PREPARACION JUGOS HIT,900056,SISTEMA A (DRUMP DUMPER ),13347657,INSPECCION SEMANAL SISTEMA A,ESTADO Y FUNCIONAMIENTO DE COMPONENTES ELECTRICOS,si,"Motor sin tapa de ventilador y oxidado (falta pintura), bornera suelta",,"0,0666666667",si,si,si,si,si,Felix Duban Lugo ,Oswaldo Baquero Saenz,https://storage.googleapis.com/glide-prod.appspot.com/uploads-v2/aTmswOOkYXClpN9hgWXL/pub/VZURRqlbrMrbCPwl5K7E.jpg
EQUIPOS PARA PREPARACION JUGOS HIT,900057,SISTEMA B (RECONSTITUCION DE PULPA ),13347656,INSPECCION SEMANAL SISTEMA B (RECONSTITU,FUGAS DE AIRE/ ACEITE,si,CUMPLE,"8/5/2024, 15:13:57","0,0666666667",si,si,si,si,si,.,.,CUMPLE
EQUIPOS PARA PREPARACION JUGOS HIT,900057,SISTEMA B (RECONSTITUCION DE PULPA ),13347656,INSPECCION SEMANAL SISTEMA B (RECONSTITU,ESTADO Y FUNCIONAMIENTO DE COMPONENTES MECANICOS,si,CUMPLE,"8/5/2024, 15:14:15","0,0666666667",,,,,si,.,.,CUMPLE
EQUIPOS PARA PREPARACION JUGOS HIT,900057,SISTEMA B (RECONSTITUCION DE PULPA ),13347656,INSPECCION SEMANAL SISTEMA B (RECONSTITU,ESTADO Y FUNCIONAMIENTO DE COMPONENTES ELECTRICOS,si,CUMPLE,"8/5/2024, 15:14:22","0,0666666667",,,,,si,.,.,CUMPLE
EQUIPOS PARA PREPARACION JUGOS HIT,900059,SISTEMA D (PREPARACION  ),13347740,INSPECCION SEMANAL SISTEMA D (PREPARACIO,FUGAS DE AIRE/ ACEITE,si,CUMPLE,"15/5/2024, 15:09:37","0,0666666667",si,si,si,si,si,.,.,CUMPLE
EQUIPOS PARA PREPARACION JUGOS HIT,900059,SISTEMA D (PREPARACION  ),13347740,INSPECCION SEMANAL SISTEMA D (PREPARACIO,ESTADO Y FUNCIONAMIENTO DE COMPONENTES MECANICOS,si,CUMPLE,"15/5/2024, 19:53:26","0,0666666667",,,,,si,.,.,CUMPLE
EQUIPOS PARA PREPARACION JUGOS HIT,900059,SISTEMA D (PREPARACION  ),13347740,INSPECCION SEMANAL SISTEMA D (PREPARACIO,ESTADO Y FUNCIONAMIENTO DE COMPONENTES ELECTRICOS,si,CUMPLE,"15/5/2024, 15:11:18","0,0666666667",,,,,si,.,.,CUMPLE
EQUIPOS PARA PREPARACION JUGOS HIT,900060,SISTEMA E (PASTEURIZA. Y ULTRA PASTER ),13347653,INSPECCION SEMANAL SISTEMA E (PASTEURIZA,FUGAS DE AIRE/ ACEITE,,,,"0,0666666667",si,si,si,si,,,,
EQUIPOS PARA PREPARACION JUGOS HIT,900060,SISTEMA E (PASTEURIZA. Y ULTRA PASTER ),13347653,INSPECCION SEMANAL SISTEMA E (PASTEURIZA,ESTADO Y FUNCIONAMIENTO DE COMPONENTES MECANICOS,,,,"0,0666666667",,,,,,,,
EQUIPOS PARA PREPARACION JUGOS HIT,900060,SISTEMA E (PASTEURIZA. Y ULTRA PASTER ),13347653,INSPECCION SEMANAL SISTEMA E (PASTEURIZA,ESTADO Y FUNCIONAMIENTO DE COMPONENTES ELECTRICOS,,,,"0,0666666667",,,,,,,,
EQUIPOS PARA PREPARACION JUGOS HIT,900061,SISTEMA F (CIP),13347654,INSPECCION SEMANAL  SISTEMA F (CIP),FUGAS DE AIRE/ ACEITE,,,,"0,0666666667",,,,,,,,
EQUIPOS PARA PREPARACION JUGOS HIT,900061,SISTEMA F (CIP),13347654,INSPECCION SEMANAL  SISTEMA F (CIP),ESTADO Y FUNCIONAMIENTO DE COMPONENTES MECANICOS,,,,"0,0666666667",,,,,,,,
EQUIPOS PARA PREPARACION JUGOS HIT,900061,SISTEMA F (CIP),13347654,INSPECCION SEMANAL  SISTEMA F (CIP),ESTADO Y FUNCIONAMIENTO DE COMPONENTES ELECTRICOS,,,,"0,0666666667",,,,,,,,
EQUIPOS PARA SERVICIOS INDUSTRIALES,650005,CALDERA DE 400 BHP,13347729,INSPECCION SEMANAL CALDERA DE 400 BHP,FUGAS DE AIRE/ ACEITE,si,CUMPLE,"18/5/2024, 8:21:48","0,0666666667",si,si,si,si,si,.,.,CUMPLE
EQUIPOS PARA SERVICIOS INDUSTRIALES,650005,CALDERA DE 400 BHP,13347729,INSPECCION SEMANAL CALDERA DE 400 BHP,ESTADO Y FUNCIONAMIENTO DE COMPONENTES MECANICOS,si,CUMPLE,"18/5/2024, 8:22:08","0,0666666667",,,,,si,.,.,CUMPLE
EQUIPOS PARA SERVICIOS INDUSTRIALES,650005,CALDERA DE 400 BHP,13347729,INSPECCION SEMANAL CALDERA DE 400 BHP,ESTADO Y FUNCIONAMIENTO DE COMPONENTES ELECTRICOS,si,CUMPLE,"18/5/2024, 8:22:15","0,0666666667",,,,,si,.,.,CUMPLE
EQUIPOS PARA SERVICIOS INDUSTRIALES,900062,CALDERA DE 500 BHP,13347728,INSPECCION SEMANAL CALDERA DE 500 BHP,FUGAS DE AIRE/ ACEITE,si,CUMPLE,"18/5/2024, 8:22:39","0,0666666667",,,,,si,.,.,CUMPLE
EQUIPOS PARA SERVICIOS INDUSTRIALES,900062,CALDERA DE 500 BHP,13347728,INSPECCION SEMANAL CALDERA DE 500 BHP,ESTADO Y FUNCIONAMIENTO DE COMPONENTES MECANICOS,si,CUMPLE,"18/5/2024, 8:22:46","0,0666666667",,,,,si,.,.,CUMPLE
EQUIPOS PARA SERVICIOS INDUSTRIALES,900062,CALDERA DE 500 BHP,13347728,INSPECCION SEMANAL CALDERA DE 500 BHP,ESTADO Y FUNCIONAMIENTO DE COMPONENTES ELECTRICOS,si,CUMPLE,"18/5/2024, 8:22:52","0,0666666667",,,,,si,.,.,CUMPLE
EQUIPOS PARA SERVICIOS INDUSTRIALES,649579,COMPRESOR DE AIRE ATLAS COPCO,13347731,INSPECCION SEMANAL COMPRESOR DE AIRE ATL,FUGAS DE AIRE/ ACEITE,si,CUMPLE,"18/5/2024, 8:23:16","0,0666666667",,,,,si,.,.,CUMPLE
EQUIPOS PARA SERVICIOS INDUSTRIALES,649579,COMPRESOR DE AIRE ATLAS COPCO,13347731,INSPECCION SEMANAL COMPRESOR DE AIRE ATL,ESTADO Y FUNCIONAMIENTO DE COMPONENTES MECANICOS,si,CUMPLE,"18/5/2024, 8:23:34","0,0666666667",,,,,si,.,.,CUMPLE
EQUIPOS PARA SERVICIOS INDUSTRIALES,649579,COMPRESOR DE AIRE ATLAS COPCO,13347731,INSPECCION SEMANAL COMPRESOR DE AIRE ATL,ESTADO Y FUNCIONAMIENTO DE COMPONENTES ELECTRICOS,si,CUMPLE,"18/5/2024, 8:23:42","0,0666666667",,,,,si,.,.,CUMPLE
EQUIPOS PARA SERVICIOS INDUSTRIALES,829074,COMPRESOR TORNILLO AIRE,13347838,INSPECCION SEMANAL COMPRESOR DE AIRE ATL,FUGAS DE AIRE/ ACEITE,si,CUMPLE,"18/5/2024, 8:27:48","0,0666666667",,,,,si,.,.,CUMPLE
EQUIPOS PARA SERVICIOS INDUSTRIALES,829074,COMPRESOR TORNILLO AIRE,13347838,INSPECCION SEMANAL COMPRESOR DE AIRE ATL,ESTADO Y FUNCIONAMIENTO DE COMPONENTES MECANICOS,si,CUMPLE,"18/5/2024, 8:27:18","0,0666666667",,,,,si,.,.,CUMPLE
EQUIPOS PARA SERVICIOS INDUSTRIALES,829074,COMPRESOR TORNILLO AIRE,13347838,INSPECCION SEMANAL COMPRESOR DE AIRE ATL,ESTADO Y FUNCIONAMIENTO DE COMPONENTES ELECTRICOS,si,CUMPLE,"18/5/2024, 8:27:01","0,0666666667",,,,,si,.,.,CUMPLE
EQUIPOS PARA SERVICIOS INDUSTRIALES,829073,COMPRESOR TORNILLO AIRE VEL. VARIABLE,13347841,INSPECCION SEMANAL COMPRESOR 829073,FUGAS DE AIRE/ ACEITE,si,CUMPLE,"18/5/2024, 8:25:58","0,0666666667",,,,,si,.,.,CUMPLE
EQUIPOS PARA SERVICIOS INDUSTRIALES,829073,COMPRESOR TORNILLO AIRE VEL. VARIABLE,13347841,INSPECCION SEMANAL COMPRESOR 829073,ESTADO Y FUNCIONAMIENTO DE COMPONENTES MECANICOS,si,CUMPLE,"18/5/2024, 8:24:27","0,0666666667",,,,,si,.,.,CUMPLE
EQUIPOS PARA SERVICIOS INDUSTRIALES,829073,COMPRESOR TORNILLO AIRE VEL. VARIABLE,13347841,INSPECCION SEMANAL COMPRESOR 829073,ESTADO Y FUNCIONAMIENTO DE COMPONENTES ELECTRICOS,si,CUMPLE,"18/5/2024, 8:24:19","0,0666666667",,,,,si,.,.,CUMPLE
"LINEA DE ENVASADO 1.25 l, 1,5 l  Y  2 l",828040,DESEMPACADORA,13347911,INSPECCION SEMANAL EMPACADORA 828743,FUGAS DE AIRE/ ACEITE,,,,"0,3333333333",si,si,si,si,,,,
"LINEA DE ENVASADO 1.25 l, 1,5 l  Y  2 l",828040,DESEMPACADORA,13347911,INSPECCION SEMANAL EMPACADORA 828743,ESTADO Y FUNCIONAMIENTO DE COMPONENTES MECANICOS,,,,"0,3333333333",si,si,si,si,,,,
"LINEA DE ENVASADO 1.25 l, 1,5 l  Y  2 l",828040,DESEMPACADORA,13347911,INSPECCION SEMANAL EMPACADORA 828743,ESTADO Y FUNCIONAMIENTO DE COMPONENTES ELECTRICOS,,,,"0,3333333333",si,si,si,si,,,,
"LINEA DE ENVASADO 1.25 l, 1,5 l  Y  2 l",599561,INSPECTOR ELECTRONICO,13347904,INSPECCION SEMANAL OPERACION DEL INSPECT,FUGAS DE AIRE/ ACEITE,si,CUMPLE,"8/5/2024, 11:18:32","0,3333333333",si,si,si,si,si,.,.,CUMPLE
"LINEA DE ENVASADO 1.25 l, 1,5 l  Y  2 l",599561,INSPECTOR ELECTRONICO,13347904,INSPECCION SEMANAL OPERACION DEL INSPECT,ESTADO Y FUNCIONAMIENTO DE COMPONENTES MECANICOS,si,CUMPLE,"8/5/2024, 11:18:36","0,3333333333",,,,,si,.,.,CUMPLE
"LINEA DE ENVASADO 1.25 l, 1,5 l  Y  2 l",599561,INSPECTOR ELECTRONICO,13347904,INSPECCION SEMANAL OPERACION DEL INSPECT,ESTADO Y FUNCIONAMIENTO DE COMPONENTES ELECTRICOS,si,CUMPLE,"8/5/2024, 11:18:40","0,3333333333",,,,,si,.,.,CUMPLE
"LINEA DE ENVASADO 1.25 l, 1,5 l  Y  2 l",828996,PROCESADOR DE BEBIDA,13347660,INSPECCION SEMANAL PROCESADOR DE BEBIDA,FUGAS DE AIRE/ ACEITE/ AMONIACO,si,CUMPLE,"8/5/2024, 11:18:46","0,3333333333",si,si,si,si,si,.,.,CUMPLE
"LINEA DE ENVASADO 1.25 l, 1,5 l  Y  2 l",828996,PROCESADOR DE BEBIDA,13347660,INSPECCION SEMANAL PROCESADOR DE BEBIDA,ESTADO Y FUNCIONAMIENTO DE COMPONENTES MECANICOS,si,CUMPLE,"8/5/2024, 11:18:49","0,3333333333",,,,,si,.,.,CUMPLE
"LINEA DE ENVASADO 1.25 l, 1,5 l  Y  2 l",828996,PROCESADOR DE BEBIDA,13347660,INSPECCION SEMANAL PROCESADOR DE BEBIDA,ESTADO Y FUNCIONAMIENTO DE COMPONENTES ELECTRICOS,si,CUMPLE,"8/5/2024, 11:18:51","0,3333333333",,,,,si,.,.,CUMPLE
"LINEA DE ENVASADO 1.25 l, 1,5 l  Y  2 l",820030,TANDEM DE PALETIZADO,13347672,INSPECCION SEMANAL OPERACION TANDEM,FUGAS DE AIRE/ ACEITE,si,CUMPLE,"21/5/2024, 11:07:02","0,3333333333",si,si,si,si,si,.,.,CUMPLE
"LINEA DE ENVASADO 1.25 l, 1,5 l  Y  2 l",820030,TANDEM DE PALETIZADO,13347672,INSPECCION SEMANAL OPERACION TANDEM,ESTADO Y FUNCIONAMIENTO DE COMPONENTES MECANICOS,si,CUMPLE,"21/5/2024, 11:11:17","0,3333333333",,,,,si,.,.,CUMPLE
"LINEA DE ENVASADO 1.25 l, 1,5 l  Y  2 l",820030,TANDEM DE PALETIZADO,13347672,INSPECCION SEMANAL OPERACION TANDEM,ESTADO Y FUNCIONAMIENTO DE COMPONENTES ELECTRICOS,si,CUMPLE,"21/5/2024, 11:11:24","0,3333333333",si,si,si,si,si,.,.,CUMPLE
LINEA DE ENVASADO LATA,810003,CALENTADOR DE LATAS,13347681,INSPECCION SEMANAL CALENADOR DE LATAS,FUGAS DE AIRE/ ACEITE,si,CUMPLE,"7/5/2024, 1:53:08","0,3333333333",si,si,si,si,si,.,.,CUMPLE
LINEA DE ENVASADO LATA,810003,CALENTADOR DE LATAS,13347681,INSPECCION SEMANAL CALENADOR DE LATAS,ESTADO Y FUNCIONAMIENTO DE COMPONENTES MECANICOS,si,CUMPLE,"7/5/2024, 1:53:19","0,3333333333",si,si,si,si,si,.,.,CUMPLE
LINEA DE ENVASADO LATA,810003,CALENTADOR DE LATAS,13347681,INSPECCION SEMANAL CALENADOR DE LATAS,ESTADO Y FUNCIONAMIENTO DE COMPONENTES ELECTRICOS,si,CUMPLE,"7/5/2024, 1:53:24","0,3333333333",si,si,si,si,si,.,.,CUMPLE
LINEA DE ENVASADO LATA,528834,CARBO COOLER,13347661,INSPECCION SEMANAL OPER CARBO L4,FUGAS DE AIRE/ ACEITE/ AMONIACO,si,CUMPLE,"17/5/2024, 6:23:48","0,3333333333",si,si,si,si,si,.,.,CUMPLE
LINEA DE ENVASADO LATA,528834,CARBO COOLER,13347661,INSPECCION SEMANAL OPER CARBO L4,ESTADO Y FUNCIONAMIENTO DE COMPONENTES MECANICOS,si,CUMPLE,"17/5/2024, 6:24:56","0,3333333333",si,si,si,si,si,.,.,CUMPLE
LINEA DE ENVASADO LATA,528834,CARBO COOLER,13347661,INSPECCION SEMANAL OPER CARBO L4,ESTADO Y FUNCIONAMIENTO DE COMPONENTES ELECTRICOS,si,CUMPLE,"17/5/2024, 6:25:16","0,3333333333",si,si,si,si,si,.,.,CUMPLE
LINEA DE ENVASADO LATA,82960201,CODIFICADOR,13347753,INSPECCION SEMANAL CODIFICADOR NRET HIT,ESTADO Y FUNCIONAMIENTO CABEZAL CODIFICADOR,si,CUMPLE,"7/5/2024, 20:15:14","0,0714285714",,,,,si,.,.,CUMPLE
LINEA DE ENVASADO LATA,82960201,CODIFICADOR,13347753,INSPECCION SEMANAL CODIFICADOR NRET HIT,ALINEACIÓN CHORRO/REGULACION DE TINTA,si,CUMPLE,"7/5/2024, 20:15:20","0,0714285714",,,,,si,.,.,CUMPLE
LINEA DE ENVASADO LATA,82960201,CODIFICADOR,13347753,INSPECCION SEMANAL CODIFICADOR NRET HIT,VERIFICAR IMPRESIÓN Y NIVELES DE FLUIDOS,si,CUMPLE,"7/5/2024, 20:15:26","0,0714285714",,,,,si,.,.,CUMPLE
LINEA DE ENVASADO LATA,82960201,CODIFICADOR,13347753,INSPECCION SEMANAL CODIFICADOR NRET HIT,COMPONENTES SUELTOS Ó AUSENTES,si,CUMPLE,"7/5/2024, 20:15:35","0,0714285714",,,,,si,.,.,CUMPLE
LINEA DE ENVASADO LATA,82960201,CODIFICADOR,13347753,INSPECCION SEMANAL CODIFICADOR NRET HIT,ESTADO Y FUNCIONAMIENTO CABEZAL CODIFICADOR,si,CUMPLE,"7/5/2024, 20:15:44","0,0714285714",,,,,si,.,.,CUMPLE
LINEA DE ENVASADO LATA,82960201,CODIFICADOR,13347753,INSPECCION SEMANAL CODIFICADOR NRET HIT,ALINEACIÓN CHORRO/REGULACION DE TINTA,si,CUMPLE,"7/5/2024, 20:15:39","0,0714285714",,,,,si,.,.,CUMPLE
LINEA DE ENVASADO LATA,82960201,CODIFICADOR,13347753,INSPECCION SEMANAL CODIFICADOR NRET HIT,VERIFICAR IMPRESIÓN Y NIVELES DE FLUIDOS,si,CUMPLE,"7/5/2024, 20:15:50","0,0714285714",,,,,si,.,.,CUMPLE
LINEA DE ENVASADO LATA,82960402,CODIFICADOR,13347812,INSPECCION SEMANAL CODIFICADOR NRET HIT,COMPONENTES SUELTOS Ó AUSENTES,si,CUMPLE,"7/5/2024, 20:15:57","0,5",,,,,si,.,.,CUMPLE
LINEA DE ENVASADO LATA,819101,DEPALETIZADORA LATA,13347677,INSPECCION SEMANAL DEPALETIZADORA LATA,FUGAS DE AIRE/ ACEITE,si,CUMPLE,"17/5/2024, 6:27:56","0,1",,,,,si,.,.,CUMPLE
LINEA DE ENVASADO LATA,819101,DEPALETIZADORA LATA,13347677,INSPECCION SEMANAL DEPALETIZADORA LATA,ESTADO Y FUNCIONAMIENTO DE COMPONENTES MECANICOS,si,CUMPLE,"17/5/2024, 6:28:16","0,1",,,,,si,.,.,CUMPLE
LINEA DE ENVASADO LATA,819101,DEPALETIZADORA LATA,13347677,INSPECCION SEMANAL DEPALETIZADORA LATA,ESTADO Y FUNCIONAMIENTO DE COMPONENTES ELECTRICOS,si,CUMPLE,"17/5/2024, 6:28:36","0,1",,,,,si,.,.,CUMPLE
LINEA DE ENVASADO LATA,810004,ENFARDADORA,13347685,INSPECCION SEMANAL ENFARDADORA,FUGAS DE AIRE/ ACEITE,si,CUMPLE,"9/5/2024, 23:48:48","0,1666666667",,,,,si,.,.,CUMPLE
LINEA DE ENVASADO LATA,810004,ENFARDADORA,13347685,INSPECCION SEMANAL ENFARDADORA,ESTADO Y FUNCIONAMIENTO DE COMPONENTES MECANICOS,si,CUMPLE,"9/5/2024, 23:48:58","0,1666666667",,,,,si,.,.,CUMPLE
LINEA DE ENVASADO LATA,810004,ENFARDADORA,13347685,INSPECCION SEMANAL ENFARDADORA,ESTADO Y FUNCIONAMIENTO DE COMPONENTES ELECTRICOS,si,CUMPLE,"9/5/2024, 23:49:03","0,1666666667",,,,,si,.,.,CUMPLE
LINEA DE ENVASADO LATA,8100062,ENJUAGADORA DE LATAS - RINSER,13347712,INSPECCION SEMANAL OPERACION RINSER,ESTADO SISTEMA NEUMÁTICO (ELECTROVÁLVULAS. CILINDROS ) ,si,CUMPLE,"6/5/2024, 17:16:04","0,3333333333",,,,,si,.,.,CUMPLE
LINEA DE ENVASADO LATA,8100062,ENJUAGADORA DE LATAS - RINSER,13347712,INSPECCION SEMANAL OPERACION RINSER,"REVISIÓN DE TUBERÍA, BOQUILLAS, EMPAQUES, MANOMETROS",si,CUMPLE,"6/5/2024, 17:16:09","0,3333333333",,,,,si,.,.,CUMPLE
LINEA DE ENVASADO LATA,8100062,ENJUAGADORA DE LATAS - RINSER,13347712,INSPECCION SEMANAL OPERACION RINSER,AJUSTE TORNILLERIA GENERAL,si,CUMPLE,"6/5/2024, 17:16:14","0,3333333333",,,,,si,.,.,CUMPLE
LINEA DE ENVASADO LATA,810006,LLENADORA  DE LATA,13347676,INSPECCIÓN SEMANAL LLENADORA LINEA 4,FUGAS DE AIRE/ ACEITE,si,CUMPLE,"6/5/2024, 17:16:22","0,3333333333",,,,,si,.,.,CUMPLE
LINEA DE ENVASADO LATA,810006,LLENADORA  DE LATA,13347676,INSPECCIÓN SEMANAL LLENADORA LINEA 4,ESTADO Y FUNCIONAMIENTO DE COMPONENTES MECANICOS,si,CUMPLE,"6/5/2024, 17:16:27","0,3333333333",,,,,si,.,.,CUMPLE
LINEA DE ENVASADO LATA,810006,LLENADORA  DE LATA,13347676,INSPECCIÓN SEMANAL LLENADORA LINEA 4,ESTADO Y FUNCIONAMIENTO DE COMPONENTES ELECTRICOS,si,CUMPLE,"6/5/2024, 17:16:30","0,3333333333",,,,,si,.,.,CUMPLE
LINEA DE ENVASADO LATA,829604,TRANSPORTADOR DE LATAS,13347686,INSPECCION SEMANAL TRANSPORTADOR LATAS,FUGAS DE AIRE/ ACEITE,si,CUMPLE,"6/5/2024, 17:16:34","0,3333333333",si,si,si,si,si,.,.,CUMPLE
LINEA DE ENVASADO LATA,829604,TRANSPORTADOR DE LATAS,13347686,INSPECCION SEMANAL TRANSPORTADOR LATAS,ESTADO Y FUNCIONAMIENTO DE COMPONENTES MECANICOS,si,CUMPLE,"6/5/2024, 17:16:38","0,3333333333",si,si,si,si,si,.,.,CUMPLE
LINEA DE ENVASADO LATA,829604,TRANSPORTADOR DE LATAS,13347686,INSPECCION SEMANAL TRANSPORTADOR LATAS,ESTADO Y FUNCIONAMIENTO DE COMPONENTES ELECTRICOS,si,CUMPLE,"6/5/2024, 17:16:42","0,3333333333",si,si,si,si,si,.,.,CUMPLE
LINEA PET AGUA ALIGERADA,829704,ALIMENTADOR DE TAPA PLASTICA,13347791,INSPECCIÓN SEMANAL DEL CLASIFICADOR DE T,FUGAS DE AIRE/ ACEITE,si,CUMPLE,"7/5/2024, 0:59:20","0,0666666667",,,,,si,.,.,CUMPLE
LINEA PET AGUA ALIGERADA,829704,ALIMENTADOR DE TAPA PLASTICA,13347791,INSPECCIÓN SEMANAL DEL CLASIFICADOR DE T,ESTADO Y FUNCIONAMIENTO DE COMPONENTES MECANICOS,si,CUMPLE,"7/5/2024, 0:59:30","0,0666666667",,,,,si,.,.,CUMPLE
LINEA PET AGUA ALIGERADA,829704,ALIMENTADOR DE TAPA PLASTICA,13347791,INSPECCIÓN SEMANAL DEL CLASIFICADOR DE T,ESTADO Y FUNCIONAMIENTO DE COMPONENTES ELECTRICOS,si,CUMPLE,"7/5/2024, 0:59:40","0,0666666667",,,,,si,.,.,CUMPLE
LINEA PET AGUA ALIGERADA,589662,CODIFICADOR LASER DE ENVASE,13347805,INSPECCION SEMANAL CODIFICADOR LASER,ESTADO Y FUNCIONAMIENTO LÁMPARA SEÑAL DE SERVICIO,si,CUMPLE,"14/5/2024, 14:09:37","0,0222222222",si,si,si,si,si,.,.,CUMPLE
LINEA PET AGUA ALIGERADA,589662,CODIFICADOR LASER DE ENVASE,13347805,INSPECCION SEMANAL CODIFICADOR LASER,VERIFICAR IMPRESIÓN,si,CUMPLE,"14/5/2024, 14:09:43","0,0222222222",,,,,si,.,.,CUMPLE
LINEA PET AGUA ALIGERADA,589662,CODIFICADOR LASER DE ENVASE,13347805,INSPECCION SEMANAL CODIFICADOR LASER,ESTADO DE FILTROS Y MANGUERAS,si,CUMPLE,"14/5/2024, 14:09:51","0,0222222222",,,,,si,.,.,CUMPLE
LINEA PET AGUA ALIGERADA,589662,CODIFICADOR LASER DE ENVASE,13347805,INSPECCION SEMANAL CODIFICADOR LASER,LIMPIEZA LENTE,si,CUMPLE,"14/5/2024, 14:10:03","0,0222222222",,,,,si,.,.,CUMPLE
LINEA PET AGUA ALIGERADA,589662,CODIFICADOR LASER DE ENVASE,13347805,INSPECCION SEMANAL CODIFICADOR LASER,ESTADO DE EXTRACTORES,si,CUMPLE,"14/5/2024, 14:10:13","0,0222222222",,,,,si,.,.,CUMPLE
LINEA PET AGUA ALIGERADA,589662,CODIFICADOR LASER DE ENVASE,13347805,INSPECCION SEMANAL CODIFICADOR LASER,ESTADO Y FUNCIONAMIENTO CABEZAL CODIFICADOR,si,CUMPLE,"14/5/2024, 14:10:21","0,0222222222",,,,,si,.,.,CUMPLE
LINEA PET AGUA ALIGERADA,589662,CODIFICADOR LASER DE ENVASE,13347805,INSPECCION SEMANAL CODIFICADOR LASER,ESTADO ESTABILIZADOR DE VOLTAJE,si,CUMPLE,"14/5/2024, 14:10:26","0,0222222222",,,,,si,.,.,CUMPLE
LINEA PET AGUA ALIGERADA,589662,CODIFICADOR LASER DE ENVASE,13347805,INSPECCION SEMANAL CODIFICADOR LASER,COMPONENTES SUELTOS Ó AUSENTES,si,CUMPLE,"14/5/2024, 14:10:33","0,0222222222",,,,,si,.,.,CUMPLE
LINEA PET AGUA ALIGERADA,589662,CODIFICADOR LASER DE ENVASE,13347805,INSPECCION SEMANAL CODIFICADOR LASER,COMPONENTES ELECTRICOS MOTORES/CABLEADO/SENSORES/ELECTROVALVULAS,si,CUMPLE,"14/5/2024, 14:10:40","0,0222222222",,,,,si,.,.,CUMPLE
LINEA PET AGUA ALIGERADA,589686,CODIFICADOR LINEA PET,13347868,INSPECCION SEMANAL CODIFICADOR,ESTADO Y FUNCIONAMIENTO CABEZAL CODIFICADOR,si,,,"0,0285714286",,,,,si,,,
LINEA PET AGUA ALIGERADA,589686,CODIFICADOR LINEA PET,13347868,INSPECCION SEMANAL CODIFICADOR,ESTADO TRAMPA DE TINTA/BLOQUEO DE RETORNO,si,CUMPLE,"15/5/2024, 7:44:03","0,0285714286",,,,,si,.,.,CUMPLE
LINEA PET AGUA ALIGERADA,589686,CODIFICADOR LINEA PET,13347868,INSPECCION SEMANAL CODIFICADOR,ALINEACIÓN CHORRO/REGULACION DE TINTA,si,CUMPLE,"15/5/2024, 7:43:29","0,0285714286",,,,,si,.,.,CUMPLE
LINEA PET AGUA ALIGERADA,589686,CODIFICADOR LINEA PET,13347868,INSPECCION SEMANAL CODIFICADOR,ESTADO ESTABILIZADOR DE VOLTAJE,si,CUMPLE,"15/5/2024, 7:44:19","0,0285714286",,,,,si,.,.,CUMPLE
LINEA PET AGUA ALIGERADA,589686,CODIFICADOR LINEA PET,13347868,INSPECCION SEMANAL CODIFICADOR,VERIFICAR IMPRESIÓN Y NIVELES DE FLUIDOS,si,CUMPLE,"15/5/2024, 7:44:39","0,0285714286",,,,,si,.,.,CUMPLE
LINEA PET AGUA ALIGERADA,589686,CODIFICADOR LINEA PET,13347868,INSPECCION SEMANAL CODIFICADOR,COMPONENTES SUELTOS Ó AUSENTES,si,CUMPLE,"15/5/2024, 7:46:19","0,0285714286",,,,,si,.,.,CUMPLE
LINEA PET AGUA ALIGERADA,589686,CODIFICADOR LINEA PET,13347868,INSPECCION SEMANAL CODIFICADOR,COMPONENTES ELECTRICOS MOTORES/CABLEADO/SENSORES/ELECTROVALVULAS,si,CUMPLE,"15/5/2024, 7:46:39","0,0285714286",,,,,si,.,.,CUMPLE
LINEA PET AGUA ALIGERADA,710325,ENFARDADORA,13347788,INSPECCION SEMANAL ENFARDADORA 710325,FUGAS DE AIRE/ ACEITE,si,CUMPLE,"7/5/2024, 1:00:10","0,0666666667",,,,,si,.,.,CUMPLE
LINEA PET AGUA ALIGERADA,710325,ENFARDADORA,13347788,INSPECCION SEMANAL ENFARDADORA 710325,ESTADO Y FUNCIONAMIENTO DE COMPONENTES MECANICOS,si,CUMPLE,"7/5/2024, 1:04:33","0,0666666667",,,,,si,.,.,CUMPLE
LINEA PET AGUA ALIGERADA,710325,ENFARDADORA,13347788,INSPECCION SEMANAL ENFARDADORA 710325,ESTADO Y FUNCIONAMIENTO DE COMPONENTES ELECTRICOS,si,"Termo válvulas del túnel de retractilado desmontadas por Falla en el mismo, se precisa verificación de las se precisa Verificación de las mismas y se precisa verificación del funcionamiento y se precisa la verificación del correcto funcionamiento de las Termocuplas",,"0,0666666667",,,,,si,Juan Bermudez,Oswaldo Baquero Saenz,https://storage.googleapis.com/glide-prod.appspot.com/uploads-v2/aTmswOOkYXClpN9hgWXL/pub/M1dsaNRPqghmgLKLBpwk.jpg
LINEA PET AGUA ALIGERADA,579081,ENVOLVEDORA FILM PLASTICO,13347783,INSPECCION SEMANAL ENVOLVEDORA FILM PLAS,FUGAS DE AIRE/ ACEITE,si,CUMPLE,"7/5/2024, 1:14:33","0,0666666667",,,,,si,.,.,CUMPLE
LINEA PET AGUA ALIGERADA,579081,ENVOLVEDORA FILM PLASTICO,13347783,INSPECCION SEMANAL ENVOLVEDORA FILM PLAS,ESTADO Y FUNCIONAMIENTO DE COMPONENTES MECANICOS,si,CUMPLE,"7/5/2024, 1:16:13","0,0666666667",,,,,si,.,.,CUMPLE
LINEA PET AGUA ALIGERADA,579081,ENVOLVEDORA FILM PLASTICO,13347783,INSPECCION SEMANAL ENVOLVEDORA FILM PLAS,ESTADO Y FUNCIONAMIENTO DE COMPONENTES ELECTRICOS,si,CUMPLE,"7/5/2024, 1:16:17","0,0666666667",,,,,si,.,.,CUMPLE
LINEA PET AGUA ALIGERADA,820084,ETIQUETADORA ENVOLVENTE,13347782,INSPECCION SEMANAL ETIQUETADORA,FUGAS DE AIRE/ ACEITE,si,CUMPLE,"7/5/2024, 1:23:43","0,0666666667",,,,,si,.,.,CUMPLE
LINEA PET AGUA ALIGERADA,820084,ETIQUETADORA ENVOLVENTE,13347782,INSPECCION SEMANAL ETIQUETADORA,ESTADO Y FUNCIONAMIENTO DE COMPONENTES MECANICOS,si,CUMPLE,"14/5/2024, 14:11:58","0,0666666667",,,,,si,.,.,CUMPLE
LINEA PET AGUA ALIGERADA,820084,ETIQUETADORA ENVOLVENTE,13347782,INSPECCION SEMANAL ETIQUETADORA,ESTADO Y FUNCIONAMIENTO DE COMPONENTES ELECTRICOS,si,CUMPLE,"14/5/2024, 14:12:07","0,0666666667",,,,,si,.,.,CUMPLE
LINEA PET AGUA ALIGERADA,599606,INSPECTOR ELECTRONICO,13347785,INSPECCION SEMANAL INSP ELECT 599606,FUGAS DE AIRE/ ACEITE,si,CUMPLE,"15/5/2024, 7:48:33","0,0666666667",,,,,si,.,.,CUMPLE
LINEA PET AGUA ALIGERADA,599606,INSPECTOR ELECTRONICO,13347785,INSPECCION SEMANAL INSP ELECT 599606,ESTADO Y FUNCIONAMIENTO DE COMPONENTES MECANICOS,si,CUMPLE,"15/5/2024, 7:48:42","0,0666666667",,,,,si,.,.,CUMPLE
LINEA PET AGUA ALIGERADA,599606,INSPECTOR ELECTRONICO,13347785,INSPECCION SEMANAL INSP ELECT 599606,ESTADO Y FUNCIONAMIENTO DE COMPONENTES ELECTRICOS,si,CUMPLE,"15/5/2024, 7:48:50","0,0666666667",,,,,si,.,.,CUMPLE
LINEA PET AGUA ALIGERADA,820213,LIMPIEZA POR ESPUMA,13347794,INSPECCIÓN SEM DE LA LIMPIEZA POR ESPUMA,FUGAS DE AIRE/ ACEITE,si,CUMPLE,"14/5/2024, 14:12:45","0,0666666667",,,,,si,.,.,CUMPLE
LINEA PET AGUA ALIGERADA,820213,LIMPIEZA POR ESPUMA,13347794,INSPECCIÓN SEM DE LA LIMPIEZA POR ESPUMA,ESTADO Y FUNCIONAMIENTO DE COMPONENTES MECANICOS,si,CUMPLE,"14/5/2024, 14:12:53","0,0666666667",,,,,si,.,.,CUMPLE
LINEA PET AGUA ALIGERADA,820213,LIMPIEZA POR ESPUMA,13347794,INSPECCIÓN SEM DE LA LIMPIEZA POR ESPUMA,ESTADO Y FUNCIONAMIENTO DE COMPONENTES ELECTRICOS,si,CUMPLE,"14/5/2024, 14:13:07","0,0666666667",,,,,si,.,.,CUMPLE
LINEA PET AGUA ALIGERADA,519562,LLENADORA DE BOTELLAS PET 48 VALVULAS,13347778,INSPECCION SEMANAL LLENADORA BOT PET,FUGAS DE AIRE/ ACEITE,si,,,"0,0666666667",,,,,si,,,
LINEA PET AGUA ALIGERADA,519562,LLENADORA DE BOTELLAS PET 48 VALVULAS,13347778,INSPECCION SEMANAL LLENADORA BOT PET,ESTADO Y FUNCIONAMIENTO DE COMPONENTES MECANICOS,si,CUMPLE,"16/5/2024, 12:57:15","0,0666666667",,,,,si,.,.,CUMPLE
LINEA PET AGUA ALIGERADA,519562,LLENADORA DE BOTELLAS PET 48 VALVULAS,13347778,INSPECCION SEMANAL LLENADORA BOT PET,ESTADO Y FUNCIONAMIENTO DE COMPONENTES ELECTRICOS,si,CUMPLE,"16/5/2024, 12:57:27","0,0666666667",si,si,si,si,si,.,.,CUMPLE
LINEA PET AGUA ALIGERADA,829872,LUBRICACION DE TRANSPORTADORES,13347806,INSPECCION SEMANAL LUBRIC TRANSPORTAORES,ESTADO DE RED DE LUBRICACIÓN Y ACCESORIOS.,si,CUMPLE,"7/5/2024, 1:05:03","0,2",,,,,si,.,.,CUMPLE
LINEA PET AGUA ALIGERADA,579082,PALETIZADORA,13347796,INSPECCION SEMANAL PALETIZADORA 579082,FUGAS DE AIRE/ ACEITE,si,CUMPLE,"7/5/2024, 1:01:40","0,0666666667",,,,,si,.,.,CUMPLE
LINEA PET AGUA ALIGERADA,579082,PALETIZADORA,13347796,INSPECCION SEMANAL PALETIZADORA 579082,ESTADO Y FUNCIONAMIENTO DE COMPONENTES MECANICOS,si,CUMPLE,"7/5/2024, 1:04:56","0,0666666667",,,,,si,.,.,CUMPLE
LINEA PET AGUA ALIGERADA,579082,PALETIZADORA,13347796,INSPECCION SEMANAL PALETIZADORA 579082,ESTADO Y FUNCIONAMIENTO DE COMPONENTES ELECTRICOS,si,"Se ha presentado recurrentemente fallas en el eje z, se precisa Verificación para el próximo Mantenimiento ",,"0,0666666667",,,,,si,Juan Bermudez,Oswaldo Baquero Saenz,https://storage.googleapis.com/glide-prod.appspot.com/uploads-v2/aTmswOOkYXClpN9hgWXL/pub/aF7R42JNkROru8tviDw4.jpg
LINEA PET AGUA ALIGERADA,820304,SALA LIMPIA,13347803,INSPECCIÓN SEM DE LA SALA LIMPIA 820304,FUGAS DE AIRE/ ACEITE,si,CUMPLE,"7/5/2024, 1:01:23","0,0666666667",,,,,si,.,.,CUMPLE
LINEA PET AGUA ALIGERADA,820304,SALA LIMPIA,13347803,INSPECCIÓN SEM DE LA SALA LIMPIA 820304,ESTADO Y FUNCIONAMIENTO DE COMPONENTES MECANICOS,si,CUMPLE,"7/5/2024, 1:01:26","0,0666666667",,,,,si,.,.,CUMPLE
LINEA PET AGUA ALIGERADA,820304,SALA LIMPIA,13347803,INSPECCIÓN SEM DE LA SALA LIMPIA 820304,ESTADO Y FUNCIONAMIENTO DE COMPONENTES ELECTRICOS,si,CUMPLE,"7/5/2024, 1:01:30","0,0666666667",,,,,si,.,.,CUMPLE
LINEA PET AGUA ALIGERADA,829873,TRANSPORTE DE ENVASES,13347780,INSPECCION SEMANAL TRANSP ENVASE 829873,FUGAS DE AIRE/ ACEITE,si,CUMPLE,"7/5/2024, 1:01:08","0,0666666667",,,,,si,.,.,CUMPLE
LINEA PET AGUA ALIGERADA,829873,TRANSPORTE DE ENVASES,13347780,INSPECCION SEMANAL TRANSP ENVASE 829873,ESTADO Y FUNCIONAMIENTO DE COMPONENTES MECANICOS,si,CUMPLE,"7/5/2024, 1:01:13","0,0666666667",,,,,si,.,.,CUMPLE
LINEA PET AGUA ALIGERADA,829873,TRANSPORTE DE ENVASES,13347780,INSPECCION SEMANAL TRANSP ENVASE 829873,ESTADO Y FUNCIONAMIENTO DE COMPONENTES ELECTRICOS,si,CUMPLE,"7/5/2024, 1:01:16","0,0666666667",,,,,si,.,.,CUMPLE
LINEA PET AGUA ALIGERADA,829875,TRANSPORTE DE PALETS,13347799,INSPECCION SEMANAL TRANSPORTE PALETS,FUGAS DE AIRE/ ACEITE,si,CUMPLE,"16/5/2024, 9:32:13","0,0666666667",,,,,si,.,.,CUMPLE
LINEA PET AGUA ALIGERADA,829875,TRANSPORTE DE PALETS,13347799,INSPECCION SEMANAL TRANSPORTE PALETS,ESTADO Y FUNCIONAMIENTO DE COMPONENTES MECANICOS,si,CUMPLE,"16/5/2024, 9:33:03","0,0666666667",,,,,si,.,.,CUMPLE
LINEA PET AGUA ALIGERADA,829875,TRANSPORTE DE PALETS,13347799,INSPECCION SEMANAL TRANSPORTE PALETS,ESTADO Y FUNCIONAMIENTO DE COMPONENTES ELECTRICOS,si,CUMPLE,"16/5/2024, 9:33:17","0,0666666667",,,,,si,.,.,CUMPLE
LINEA PET AGUA ALIGERADA,829874,TRANSPORTE DE PAQUETES,13347802,INSPECCION SEMANAL TRANSP PAQUETES,FUGAS DE AIRE/ ACEITE,si,CUMPLE,"7/5/2024, 1:01:00","0,0666666667",,,,,si,.,.,CUMPLE
LINEA PET AGUA ALIGERADA,829874,TRANSPORTE DE PAQUETES,13347802,INSPECCION SEMANAL TRANSP PAQUETES,ESTADO Y FUNCIONAMIENTO DE COMPONENTES MECANICOS,si,CUMPLE,"7/5/2024, 1:00:50","0,0666666667",,,,,si,.,.,CUMPLE
LINEA PET AGUA ALIGERADA,829874,TRANSPORTE DE PAQUETES,13347802,INSPECCION SEMANAL TRANSP PAQUETES,ESTADO Y FUNCIONAMIENTO DE COMPONENTES ELECTRICOS,si,CUMPLE,"7/5/2024, 1:00:42","0,0666666667",,,,,si,.,.,CUMPLE
"LINEA DE ENVASADO 1.25 l, 1,5 l  Y  2 l",518625,LLENADORA REPOTENCIADA - CEDI CALLE 80,13347891,INSPECCIÓN SEMANAL LLENADORA,FUGAS DE AIRE/ ACEITE,si,CUMPLE,"15/5/2024, 21:28:12","0,3333333333",,,,,si,.,.,CUMPLE
"LINEA DE ENVASADO 1.25 l, 1,5 l  Y  2 l",518625,LLENADORA REPOTENCIADA - CEDI CALLE 80,13347891,INSPECCIÓN SEMANAL LLENADORA,ESTADO Y FUNCIONAMIENTO DE COMPONENTES MECANICOS,si,CUMPLE,"15/5/2024, 21:28:24","0,3333333333",,,,,si,.,.,CUMPLE
"LINEA DE ENVASADO 1.25 l, 1,5 l  Y  2 l",518625,LLENADORA REPOTENCIADA - CEDI CALLE 80,13347891,INSPECCIÓN SEMANAL LLENADORA,ESTADO Y FUNCIONAMIENTO DE COMPONENTES ELECTRICOS,si,CUMPLE,"15/5/2024, 21:28:28","0,3333333333",,,,,si,.,.,CUMPLE
"LINEA DE ENVASADO 1.25 l, 1,5 l  Y  2 l",820070,CONDENSADOR EVAPORATIVO,13347909,INSPECCION SEMANAL DEL CONDENSADOR EVA 3,FUGAS DE AIRE/ ACEITE/ AMONIACO,,,,"0,3333333333",,,,,,,,
"LINEA DE ENVASADO 1.25 l, 1,5 l  Y  2 l",820070,CONDENSADOR EVAPORATIVO,13347909,INSPECCION SEMANAL DEL CONDENSADOR EVA 3,ESTADO Y FUNCIONAMIENTO DE COMPONENTES MECANICOS,,,,"0,3333333333",,,,,,,,
"LINEA DE ENVASADO 1.25 l, 1,5 l  Y  2 l",820070,CONDENSADOR EVAPORATIVO,13347909,INSPECCION SEMANAL DEL CONDENSADOR EVA 3,ESTADO Y FUNCIONAMIENTO DE COMPONENTES ELECTRICOS,,,,"0,3333333333",,,,,,,,
LINEA DE ENVASADO LATA,630006,CONDENSADOR EVAPORATIVO,13347683,INSPECCION SEMANAL DEL CONDENSADOR EVA 3,FUGAS DE AIRE/ ACEITE/ AMONIACO,si,CUMPLE,"14/5/2024, 6:00:56","0,3333333333",,,,,si,.,.,CUMPLE
LINEA DE ENVASADO LATA,630006,CONDENSADOR EVAPORATIVO,13347683,INSPECCION SEMANAL DEL CONDENSADOR EVA 3,ESTADO Y FUNCIONAMIENTO DE COMPONENTES MECANICOS,si,CUMPLE,"14/5/2024, 6:01:01","0,3333333333",,,,,si,.,.,CUMPLE
LINEA DE ENVASADO LATA,630006,CONDENSADOR EVAPORATIVO,13347683,INSPECCION SEMANAL DEL CONDENSADOR EVA 3,ESTADO Y FUNCIONAMIENTO DE COMPONENTES ELECTRICOS,si,CUMPLE,"14/5/2024, 6:01:04","0,3333333333",,,,,si,.,.,CUMPLE
LINEA DE ENVASADO LATA,628875,COMPRESOR DE REFRIGERACION No. 1,13347678,INSPECCION SEMANAL COMPRESOR 1 LINEA 3,FUGAS DE AGUA/ ACEITE/ AMONIACO,si,CUMPLE,"14/5/2024, 6:01:09","0,1666666667",,,,,si,.,.,CUMPLE
LINEA DE ENVASADO LATA,628875,COMPRESOR DE REFRIGERACION No. 1,13347678,INSPECCION SEMANAL COMPRESOR 1 LINEA 3,ESTADO Y FUNCIONAMIENTO DE COMPONENTES MECANICOS,si,CUMPLE,"14/5/2024, 6:01:13","0,1666666667",,,,,si,.,.,CUMPLE
LINEA DE ENVASADO LATA,628875,COMPRESOR DE REFRIGERACION No. 1,13347678,INSPECCION SEMANAL COMPRESOR 1 LINEA 3,ESTADO Y FUNCIONAMIENTO DE COMPONENTES ELECTRICOS,si,CUMPLE,"14/5/2024, 6:01:17","0,1666666667",,,,,si,.,.,CUMPLE
LINEA DE ENVASADO LATA,628907,COMPRESOR DE REFRIGERACION No. 2,13347680,INSPECCION SEMANAL COMPRESOR 1 LINEA 3,FUGAS DE AGUA/ ACEITE/ AMONIACO,si,CUMPLE,"15/5/2024, 7:36:02","0,1666666667",,,,,si,.,.,CUMPLE
LINEA DE ENVASADO LATA,628907,COMPRESOR DE REFRIGERACION No. 2,13347680,INSPECCION SEMANAL COMPRESOR 1 LINEA 3,ESTADO Y FUNCIONAMIENTO DE COMPONENTES MECANICOS,si,CUMPLE,"15/5/2024, 7:36:49","0,1666666667",,,,,si,.,.,CUMPLE
LINEA DE ENVASADO LATA,628907,COMPRESOR DE REFRIGERACION No. 2,13347680,INSPECCION SEMANAL COMPRESOR 1 LINEA 3,ESTADO Y FUNCIONAMIENTO DE COMPONENTES ELECTRICOS,si,CUMPLE,"15/5/2024, 7:36:44","0,1666666667",,,,,si,.,.,CUMPLE
EQUIPOS PARA  ENVASADO JUGOS HIT,710309,CAPSULADORA WHITE CUP,13347665,INSPECCION SEMANAL CAPSULADORA WHITE CUP,FUGAS DE AIRE/ ACEITE,si,CUMPLE,"15/5/2024, 10:35:27","0,1666666667",,,,,si,.,.,CUMPLE
EQUIPOS PARA  ENVASADO JUGOS HIT,710309,CAPSULADORA WHITE CUP,13347665,INSPECCION SEMANAL CAPSULADORA WHITE CUP,ESTADO Y FUNCIONAMIENTO DE COMPONENTES MECANICOS,si,CUMPLE,"15/5/2024, 10:35:31","0,1666666667",,,,,si,.,.,CUMPLE
EQUIPOS PARA  ENVASADO JUGOS HIT,710309,CAPSULADORA WHITE CUP,13347665,INSPECCION SEMANAL CAPSULADORA WHITE CUP,ESTADO Y FUNCIONAMIENTO DE COMPONENTES ELECTRICOS,si,CUMPLE,"15/5/2024, 10:35:35","0,1666666667",,,,,si,.,.,CUMPLE
EQUIPOS PARA  ENVASADO JUGOS HIT,900053,COOLER,13347666,INSPECCION SEMANAL OPERACION COOLER,FUGAS DE AIRE/ ACEITE,si,CUMPLE,"15/5/2024, 1:55:51","0,0666666667",,,,,si,.,.,CUMPLE
EQUIPOS PARA  ENVASADO JUGOS HIT,900053,COOLER,13347666,INSPECCION SEMANAL OPERACION COOLER,ESTADO Y FUNCIONAMIENTO DE COMPONENTES MECANICOS,si,CUMPLE,"15/5/2024, 1:56:11","0,0666666667",,,,,si,.,.,CUMPLE
EQUIPOS PARA  ENVASADO JUGOS HIT,900053,COOLER,13347666,INSPECCION SEMANAL OPERACION COOLER,ESTADO Y FUNCIONAMIENTO DE COMPONENTES ELECTRICOS,si,CUMPLE,"15/5/2024, 1:56:24","0,0666666667",,,,,si,.,.,CUMPLE
EQUIPOS PARA  ENVASADO JUGOS HIT,710307,DEPALETIZADORA,13347651,INSPECCION SEMANAL DEPALETIZADORA,ESTADO Y FUNCIONAMIENTO DE COMPONENTES ELECTRICOS,si,CUMPLE,"15/5/2024, 1:57:33","0,1666666667",,,,,si,.,.,CUMPLE
EQUIPOS PARA  ENVASADO JUGOS HIT,900049,LAVADORA DE CAJAS,13347655,INSPECCION SEMANAL LAVADORA CAJAS,FUGAS DE AIRE/ ACEITE,si,CUMPLE,"15/5/2024, 10:35:40","0,3333333333",,,,,si,.,.,CUMPLE
EQUIPOS PARA  ENVASADO JUGOS HIT,900049,LAVADORA DE CAJAS,13347655,INSPECCION SEMANAL LAVADORA CAJAS,ESTADO Y FUNCIONAMIENTO DE COMPONENTES MECANICOS,si,CUMPLE,"15/5/2024, 10:35:43","0,3333333333",,,,,si,.,.,CUMPLE
EQUIPOS PARA  ENVASADO JUGOS HIT,900049,LAVADORA DE CAJAS,13347655,INSPECCION SEMANAL LAVADORA CAJAS,ESTADO Y FUNCIONAMIENTO DE COMPONENTES ELECTRICOS,si,CUMPLE,"15/5/2024, 10:35:47","0,3333333333",,,,,si,.,.,CUMPLE
EQUIPOS PARA  ENVASADO JUGOS HIT,900055,TRANSPORTADOR DE BOTELLAS,13347663,INSPECCION SEMANAL TRANSPORTADORES,FUGAS DE AIRE/ ACEITE,si,CUMPLE,"15/5/2024, 14:37:51","0,0666666667",si,si,si,si,si,.,.,CUMPLE
EQUIPOS PARA  ENVASADO JUGOS HIT,900055,TRANSPORTADOR DE BOTELLAS,13347663,INSPECCION SEMANAL TRANSPORTADORES,ESTADO Y FUNCIONAMIENTO DE COMPONENTES MECANICOS,si,CUMPLE,"15/5/2024, 14:38:03","0,0666666667",si,si,si,si,si,.,.,CUMPLE
EQUIPOS PARA  ENVASADO JUGOS HIT,900055,TRANSPORTADOR DE BOTELLAS,13347663,INSPECCION SEMANAL TRANSPORTADORES,ESTADO Y FUNCIONAMIENTO DE COMPONENTES ELECTRICOS,si,CUMPLE,"15/5/2024, 14:38:16","0,0666666667",si,si,si,si,si,.,.,CUMPLE
EQUIPOS PARA PREPARACION JUGOS HIT,900056,SISTEMA A (DRUMP DUMPER ),13347657,INSPECCION SEMANAL SISTEMA A,FUGAS DE AIRE/ ACEITE,si,CUMPLE,"18/5/2024, 10:56:02","0,0666666667",si,si,si,si,si,.,.,CUMPLE
EQUIPOS PARA PREPARACION JUGOS HIT,900056,SISTEMA A (DRUMP DUMPER ),13347657,INSPECCION SEMANAL SISTEMA A,ESTADO Y FUNCIONAMIENTO DE COMPONENTES MECANICOS,si,CUMPLE,"18/5/2024, 10:56:25","0,0666666667",si,si,si,si,si,.,.,CUMPLE
EQUIPOS PARA PREPARACION JUGOS HIT,900056,SISTEMA A (DRUMP DUMPER ),13347657,INSPECCION SEMANAL SISTEMA A,ESTADO Y FUNCIONAMIENTO DE COMPONENTES ELECTRICOS,si,CUMPLE,"18/5/2024, 10:56:32","0,0666666667",si,si,si,si,si,.,.,CUMPLE
EQUIPOS PARA PREPARACION JUGOS HIT,900057,SISTEMA B (RECONSTITUCION DE PULPA ),13347656,INSPECCION SEMANAL SISTEMA B (RECONSTITU,FUGAS DE AIRE/ ACEITE,si,CUMPLE,"15/5/2024, 9:45:51","0,0666666667",,,,,si,.,.,CUMPLE
EQUIPOS PARA PREPARACION JUGOS HIT,900057,SISTEMA B (RECONSTITUCION DE PULPA ),13347656,INSPECCION SEMANAL SISTEMA B (RECONSTITU,ESTADO Y FUNCIONAMIENTO DE COMPONENTES MECANICOS,si,CUMPLE,"15/5/2024, 9:46:06","0,0666666667",,,,,si,.,.,CUMPLE
EQUIPOS PARA PREPARACION JUGOS HIT,900057,SISTEMA B (RECONSTITUCION DE PULPA ),13347656,INSPECCION SEMANAL SISTEMA B (RECONSTITU,ESTADO Y FUNCIONAMIENTO DE COMPONENTES ELECTRICOS,si,CUMPLE,"15/5/2024, 9:46:21","0,0666666667",,,,,si,.,.,CUMPLE
EQUIPOS PARA PREPARACION JUGOS HIT,900058,SISTEMA C (DISOLUCCION DE AZUCAR ),13353239,INSPECCION SEMANAL SISTEMA C (DISOLUCCIO,FUGAS DE AIRE/ ACEITE,,,,"0,0666666667",,,,,,,,
EQUIPOS PARA PREPARACION JUGOS HIT,900058,SISTEMA C (DISOLUCCION DE AZUCAR ),13353239,INSPECCION SEMANAL SISTEMA C (DISOLUCCIO,ESTADO Y FUNCIONAMIENTO DE COMPONENTES MECANICOS,,,,"0,0666666667",,,,,,,,
EQUIPOS PARA PREPARACION JUGOS HIT,900058,SISTEMA C (DISOLUCCION DE AZUCAR ),13353239,INSPECCION SEMANAL SISTEMA C (DISOLUCCIO,ESTADO Y FUNCIONAMIENTO DE COMPONENTES ELECTRICOS,,,,"0,0666666667",,,,,,,,
EQUIPOS PARA PREPARACION JUGOS HIT,900059,SISTEMA D (PREPARACION  ),13347740,INSPECCION SEMANAL SISTEMA D (PREPARACIO,FUGAS DE AIRE/ ACEITE,si,CUMPLE,"15/5/2024, 15:09:57","0,0666666667",,,,,si,.,.,CUMPLE
EQUIPOS PARA PREPARACION JUGOS HIT,900059,SISTEMA D (PREPARACION  ),13347740,INSPECCION SEMANAL SISTEMA D (PREPARACIO,ESTADO Y FUNCIONAMIENTO DE COMPONENTES MECANICOS,si,CUMPLE,"20/5/2024, 9:20:23","0,0666666667",,,,,si,.,.,CUMPLE
EQUIPOS PARA PREPARACION JUGOS HIT,900059,SISTEMA D (PREPARACION  ),13347740,INSPECCION SEMANAL SISTEMA D (PREPARACIO,ESTADO Y FUNCIONAMIENTO DE COMPONENTES ELECTRICOS,si,CUMPLE,"15/5/2024, 15:10:04","0,0666666667",,,,,si,.,.,CUMPLE
EQUIPOS PARA PREPARACION JUGOS HIT,900060,SISTEMA E (PASTEURIZA. Y ULTRA PASTER ),13347653,INSPECCION SEMANAL SISTEMA E (PASTEURIZA,FUGAS DE AIRE/ ACEITE,,,,"0,0666666667",,,,,,,,
EQUIPOS PARA PREPARACION JUGOS HIT,900060,SISTEMA E (PASTEURIZA. Y ULTRA PASTER ),13347653,INSPECCION SEMANAL SISTEMA E (PASTEURIZA,ESTADO Y FUNCIONAMIENTO DE COMPONENTES MECANICOS,,,,"0,0666666667",,,,,,,,
EQUIPOS PARA PREPARACION JUGOS HIT,900060,SISTEMA E (PASTEURIZA. Y ULTRA PASTER ),13347653,INSPECCION SEMANAL SISTEMA E (PASTEURIZA,ESTADO Y FUNCIONAMIENTO DE COMPONENTES ELECTRICOS,,,,"0,0666666667",,,,,,,,
EQUIPOS PARA PREPARACION JUGOS HIT,900061,SISTEMA F (CIP),13347654,INSPECCION SEMANAL  SISTEMA F (CIP),FUGAS DE AIRE/ ACEITE,,,,"0,0666666667",,,,,,,,
EQUIPOS PARA PREPARACION JUGOS HIT,900061,SISTEMA F (CIP),13347654,INSPECCION SEMANAL  SISTEMA F (CIP),ESTADO Y FUNCIONAMIENTO DE COMPONENTES MECANICOS,,,,"0,0666666667",,,,,,,,
EQUIPOS PARA PREPARACION JUGOS HIT,900061,SISTEMA F (CIP),13347654,INSPECCION SEMANAL  SISTEMA F (CIP),ESTADO Y FUNCIONAMIENTO DE COMPONENTES ELECTRICOS,,,,"0,0666666667",,,,,,,,
EQUIPOS PARA SERVICIOS INDUSTRIALES,650005,CALDERA DE 400 BHP,13347729,INSPECCION SEMANAL CALDERA DE 400 BHP,FUGAS DE AIRE/ ACEITE,si,CUMPLE,"18/5/2024, 8:22:20","0,0666666667",,,,,si,.,.,CUMPLE
EQUIPOS PARA SERVICIOS INDUSTRIALES,650005,CALDERA DE 400 BHP,13347729,INSPECCION SEMANAL CALDERA DE 400 BHP,ESTADO Y FUNCIONAMIENTO DE COMPONENTES MECANICOS,si,CUMPLE,"18/5/2024, 8:22:26","0,0666666667",,,,,si,.,.,CUMPLE
EQUIPOS PARA SERVICIOS INDUSTRIALES,650005,CALDERA DE 400 BHP,13347729,INSPECCION SEMANAL CALDERA DE 400 BHP,ESTADO Y FUNCIONAMIENTO DE COMPONENTES ELECTRICOS,si,CUMPLE,"18/5/2024, 8:22:32","0,0666666667",,,,,si,.,.,CUMPLE
EQUIPOS PARA SERVICIOS INDUSTRIALES,900062,CALDERA DE 500 BHP,13347728,INSPECCION SEMANAL CALDERA DE 500 BHP,FUGAS DE AIRE/ ACEITE,si,CUMPLE,"18/5/2024, 8:22:58","0,0666666667",,,,,si,.,.,CUMPLE
EQUIPOS PARA SERVICIOS INDUSTRIALES,900062,CALDERA DE 500 BHP,13347728,INSPECCION SEMANAL CALDERA DE 500 BHP,ESTADO Y FUNCIONAMIENTO DE COMPONENTES MECANICOS,si,CUMPLE,"18/5/2024, 8:23:03","0,0666666667",,,,,si,.,.,CUMPLE
EQUIPOS PARA SERVICIOS INDUSTRIALES,900062,CALDERA DE 500 BHP,13347728,INSPECCION SEMANAL CALDERA DE 500 BHP,ESTADO Y FUNCIONAMIENTO DE COMPONENTES ELECTRICOS,si,CUMPLE,"18/5/2024, 8:23:10","0,0666666667",,,,,si,.,.,CUMPLE
EQUIPOS PARA SERVICIOS INDUSTRIALES,649579,COMPRESOR DE AIRE ATLAS COPCO,13347731,INSPECCION SEMANAL COMPRESOR DE AIRE ATL,FUGAS DE AIRE/ ACEITE,si,CUMPLE,"18/5/2024, 8:28:01","0,0666666667",,,,,si,.,.,CUMPLE
EQUIPOS PARA SERVICIOS INDUSTRIALES,649579,COMPRESOR DE AIRE ATLAS COPCO,13347731,INSPECCION SEMANAL COMPRESOR DE AIRE ATL,ESTADO Y FUNCIONAMIENTO DE COMPONENTES MECANICOS,si,CUMPLE,"18/5/2024, 8:26:55","0,0666666667",,,,,si,.,.,CUMPLE
EQUIPOS PARA SERVICIOS INDUSTRIALES,649579,COMPRESOR DE AIRE ATLAS COPCO,13347731,INSPECCION SEMANAL COMPRESOR DE AIRE ATL,ESTADO Y FUNCIONAMIENTO DE COMPONENTES ELECTRICOS,si,CUMPLE,"18/5/2024, 8:26:49","0,0666666667",,,,,si,.,.,CUMPLE
EQUIPOS PARA SERVICIOS INDUSTRIALES,829074,COMPRESOR TORNILLO AIRE,13347838,INSPECCION SEMANAL COMPRESOR DE AIRE ATL,FUGAS DE AIRE/ ACEITE,si,"se presenta fuga de aceite parte inferior del motor, ya el servicio tecnico de la firma ATLAS COPCO realizo inspecion y deja reporte de la falla",,"0,0666666667",,,,,si,Esteban Rodríguez ,Oswaldo Baquero Saenz,https://storage.googleapis.com/glide-prod.appspot.com/uploads-v2/aTmswOOkYXClpN9hgWXL/pub/q7aZUUNn9PDfEvWDOpMS.jpg
EQUIPOS PARA SERVICIOS INDUSTRIALES,829074,COMPRESOR TORNILLO AIRE,13347838,INSPECCION SEMANAL COMPRESOR DE AIRE ATL,ESTADO Y FUNCIONAMIENTO DE COMPONENTES MECANICOS,,,,"0,0666666667",,,,,no,.,.,
EQUIPOS PARA SERVICIOS INDUSTRIALES,829074,COMPRESOR TORNILLO AIRE,13347838,INSPECCION SEMANAL COMPRESOR DE AIRE ATL,ESTADO Y FUNCIONAMIENTO DE COMPONENTES ELECTRICOS,si,CUMPLE,"18/5/2024, 8:26:33","0,0666666667",,,,,si,.,.,CUMPLE
EQUIPOS PARA SERVICIOS INDUSTRIALES,829073,COMPRESOR TORNILLO AIRE VEL. VARIABLE,13347841,INSPECCION SEMANAL COMPRESOR 829073,FUGAS DE AIRE/ ACEITE,si,CUMPLE,"18/5/2024, 8:26:13","0,0666666667",,,,,si,.,.,CUMPLE
EQUIPOS PARA SERVICIOS INDUSTRIALES,829073,COMPRESOR TORNILLO AIRE VEL. VARIABLE,13347841,INSPECCION SEMANAL COMPRESOR 829073,ESTADO Y FUNCIONAMIENTO DE COMPONENTES MECANICOS,si,CUMPLE,"18/5/2024, 8:24:12","0,0666666667",,,,,si,.,.,CUMPLE
EQUIPOS PARA SERVICIOS INDUSTRIALES,829073,COMPRESOR TORNILLO AIRE VEL. VARIABLE,13347841,INSPECCION SEMANAL COMPRESOR 829073,ESTADO Y FUNCIONAMIENTO DE COMPONENTES ELECTRICOS,si,CUMPLE,"18/5/2024, 8:24:05","0,0666666667",,,,,si,.,.,CUMPLE
"LINEA DE ENVASADO 1.25 l, 1,5 l  Y  2 l",828040,DESEMPACADORA,13347911,INSPECCION SEMANAL EMPACADORA 828743,FUGAS DE AIRE/ ACEITE,,,,"0,3333333333",,,,,,,,
"LINEA DE ENVASADO 1.25 l, 1,5 l  Y  2 l",828040,DESEMPACADORA,13347911,INSPECCION SEMANAL EMPACADORA 828743,ESTADO Y FUNCIONAMIENTO DE COMPONENTES MECANICOS,,,,"0,3333333333",,,,,,,,
"LINEA DE ENVASADO 1.25 l, 1,5 l  Y  2 l",828040,DESEMPACADORA,13347911,INSPECCION SEMANAL EMPACADORA 828743,ESTADO Y FUNCIONAMIENTO DE COMPONENTES ELECTRICOS,,,,"0,3333333333",,,,,,,,
"LINEA DE ENVASADO 1.25 l, 1,5 l  Y  2 l",599561,INSPECTOR ELECTRONICO,13347904,INSPECCION SEMANAL OPERACION DEL INSPECT,FUGAS DE AIRE/ ACEITE,si,CUMPLE,"15/5/2024, 21:30:22","0,3333333333",,,,,si,.,.,CUMPLE
"LINEA DE ENVASADO 1.25 l, 1,5 l  Y  2 l",599561,INSPECTOR ELECTRONICO,13347904,INSPECCION SEMANAL OPERACION DEL INSPECT,ESTADO Y FUNCIONAMIENTO DE COMPONENTES MECANICOS,si,CUMPLE,"15/5/2024, 21:30:29","0,3333333333",,,,,si,.,.,CUMPLE
"LINEA DE ENVASADO 1.25 l, 1,5 l  Y  2 l",599561,INSPECTOR ELECTRONICO,13347904,INSPECCION SEMANAL OPERACION DEL INSPECT,ESTADO Y FUNCIONAMIENTO DE COMPONENTES ELECTRICOS,si,CUMPLE,"15/5/2024, 21:32:42","0,3333333333",,,,,si,.,.,CUMPLE
"LINEA DE ENVASADO 1.25 l, 1,5 l  Y  2 l",828996,PROCESADOR DE BEBIDA,13347660,INSPECCION SEMANAL PROCESADOR DE BEBIDA,FUGAS DE AIRE/ ACEITE/ AMONIACO,si,CUMPLE,"15/5/2024, 21:31:54","0,3333333333",,,,,si,.,.,CUMPLE
"LINEA DE ENVASADO 1.25 l, 1,5 l  Y  2 l",828996,PROCESADOR DE BEBIDA,13347660,INSPECCION SEMANAL PROCESADOR DE BEBIDA,ESTADO Y FUNCIONAMIENTO DE COMPONENTES MECANICOS,si,CUMPLE,"15/5/2024, 21:31:49","0,3333333333",,,,,si,.,.,CUMPLE
"LINEA DE ENVASADO 1.25 l, 1,5 l  Y  2 l",828996,PROCESADOR DE BEBIDA,13347660,INSPECCION SEMANAL PROCESADOR DE BEBIDA,ESTADO Y FUNCIONAMIENTO DE COMPONENTES ELECTRICOS,si,CUMPLE,"15/5/2024, 21:31:42","0,3333333333",,,,,si,.,.,CUMPLE
"LINEA DE ENVASADO 1.25 l, 1,5 l  Y  2 l",820030,TANDEM DE PALETIZADO,13347672,INSPECCION SEMANAL OPERACION TANDEM,FUGAS DE AIRE/ ACEITE,si,CUMPLE,"21/5/2024, 11:54:26","0,3333333333",,,,,si,.,.,CUMPLE
"LINEA DE ENVASADO 1.25 l, 1,5 l  Y  2 l",820030,TANDEM DE PALETIZADO,13347672,INSPECCION SEMANAL OPERACION TANDEM,ESTADO Y FUNCIONAMIENTO DE COMPONENTES MECANICOS,si,CUMPLE,"21/5/2024, 11:54:31","0,3333333333",,,,,si,.,.,CUMPLE
"LINEA DE ENVASADO 1.25 l, 1,5 l  Y  2 l",820030,TANDEM DE PALETIZADO,13347672,INSPECCION SEMANAL OPERACION TANDEM,ESTADO Y FUNCIONAMIENTO DE COMPONENTES ELECTRICOS,si,CUMPLE,"21/5/2024, 11:54:35","0,3333333333",,,,,si,.,.,CUMPLE
LINEA DE ENVASADO LATA,810003,CALENTADOR DE LATAS,13347681,INSPECCION SEMANAL CALENADOR DE LATAS,FUGAS DE AIRE/ ACEITE,si,CUMPLE,"16/5/2024, 6:44:49","0,3333333333",,,,,si,.,.,CUMPLE
LINEA DE ENVASADO LATA,810003,CALENTADOR DE LATAS,13347681,INSPECCION SEMANAL CALENADOR DE LATAS,ESTADO Y FUNCIONAMIENTO DE COMPONENTES MECANICOS,si,CUMPLE,"16/5/2024, 6:44:55","0,3333333333",,,,,si,.,.,CUMPLE
LINEA DE ENVASADO LATA,810003,CALENTADOR DE LATAS,13347681,INSPECCION SEMANAL CALENADOR DE LATAS,ESTADO Y FUNCIONAMIENTO DE COMPONENTES ELECTRICOS,si,CUMPLE,"16/5/2024, 6:45:02","0,3333333333",,,,,si,.,.,CUMPLE
LINEA DE ENVASADO LATA,528834,CARBO COOLER,13347661,INSPECCION SEMANAL OPER CARBO L4,FUGAS DE AIRE/ ACEITE/ AMONIACO,si,CUMPLE,"17/5/2024, 6:25:26","0,3333333333",,,,,si,.,.,CUMPLE
LINEA DE ENVASADO LATA,528834,CARBO COOLER,13347661,INSPECCION SEMANAL OPER CARBO L4,ESTADO Y FUNCIONAMIENTO DE COMPONENTES MECANICOS,si,CUMPLE,"17/5/2024, 6:25:46","0,3333333333",,,,,si,.,.,CUMPLE
LINEA DE ENVASADO LATA,528834,CARBO COOLER,13347661,INSPECCION SEMANAL OPER CARBO L4,ESTADO Y FUNCIONAMIENTO DE COMPONENTES ELECTRICOS,si,CUMPLE,"17/5/2024, 6:26:16","0,3333333333",,,,,si,.,.,CUMPLE
LINEA DE ENVASADO LATA,82960201,CODIFICADOR,13347753,INSPECCION SEMANAL CODIFICADOR NRET HIT,ESTADO Y FUNCIONAMIENTO CABEZAL CODIFICADOR,si,CUMPLE,"15/5/2024, 7:44:14","0,0714285714",,,,,si,.,.,CUMPLE
LINEA DE ENVASADO LATA,82960201,CODIFICADOR,13347753,INSPECCION SEMANAL CODIFICADOR NRET HIT,ALINEACIÓN CHORRO/REGULACION DE TINTA,si,CUMPLE,"15/5/2024, 7:44:18","0,0714285714",,,,,si,.,.,CUMPLE
LINEA DE ENVASADO LATA,82960201,CODIFICADOR,13347753,INSPECCION SEMANAL CODIFICADOR NRET HIT,VERIFICAR IMPRESIÓN Y NIVELES DE FLUIDOS,si,CUMPLE,"15/5/2024, 7:44:25","0,0714285714",,,,,si,.,.,CUMPLE
LINEA DE ENVASADO LATA,82960201,CODIFICADOR,13347753,INSPECCION SEMANAL CODIFICADOR NRET HIT,COMPONENTES SUELTOS Ó AUSENTES,si,CUMPLE,"15/5/2024, 7:44:28","0,0714285714",,,,,si,.,.,CUMPLE
LINEA DE ENVASADO LATA,819101,DEPALETIZADORA LATA,13347677,INSPECCION SEMANAL DEPALETIZADORA LATA,FUGAS DE AIRE/ ACEITE,si,CUMPLE,"17/5/2024, 6:28:46","0,1",,,,,si,.,.,CUMPLE
LINEA DE ENVASADO LATA,819101,DEPALETIZADORA LATA,13347677,INSPECCION SEMANAL DEPALETIZADORA LATA,ESTADO Y FUNCIONAMIENTO DE COMPONENTES MECANICOS,si,CUMPLE,"17/5/2024, 6:28:59","0,1",,,,,si,.,.,CUMPLE
LINEA DE ENVASADO LATA,819101,DEPALETIZADORA LATA,13347677,INSPECCION SEMANAL DEPALETIZADORA LATA,ESTADO Y FUNCIONAMIENTO DE COMPONENTES ELECTRICOS,si,CUMPLE,"17/5/2024, 6:29:12","0,1",,,,,si,.,.,CUMPLE
LINEA DE ENVASADO LATA,810004,ENFARDADORA,13347685,INSPECCION SEMANAL ENFARDADORA,FUGAS DE AIRE/ ACEITE,si,CUMPLE,"15/5/2024, 7:44:40","0,1666666667",,,,,si,.,.,CUMPLE
LINEA DE ENVASADO LATA,810004,ENFARDADORA,13347685,INSPECCION SEMANAL ENFARDADORA,ESTADO Y FUNCIONAMIENTO DE COMPONENTES MECANICOS,si,CUMPLE,"15/5/2024, 7:44:42","0,1666666667",,,,,si,.,.,CUMPLE
LINEA DE ENVASADO LATA,810004,ENFARDADORA,13347685,INSPECCION SEMANAL ENFARDADORA,ESTADO Y FUNCIONAMIENTO DE COMPONENTES ELECTRICOS,si,CUMPLE,"15/5/2024, 7:44:52","0,1666666667",,,,,si,.,.,CUMPLE
LINEA DE ENVASADO LATA,8100062,ENJUAGADORA DE LATAS - RINSER,13347712,INSPECCION SEMANAL OPERACION RINSER,ESTADO SISTEMA NEUMÁTICO (ELECTROVÁLVULAS. CILINDROS ) ,si,CUMPLE,"14/5/2024, 6:01:28","0,3333333333",,,,,si,.,.,CUMPLE
LINEA DE ENVASADO LATA,8100062,ENJUAGADORA DE LATAS - RINSER,13347712,INSPECCION SEMANAL OPERACION RINSER,"REVISIÓN DE TUBERÍA, BOQUILLAS, EMPAQUES, MANOMETROS",si,CUMPLE,"14/5/2024, 6:01:32","0,3333333333",,,,,si,.,.,CUMPLE
LINEA DE ENVASADO LATA,8100062,ENJUAGADORA DE LATAS - RINSER,13347712,INSPECCION SEMANAL OPERACION RINSER,AJUSTE TORNILLERIA GENERAL,si,CUMPLE,"14/5/2024, 6:01:38","0,3333333333",,,,,si,.,.,CUMPLE
LINEA DE ENVASADO LATA,810006,LLENADORA  DE LATA,13347676,INSPECCIÓN SEMANAL LLENADORA LINEA 4,FUGAS DE AIRE/ ACEITE,si,CUMPLE,"14/5/2024, 6:01:45","0,3333333333",,,,,si,.,.,CUMPLE
LINEA DE ENVASADO LATA,810006,LLENADORA  DE LATA,13347676,INSPECCIÓN SEMANAL LLENADORA LINEA 4,ESTADO Y FUNCIONAMIENTO DE COMPONENTES MECANICOS,si,CUMPLE,"14/5/2024, 6:01:51","0,3333333333",,,,,si,.,.,CUMPLE
LINEA DE ENVASADO LATA,810006,LLENADORA  DE LATA,13347676,INSPECCIÓN SEMANAL LLENADORA LINEA 4,ESTADO Y FUNCIONAMIENTO DE COMPONENTES ELECTRICOS,si,CUMPLE,"14/5/2024, 6:01:55","0,3333333333",,,,,si,.,.,CUMPLE
LINEA DE ENVASADO LATA,829604,TRANSPORTADOR DE LATAS,13347686,INSPECCION SEMANAL TRANSPORTADOR LATAS,FUGAS DE AIRE/ ACEITE,si,CUMPLE,"14/5/2024, 6:02:00","0,3333333333",,,,,si,.,.,CUMPLE
LINEA DE ENVASADO LATA,829604,TRANSPORTADOR DE LATAS,13347686,INSPECCION SEMANAL TRANSPORTADOR LATAS,ESTADO Y FUNCIONAMIENTO DE COMPONENTES MECANICOS,si,CUMPLE,"14/5/2024, 6:02:04","0,3333333333",,,,,si,.,.,CUMPLE
LINEA DE ENVASADO LATA,829604,TRANSPORTADOR DE LATAS,13347686,INSPECCION SEMANAL TRANSPORTADOR LATAS,ESTADO Y FUNCIONAMIENTO DE COMPONENTES ELECTRICOS,si,CUMPLE,"14/5/2024, 6:02:08","0,3333333333",,,,,si,.,.,CUMPLE
LINEA PET AGUA ALIGERADA,829704,ALIMENTADOR DE TAPA PLASTICA,13347791,INSPECCIÓN SEMANAL DEL CLASIFICADOR DE T,FUGAS DE AIRE/ ACEITE,si,CUMPLE,"14/5/2024, 13:46:32","0,0666666667",,,,,si,.,.,CUMPLE
LINEA PET AGUA ALIGERADA,829704,ALIMENTADOR DE TAPA PLASTICA,13347791,INSPECCIÓN SEMANAL DEL CLASIFICADOR DE T,ESTADO Y FUNCIONAMIENTO DE COMPONENTES MECANICOS,si,CUMPLE,"14/5/2024, 14:09:22","0,0666666667",,,,,si,.,.,CUMPLE
LINEA PET AGUA ALIGERADA,829704,ALIMENTADOR DE TAPA PLASTICA,13347791,INSPECCIÓN SEMANAL DEL CLASIFICADOR DE T,ESTADO Y FUNCIONAMIENTO DE COMPONENTES ELECTRICOS,si,CUMPLE,"14/5/2024, 14:09:28","0,0666666667",,,,,si,.,.,CUMPLE
LINEA PET AGUA ALIGERADA,589662,CODIFICADOR LASER DE ENVASE,13347805,INSPECCION SEMANAL CODIFICADOR LASER,ESTADO Y FUNCIONAMIENTO LÁMPARA SEÑAL DE SERVICIO,si,CUMPLE,"14/5/2024, 14:10:50","0,0222222222",,,,,si,.,.,CUMPLE
LINEA PET AGUA ALIGERADA,589662,CODIFICADOR LASER DE ENVASE,13347805,INSPECCION SEMANAL CODIFICADOR LASER,VERIFICAR IMPRESIÓN,si,CUMPLE,"14/5/2024, 14:11:07","0,0222222222",,,,,si,.,.,CUMPLE
LINEA PET AGUA ALIGERADA,589662,CODIFICADOR LASER DE ENVASE,13347805,INSPECCION SEMANAL CODIFICADOR LASER,ESTADO DE FILTROS Y MANGUERAS,si,CUMPLE,"14/5/2024, 14:11:01","0,0222222222",,,,,si,.,.,CUMPLE
LINEA PET AGUA ALIGERADA,589662,CODIFICADOR LASER DE ENVASE,13347805,INSPECCION SEMANAL CODIFICADOR LASER,LIMPIEZA LENTE,si,CUMPLE,"14/5/2024, 14:11:16","0,0222222222",,,,,si,.,.,CUMPLE
LINEA PET AGUA ALIGERADA,589662,CODIFICADOR LASER DE ENVASE,13347805,INSPECCION SEMANAL CODIFICADOR LASER,ESTADO DE EXTRACTORES,si,CUMPLE,"14/5/2024, 14:11:24","0,0222222222",,,,,si,.,.,CUMPLE
LINEA PET AGUA ALIGERADA,589662,CODIFICADOR LASER DE ENVASE,13347805,INSPECCION SEMANAL CODIFICADOR LASER,ESTADO Y FUNCIONAMIENTO CABEZAL CODIFICADOR,si,CUMPLE,"14/5/2024, 14:11:31","0,0222222222",,,,,si,.,.,CUMPLE
LINEA PET AGUA ALIGERADA,589662,CODIFICADOR LASER DE ENVASE,13347805,INSPECCION SEMANAL CODIFICADOR LASER,ESTADO ESTABILIZADOR DE VOLTAJE,si,CUMPLE,"14/5/2024, 14:11:41","0,0222222222",,,,,si,.,.,CUMPLE
LINEA PET AGUA ALIGERADA,589662,CODIFICADOR LASER DE ENVASE,13347805,INSPECCION SEMANAL CODIFICADOR LASER,COMPONENTES SUELTOS Ó AUSENTES,si,CUMPLE,"14/5/2024, 14:11:45","0,0222222222",,,,,si,.,.,CUMPLE
LINEA PET AGUA ALIGERADA,589662,CODIFICADOR LASER DE ENVASE,13347805,INSPECCION SEMANAL CODIFICADOR LASER,COMPONENTES ELECTRICOS MOTORES/CABLEADO/SENSORES/ELECTROVALVULAS,si,CUMPLE,"14/5/2024, 14:11:52","0,0222222222",,,,,si,.,.,CUMPLE
LINEA PET AGUA ALIGERADA,589686,CODIFICADOR LINEA PET,13347868,INSPECCION SEMANAL CODIFICADOR,ESTADO Y FUNCIONAMIENTO CABEZAL CODIFICADOR,si,CUMPLE,"15/5/2024, 7:46:59","0,0285714286",,,,,si,.,.,CUMPLE
LINEA PET AGUA ALIGERADA,589686,CODIFICADOR LINEA PET,13347868,INSPECCION SEMANAL CODIFICADOR,ESTADO TRAMPA DE TINTA/BLOQUEO DE RETORNO,si,CUMPLE,"15/5/2024, 7:47:09","0,0285714286",,,,,si,.,.,CUMPLE
LINEA PET AGUA ALIGERADA,589686,CODIFICADOR LINEA PET,13347868,INSPECCION SEMANAL CODIFICADOR,ALINEACIÓN CHORRO/REGULACION DE TINTA,si,CUMPLE,"15/5/2024, 7:47:14","0,0285714286",,,,,si,.,.,CUMPLE
LINEA PET AGUA ALIGERADA,589686,CODIFICADOR LINEA PET,13347868,INSPECCION SEMANAL CODIFICADOR,ESTADO ESTABILIZADOR DE VOLTAJE,si,CUMPLE,"15/5/2024, 7:47:20","0,0285714286",,,,,si,.,.,CUMPLE
LINEA PET AGUA ALIGERADA,589686,CODIFICADOR LINEA PET,13347868,INSPECCION SEMANAL CODIFICADOR,VERIFICAR IMPRESIÓN Y NIVELES DE FLUIDOS,si,CUMPLE,"15/5/2024, 7:47:29","0,0285714286",,,,,si,.,.,CUMPLE
LINEA PET AGUA ALIGERADA,589686,CODIFICADOR LINEA PET,13347868,INSPECCION SEMANAL CODIFICADOR,COMPONENTES SUELTOS Ó AUSENTES,si,CUMPLE,"15/5/2024, 7:47:49","0,0285714286",,,,,si,.,.,CUMPLE
LINEA PET AGUA ALIGERADA,589686,CODIFICADOR LINEA PET,13347868,INSPECCION SEMANAL CODIFICADOR,COMPONENTES ELECTRICOS MOTORES/CABLEADO/SENSORES/ELECTROVALVULAS,si,CUMPLE,"15/5/2024, 7:48:19","0,0285714286",,,,,si,.,.,CUMPLE
LINEA PET AGUA ALIGERADA,710325,ENFARDADORA,13347788,INSPECCION SEMANAL ENFARDADORA 710325,FUGAS DE AIRE/ ACEITE,si,CUMPLE,"16/5/2024, 0:01:45","0,0666666667",,,,,si,.,.,CUMPLE
LINEA PET AGUA ALIGERADA,710325,ENFARDADORA,13347788,INSPECCION SEMANAL ENFARDADORA 710325,ESTADO Y FUNCIONAMIENTO DE COMPONENTES MECANICOS,si,CUMPLE,"16/5/2024, 0:02:23","0,0666666667",,,,,si,.,.,CUMPLE
LINEA PET AGUA ALIGERADA,710325,ENFARDADORA,13347788,INSPECCION SEMANAL ENFARDADORA 710325,ESTADO Y FUNCIONAMIENTO DE COMPONENTES ELECTRICOS,si,CUMPLE,"16/5/2024, 0:03:48","0,0666666667",,,,,si,.,.,CUMPLE
LINEA PET AGUA ALIGERADA,579081,ENVOLVEDORA FILM PLASTICO,13347783,INSPECCION SEMANAL ENVOLVEDORA FILM PLAS,FUGAS DE AIRE/ ACEITE,si,CUMPLE,"16/5/2024, 9:18:02","0,0666666667",,,,,si,.,.,CUMPLE
LINEA PET AGUA ALIGERADA,579081,ENVOLVEDORA FILM PLASTICO,13347783,INSPECCION SEMANAL ENVOLVEDORA FILM PLAS,ESTADO Y FUNCIONAMIENTO DE COMPONENTES MECANICOS,si,Réflex y cajas de alojamiento barra envolvedora para cambio……………………………,,"0,0666666667",,,,,si,Juan Bermudez,Oswaldo Baquero Saenz,https://storage.googleapis.com/glide-prod.appspot.com/uploads-v2/aTmswOOkYXClpN9hgWXL/pub/YnLXNfMMjFrz3jogf11X.jpg
LINEA PET AGUA ALIGERADA,579081,ENVOLVEDORA FILM PLASTICO,13347783,INSPECCION SEMANAL ENVOLVEDORA FILM PLAS,ESTADO Y FUNCIONAMIENTO DE COMPONENTES ELECTRICOS,si,CUMPLE,"16/5/2024, 9:22:34","0,0666666667",,,,,si,.,.,CUMPLE
LINEA PET AGUA ALIGERADA,820084,ETIQUETADORA ENVOLVENTE,13347782,INSPECCION SEMANAL ETIQUETADORA,FUGAS DE AIRE/ ACEITE,si,CUMPLE,"14/5/2024, 14:12:14","0,0666666667",,,,,si,.,.,CUMPLE
LINEA PET AGUA ALIGERADA,820084,ETIQUETADORA ENVOLVENTE,13347782,INSPECCION SEMANAL ETIQUETADORA,ESTADO Y FUNCIONAMIENTO DE COMPONENTES MECANICOS,si,CUMPLE,"14/5/2024, 14:12:21","0,0666666667",,,,,si,.,.,CUMPLE
LINEA PET AGUA ALIGERADA,820084,ETIQUETADORA ENVOLVENTE,13347782,INSPECCION SEMANAL ETIQUETADORA,ESTADO Y FUNCIONAMIENTO DE COMPONENTES ELECTRICOS,si,CUMPLE,"14/5/2024, 14:12:34","0,0666666667",,,,,si,.,.,CUMPLE
LINEA PET AGUA ALIGERADA,599606,INSPECTOR ELECTRONICO,13347785,INSPECCION SEMANAL INSP ELECT 599606,FUGAS DE AIRE/ ACEITE,si,CUMPLE,"15/5/2024, 7:49:00","0,0666666667",,,,,si,.,.,CUMPLE
LINEA PET AGUA ALIGERADA,599606,INSPECTOR ELECTRONICO,13347785,INSPECCION SEMANAL INSP ELECT 599606,ESTADO Y FUNCIONAMIENTO DE COMPONENTES MECANICOS,si,CUMPLE,"15/5/2024, 7:49:09","0,0666666667",,,,,si,.,.,CUMPLE
LINEA PET AGUA ALIGERADA,599606,INSPECTOR ELECTRONICO,13347785,INSPECCION SEMANAL INSP ELECT 599606,ESTADO Y FUNCIONAMIENTO DE COMPONENTES ELECTRICOS,si,CUMPLE,"15/5/2024, 7:49:15","0,0666666667",,,,,si,.,.,CUMPLE
LINEA PET AGUA ALIGERADA,820213,LIMPIEZA POR ESPUMA,13347794,INSPECCIÓN SEM DE LA LIMPIEZA POR ESPUMA,FUGAS DE AIRE/ ACEITE,si,CUMPLE,"14/5/2024, 14:13:27","0,0666666667",,,,,si,.,.,CUMPLE
LINEA PET AGUA ALIGERADA,820213,LIMPIEZA POR ESPUMA,13347794,INSPECCIÓN SEM DE LA LIMPIEZA POR ESPUMA,ESTADO Y FUNCIONAMIENTO DE COMPONENTES MECANICOS,si,CUMPLE,"14/5/2024, 14:13:35","0,0666666667",,,,,si,.,.,CUMPLE
LINEA PET AGUA ALIGERADA,820213,LIMPIEZA POR ESPUMA,13347794,INSPECCIÓN SEM DE LA LIMPIEZA POR ESPUMA,ESTADO Y FUNCIONAMIENTO DE COMPONENTES ELECTRICOS,si,CUMPLE,"14/5/2024, 14:13:41","0,0666666667",,,,,si,.,.,CUMPLE
LINEA PET AGUA ALIGERADA,519562,LLENADORA DE BOTELLAS PET 48 VALVULAS,13347778,INSPECCION SEMANAL LLENADORA BOT PET,FUGAS DE AIRE/ ACEITE,si,CUMPLE,"16/5/2024, 12:57:36","0,0666666667",,,,,si,.,.,CUMPLE
LINEA PET AGUA ALIGERADA,519562,LLENADORA DE BOTELLAS PET 48 VALVULAS,13347778,INSPECCION SEMANAL LLENADORA BOT PET,ESTADO Y FUNCIONAMIENTO DE COMPONENTES MECANICOS,si,CUMPLE,"16/5/2024, 12:57:41","0,0666666667",,,,,si,.,.,CUMPLE
LINEA PET AGUA ALIGERADA,519562,LLENADORA DE BOTELLAS PET 48 VALVULAS,13347778,INSPECCION SEMANAL LLENADORA BOT PET,ESTADO Y FUNCIONAMIENTO DE COMPONENTES ELECTRICOS,si,CUMPLE,"14/5/2024, 14:12:58","0,0666666667",,,,,si,.,.,CUMPLE
LINEA PET AGUA ALIGERADA,579082,PALETIZADORA,13347796,INSPECCION SEMANAL PALETIZADORA 579082,FUGAS DE AIRE/ ACEITE,si,CUMPLE,"16/5/2024, 9:14:32","0,0666666667",,,,,si,.,.,CUMPLE
LINEA PET AGUA ALIGERADA,579082,PALETIZADORA,13347796,INSPECCION SEMANAL PALETIZADORA 579082,ESTADO Y FUNCIONAMIENTO DE COMPONENTES MECANICOS,si,CUMPLE,"16/5/2024, 9:28:45","0,0666666667",,,,,si,.,.,CUMPLE
LINEA PET AGUA ALIGERADA,579082,PALETIZADORA,13347796,INSPECCION SEMANAL PALETIZADORA 579082,ESTADO Y FUNCIONAMIENTO DE COMPONENTES ELECTRICOS,si,La máquina ha estado dando falla de eje z está falla hace que la máquina pare forzadamente y aveces genera pérdida de tiempo ,,"0,0666666667",,,,,si,Juan Bermudez,Oswaldo Baquero Saenz,https://storage.googleapis.com/glide-prod.appspot.com/uploads-v2/aTmswOOkYXClpN9hgWXL/pub/6tHIYvcHE343ZocQ67cG.jpg
LINEA PET AGUA ALIGERADA,820304,SALA LIMPIA,13347803,INSPECCIÓN SEM DE LA SALA LIMPIA 820304,FUGAS DE AIRE/ ACEITE,si,CUMPLE,"15/5/2024, 23:27:07","0,0666666667",,,,,si,.,.,CUMPLE
LINEA PET AGUA ALIGERADA,820304,SALA LIMPIA,13347803,INSPECCIÓN SEM DE LA SALA LIMPIA 820304,ESTADO Y FUNCIONAMIENTO DE COMPONENTES MECANICOS,si,CUMPLE,"15/5/2024, 23:27:25","0,0666666667",,,,,si,.,.,CUMPLE
LINEA PET AGUA ALIGERADA,820304,SALA LIMPIA,13347803,INSPECCIÓN SEM DE LA SALA LIMPIA 820304,ESTADO Y FUNCIONAMIENTO DE COMPONENTES ELECTRICOS,si,CUMPLE,"15/5/2024, 23:27:40","0,0666666667",,,,,si,.,.,CUMPLE
LINEA PET AGUA ALIGERADA,829873,TRANSPORTE DE ENVASES,13347780,INSPECCION SEMANAL TRANSP ENVASE 829873,FUGAS DE AIRE/ ACEITE,si,,,"0,0666666667",,,,,si,,,
LINEA PET AGUA ALIGERADA,829873,TRANSPORTE DE ENVASES,13347780,INSPECCION SEMANAL TRANSP ENVASE 829873,ESTADO Y FUNCIONAMIENTO DE COMPONENTES MECANICOS,si,CUMPLE,"15/5/2024, 15:29:46","0,0666666667",,,,,si,.,.,CUMPLE
LINEA PET AGUA ALIGERADA,829873,TRANSPORTE DE ENVASES,13347780,INSPECCION SEMANAL TRANSP ENVASE 829873,ESTADO Y FUNCIONAMIENTO DE COMPONENTES ELECTRICOS,si,CUMPLE,"15/5/2024, 15:28:38","0,0666666667",,,,,si,.,.,CUMPLE
LINEA PET AGUA ALIGERADA,829875,TRANSPORTE DE PALETS,13347799,INSPECCION SEMANAL TRANSPORTE PALETS,FUGAS DE AIRE/ ACEITE,si,CUMPLE,"16/5/2024, 9:34:19","0,0666666667",,,,,si,.,.,CUMPLE
LINEA PET AGUA ALIGERADA,829875,TRANSPORTE DE PALETS,13347799,INSPECCION SEMANAL TRANSPORTE PALETS,ESTADO Y FUNCIONAMIENTO DE COMPONENTES MECANICOS,si,CUMPLE,"16/5/2024, 9:34:11","0,0666666667",,,,,si,.,.,CUMPLE
LINEA PET AGUA ALIGERADA,829875,TRANSPORTE DE PALETS,13347799,INSPECCION SEMANAL TRANSPORTE PALETS,ESTADO Y FUNCIONAMIENTO DE COMPONENTES ELECTRICOS,si,CUMPLE,"16/5/2024, 9:34:03","0,0666666667",,,,,si,.,.,CUMPLE
LINEA PET AGUA ALIGERADA,829874,TRANSPORTE DE PAQUETES,13347802,INSPECCION SEMANAL TRANSP PAQUETES,FUGAS DE AIRE/ ACEITE,si,CUMPLE,"15/5/2024, 15:28:18","0,0666666667",,,,,si,.,.,CUMPLE
LINEA PET AGUA ALIGERADA,829874,TRANSPORTE DE PAQUETES,13347802,INSPECCION SEMANAL TRANSP PAQUETES,ESTADO Y FUNCIONAMIENTO DE COMPONENTES MECANICOS,si,CUMPLE,"15/5/2024, 15:28:23","0,0666666667",,,,,si,.,.,CUMPLE
LINEA PET AGUA ALIGERADA,829874,TRANSPORTE DE PAQUETES,13347802,INSPECCION SEMANAL TRANSP PAQUETES,ESTADO Y FUNCIONAMIENTO DE COMPONENTES ELECTRICOS,si,CUMPLE,"15/5/2024, 15:28:27","0,0666666667",,,,,si,.,.,CUMPLE
EQUIPOS PARA  ENVASADO JUGOS HIT,900080,LLENADORA,13341283,INSPECCION SEMANAL LLENADORA DE JUGOS,ESTADO Y FUNCIONAMIENTO DE COMPONENTES ELECTRICOS,si,CUMPLE,"21/5/2024, 11:07:36","0,0666666667",,,,,si,.,.,CUMPLE
EQUIPOS PARA  ENVASADO JUGOS HIT,900080,LLENADORA,13341283,INSPECCION SEMANAL LLENADORA DE JUGOS,FUGAS DE AIRE/ ACEITE,si,CUMPLE,"21/5/2024, 11:07:42","0,0666666667",,,,,si,.,.,CUMPLE
EQUIPOS PARA  ENVASADO JUGOS HIT,900080,LLENADORA,13341283,INSPECCION SEMANAL LLENADORA DE JUGOS,ESTADO Y FUNCIONAMIENTO DE COMPONENTES MECANICOS,si,CUMPLE,"21/5/2024, 11:07:46","0,0666666667",,,,,si,.,.,CUMPLE
"LINEA DE ENVASADO 1.25 l, 1,5 l  Y  2 l",518625,LLENADORA REPOTENCIADA - CEDI CALLE 80,13347891,INSPECCIÓN SEMANAL LLENADORA,FUGAS DE AIRE/ ACEITE,,,,"0,3333333333",,,,,,,,
"LINEA DE ENVASADO 1.25 l, 1,5 l  Y  2 l",518625,LLENADORA REPOTENCIADA - CEDI CALLE 80,13347891,INSPECCIÓN SEMANAL LLENADORA,ESTADO Y FUNCIONAMIENTO DE COMPONENTES MECANICOS,,,,"0,3333333333",,,,,,,,
"LINEA DE ENVASADO 1.25 l, 1,5 l  Y  2 l",518625,LLENADORA REPOTENCIADA - CEDI CALLE 80,13347891,INSPECCIÓN SEMANAL LLENADORA,ESTADO Y FUNCIONAMIENTO DE COMPONENTES ELECTRICOS,,,,"0,3333333333",,,,,,,,
"LINEA DE ENVASADO 1.25 l, 1,5 l  Y  2 l",820070,CONDENSADOR EVAPORATIVO,13347909,INSPECCION SEMANAL DEL CONDENSADOR EVA 3,FUGAS DE AIRE/ ACEITE/ AMONIACO,,,,"0,3333333333",,,,,,,,
"LINEA DE ENVASADO 1.25 l, 1,5 l  Y  2 l",820070,CONDENSADOR EVAPORATIVO,13347909,INSPECCION SEMANAL DEL CONDENSADOR EVA 3,ESTADO Y FUNCIONAMIENTO DE COMPONENTES MECANICOS,,,,"0,3333333333",,,,,,,,
"LINEA DE ENVASADO 1.25 l, 1,5 l  Y  2 l",820070,CONDENSADOR EVAPORATIVO,13347909,INSPECCION SEMANAL DEL CONDENSADOR EVA 3,ESTADO Y FUNCIONAMIENTO DE COMPONENTES ELECTRICOS,,,,"0,3333333333",,,,,,,,
LINEA DE ENVASADO LATA,630006,CONDENSADOR EVAPORATIVO,13347683,INSPECCION SEMANAL DEL CONDENSADOR EVA 3,FUGAS DE AIRE/ ACEITE/ AMONIACO,si,CUMPLE,"21/5/2024, 17:42:16","0,3333333333",,,,,,.,.,CUMPLE
LINEA DE ENVASADO LATA,630006,CONDENSADOR EVAPORATIVO,13347683,INSPECCION SEMANAL DEL CONDENSADOR EVA 3,ESTADO Y FUNCIONAMIENTO DE COMPONENTES MECANICOS,si,CUMPLE,"21/5/2024, 17:42:21","0,3333333333",,,,,,.,.,CUMPLE
LINEA DE ENVASADO LATA,630006,CONDENSADOR EVAPORATIVO,13347683,INSPECCION SEMANAL DEL CONDENSADOR EVA 3,ESTADO Y FUNCIONAMIENTO DE COMPONENTES ELECTRICOS,si,CUMPLE,"21/5/2024, 17:42:27","0,3333333333",,,,,,.,.,CUMPLE
LINEA DE ENVASADO LATA,628875,COMPRESOR DE REFRIGERACION No. 1,13347678,INSPECCION SEMANAL COMPRESOR 1 LINEA 3,FUGAS DE AGUA/ ACEITE/ AMONIACO,si,CUMPLE,"21/5/2024, 17:44:19","0,1666666667",,,,,,.,.,CUMPLE
LINEA DE ENVASADO LATA,628875,COMPRESOR DE REFRIGERACION No. 1,13347678,INSPECCION SEMANAL COMPRESOR 1 LINEA 3,ESTADO Y FUNCIONAMIENTO DE COMPONENTES MECANICOS,si,CUMPLE,"21/5/2024, 17:44:12","0,1666666667",,,,,,.,.,CUMPLE
LINEA DE ENVASADO LATA,628875,COMPRESOR DE REFRIGERACION No. 1,13347678,INSPECCION SEMANAL COMPRESOR 1 LINEA 3,ESTADO Y FUNCIONAMIENTO DE COMPONENTES ELECTRICOS,si,CUMPLE,"21/5/2024, 17:44:08","0,1666666667",,,,,,.,.,CUMPLE
LINEA DE ENVASADO LATA,628907,COMPRESOR DE REFRIGERACION No. 2,13347680,INSPECCION SEMANAL COMPRESOR 1 LINEA 3,FUGAS DE AGUA/ ACEITE/ AMONIACO,si,CUMPLE,"20/5/2024, 20:37:42","0,1666666667",,,,,si,.,.,CUMPLE
LINEA DE ENVASADO LATA,628907,COMPRESOR DE REFRIGERACION No. 2,13347680,INSPECCION SEMANAL COMPRESOR 1 LINEA 3,ESTADO Y FUNCIONAMIENTO DE COMPONENTES MECANICOS,si,CUMPLE,"20/5/2024, 20:37:54","0,1666666667",,,,,si,.,.,CUMPLE
LINEA DE ENVASADO LATA,628907,COMPRESOR DE REFRIGERACION No. 2,13347680,INSPECCION SEMANAL COMPRESOR 1 LINEA 3,ESTADO Y FUNCIONAMIENTO DE COMPONENTES ELECTRICOS,si,CUMPLE,"20/5/2024, 20:38:00","0,1666666667",,,,,si,.,.,CUMPLE
EQUIPOS PARA  ENVASADO JUGOS HIT,710309,CAPSULADORA WHITE CUP,13347665,INSPECCION SEMANAL CAPSULADORA WHITE CUP,FUGAS DE AIRE/ ACEITE,si,CUMPLE,"21/5/2024, 11:07:51","0,1666666667",,,,,si,.,.,CUMPLE
EQUIPOS PARA  ENVASADO JUGOS HIT,710309,CAPSULADORA WHITE CUP,13347665,INSPECCION SEMANAL CAPSULADORA WHITE CUP,ESTADO Y FUNCIONAMIENTO DE COMPONENTES MECANICOS,si,CUMPLE,"21/5/2024, 11:07:54","0,1666666667",,,,,si,.,.,CUMPLE
EQUIPOS PARA  ENVASADO JUGOS HIT,710309,CAPSULADORA WHITE CUP,13347665,INSPECCION SEMANAL CAPSULADORA WHITE CUP,ESTADO Y FUNCIONAMIENTO DE COMPONENTES ELECTRICOS,si,CUMPLE,"21/5/2024, 11:07:58","0,1666666667",,,,,si,.,.,CUMPLE
EQUIPOS PARA  ENVASADO JUGOS HIT,900053,COOLER,13347666,INSPECCION SEMANAL OPERACION COOLER,FUGAS DE AIRE/ ACEITE,,,,"0,0666666667",,,,,,,,
EQUIPOS PARA  ENVASADO JUGOS HIT,900053,COOLER,13347666,INSPECCION SEMANAL OPERACION COOLER,ESTADO Y FUNCIONAMIENTO DE COMPONENTES MECANICOS,,,,"0,0666666667",,,,,,,,
EQUIPOS PARA  ENVASADO JUGOS HIT,900053,COOLER,13347666,INSPECCION SEMANAL OPERACION COOLER,ESTADO Y FUNCIONAMIENTO DE COMPONENTES ELECTRICOS,,,,"0,0666666667",,,,,,,,
EQUIPOS PARA  ENVASADO JUGOS HIT,710307,DEPALETIZADORA,13347651,INSPECCION SEMANAL DEPALETIZADORA,FUGAS DE AIRE/ ACEITE,,,,"0,1666666667",si,si,si,si,,,,
EQUIPOS PARA  ENVASADO JUGOS HIT,710307,DEPALETIZADORA,13347651,INSPECCION SEMANAL DEPALETIZADORA,ESTADO Y FUNCIONAMIENTO DE COMPONENTES MECANICOS,,,,"0,1666666667",si,si,si,si,,,,
EQUIPOS PARA  ENVASADO JUGOS HIT,710307,DEPALETIZADORA,13347651,INSPECCION SEMANAL DEPALETIZADORA,ESTADO Y FUNCIONAMIENTO DE COMPONENTES ELECTRICOS,,,,"0,1666666667",si,si,si,si,,,,
EQUIPOS PARA  ENVASADO JUGOS HIT,710304,ENFARDADORA,13318349,INSPECCION SEMANAL ENFARDADORA L5,FUGAS DE AIRE/ ACEITE,,,,"0,3333333333",,,,,,,,
EQUIPOS PARA  ENVASADO JUGOS HIT,710304,ENFARDADORA,13318349,INSPECCION SEMANAL ENFARDADORA L5,ESTADO Y FUNCIONAMIENTO DE COMPONENTES MECANICOS,,,,"0,3333333333",,,,,,,,
EQUIPOS PARA  ENVASADO JUGOS HIT,710304,ENFARDADORA,13318349,INSPECCION SEMANAL ENFARDADORA L5,ESTADO Y FUNCIONAMIENTO DE COMPONENTES ELECTRICOS,,,,"0,3333333333",si,si,si,si,,,,
EQUIPOS PARA  ENVASADO JUGOS HIT,710306,ENJUAGADORA,13335992,INSPECCION SEMANAL ENJUAGADORA,FUGAS DE AIRE/ ACEITE,,,,"0,1666666667",,,,,,,,
EQUIPOS PARA  ENVASADO JUGOS HIT,710306,ENJUAGADORA,13335992,INSPECCION SEMANAL ENJUAGADORA,ESTADO Y FUNCIONAMIENTO DE COMPONENTES MECANICOS,,,,"0,1666666667",,,,,,,,
EQUIPOS PARA  ENVASADO JUGOS HIT,710306,ENJUAGADORA,13335992,INSPECCION SEMANAL ENJUAGADORA,ESTADO Y FUNCIONAMIENTO DE COMPONENTES ELECTRICOS,,,,"0,1666666667",,,,,,,,
EQUIPOS PARA  ENVASADO JUGOS HIT,900049,LAVADORA DE CAJAS,13347655,INSPECCION SEMANAL LAVADORA CAJAS,FUGAS DE AIRE/ ACEITE,si,CUMPLE,"21/5/2024, 11:08:12","0,3333333333",,,,,si,.,.,CUMPLE
EQUIPOS PARA  ENVASADO JUGOS HIT,900049,LAVADORA DE CAJAS,13347655,INSPECCION SEMANAL LAVADORA CAJAS,ESTADO Y FUNCIONAMIENTO DE COMPONENTES MECANICOS,si,CUMPLE,"21/5/2024, 11:08:17","0,3333333333",,,,,si,.,.,CUMPLE
EQUIPOS PARA  ENVASADO JUGOS HIT,900049,LAVADORA DE CAJAS,13347655,INSPECCION SEMANAL LAVADORA CAJAS,ESTADO Y FUNCIONAMIENTO DE COMPONENTES ELECTRICOS,si,CUMPLE,"21/5/2024, 11:08:23","0,3333333333",,,,,si,.,.,CUMPLE
EQUIPOS PARA  ENVASADO JUGOS HIT,900055,TRANSPORTADOR DE BOTELLAS,13347663,INSPECCION SEMANAL TRANSPORTADORES,FUGAS DE AIRE/ ACEITE,si,CUMPLE,"21/5/2024, 11:08:36","0,0666666667",,,,,,.,.,CUMPLE
EQUIPOS PARA  ENVASADO JUGOS HIT,900055,TRANSPORTADOR DE BOTELLAS,13347663,INSPECCION SEMANAL TRANSPORTADORES,ESTADO Y FUNCIONAMIENTO DE COMPONENTES MECANICOS,si,CUMPLE,"21/5/2024, 11:08:47","0,0666666667",,,,,,.,.,CUMPLE
EQUIPOS PARA  ENVASADO JUGOS HIT,900055,TRANSPORTADOR DE BOTELLAS,13347663,INSPECCION SEMANAL TRANSPORTADORES,ESTADO Y FUNCIONAMIENTO DE COMPONENTES ELECTRICOS,si,CUMPLE,"21/5/2024, 11:08:52","0,0666666667",,,,,,.,.,CUMPLE
EQUIPOS PARA  PREPARACION DE JARABE,699606,SALA DE PREPARACION DE JARABE,13347650,INSPECCION SEMANAL OPERACION SALA DE JAR,FUGAS DE AIRE/ ACEITE,,,,"0,1666666667",,,,,,,,
EQUIPOS PARA  PREPARACION DE JARABE,699606,SALA DE PREPARACION DE JARABE,13347650,INSPECCION SEMANAL OPERACION SALA DE JAR,ESTADO Y FUNCIONAMIENTO DE COMPONENTES MECANICOS,,,,"0,1666666667",,,,,,,,
EQUIPOS PARA  PREPARACION DE JARABE,699606,SALA DE PREPARACION DE JARABE,13347650,INSPECCION SEMANAL OPERACION SALA DE JAR,ESTADO Y FUNCIONAMIENTO DE COMPONENTES ELECTRICOS,,,,"0,1666666667",,,,,,,,
EQUIPOS PARA PREPARACION JUGOS HIT,900056,SISTEMA A (DRUMP DUMPER ),13347657,INSPECCION SEMANAL SISTEMA A,FUGAS DE AIRE/ ACEITE,,,,"0,0666666667",,,,,,,,
EQUIPOS PARA PREPARACION JUGOS HIT,900056,SISTEMA A (DRUMP DUMPER ),13347657,INSPECCION SEMANAL SISTEMA A,ESTADO Y FUNCIONAMIENTO DE COMPONENTES MECANICOS,,,,"0,0666666667",,,,,,,,
EQUIPOS PARA PREPARACION JUGOS HIT,900056,SISTEMA A (DRUMP DUMPER ),13347657,INSPECCION SEMANAL SISTEMA A,ESTADO Y FUNCIONAMIENTO DE COMPONENTES ELECTRICOS,,,,"0,0666666667",,,,,,,,
EQUIPOS PARA PREPARACION JUGOS HIT,900057,SISTEMA B (RECONSTITUCION DE PULPA ),13347656,INSPECCION SEMANAL SISTEMA B (RECONSTITU,FUGAS DE AIRE/ ACEITE,si,CUMPLE,"21/5/2024, 16:08:31","0,0666666667",,,,,,.,.,CUMPLE
EQUIPOS PARA PREPARACION JUGOS HIT,900057,SISTEMA B (RECONSTITUCION DE PULPA ),13347656,INSPECCION SEMANAL SISTEMA B (RECONSTITU,ESTADO Y FUNCIONAMIENTO DE COMPONENTES MECANICOS,,,,"0,0666666667",,,,,,,,
EQUIPOS PARA PREPARACION JUGOS HIT,900057,SISTEMA B (RECONSTITUCION DE PULPA ),13347656,INSPECCION SEMANAL SISTEMA B (RECONSTITU,ESTADO Y FUNCIONAMIENTO DE COMPONENTES ELECTRICOS,,,,"0,0666666667",,,,,,,,
EQUIPOS PARA PREPARACION JUGOS HIT,900058,SISTEMA C (DISOLUCCION DE AZUCAR ),13353239,INSPECCION SEMANAL SISTEMA C (DISOLUCCIO,FUGAS DE AIRE/ ACEITE,,,,"0,0666666667",,,,,,,,
EQUIPOS PARA PREPARACION JUGOS HIT,900058,SISTEMA C (DISOLUCCION DE AZUCAR ),13353239,INSPECCION SEMANAL SISTEMA C (DISOLUCCIO,ESTADO Y FUNCIONAMIENTO DE COMPONENTES MECANICOS,,,,"0,0666666667",,,,,,,,
EQUIPOS PARA PREPARACION JUGOS HIT,900058,SISTEMA C (DISOLUCCION DE AZUCAR ),13353239,INSPECCION SEMANAL SISTEMA C (DISOLUCCIO,ESTADO Y FUNCIONAMIENTO DE COMPONENTES ELECTRICOS,,,,"0,0666666667",,,,,,,,
EQUIPOS PARA PREPARACION JUGOS HIT,900059,SISTEMA D (PREPARACION  ),13347740,INSPECCION SEMANAL SISTEMA D (PREPARACIO,FUGAS DE AIRE/ ACEITE,,,,"0,0666666667",,,,,,,,
EQUIPOS PARA PREPARACION JUGOS HIT,900059,SISTEMA D (PREPARACION  ),13347740,INSPECCION SEMANAL SISTEMA D (PREPARACIO,ESTADO Y FUNCIONAMIENTO DE COMPONENTES MECANICOS,,,,"0,0666666667",,,,,,,,
EQUIPOS PARA PREPARACION JUGOS HIT,900059,SISTEMA D (PREPARACION  ),13347740,INSPECCION SEMANAL SISTEMA D (PREPARACIO,ESTADO Y FUNCIONAMIENTO DE COMPONENTES ELECTRICOS,,,,"0,0666666667",,,,,,,,
EQUIPOS PARA PREPARACION JUGOS HIT,900060,SISTEMA E (PASTEURIZA. Y ULTRA PASTER ),13347653,INSPECCION SEMANAL SISTEMA E (PASTEURIZA,FUGAS DE AIRE/ ACEITE,,,,"0,0666666667",,,,,,,,
EQUIPOS PARA PREPARACION JUGOS HIT,900060,SISTEMA E (PASTEURIZA. Y ULTRA PASTER ),13347653,INSPECCION SEMANAL SISTEMA E (PASTEURIZA,ESTADO Y FUNCIONAMIENTO DE COMPONENTES MECANICOS,,,,"0,0666666667",,,,,,,,
EQUIPOS PARA PREPARACION JUGOS HIT,900060,SISTEMA E (PASTEURIZA. Y ULTRA PASTER ),13347653,INSPECCION SEMANAL SISTEMA E (PASTEURIZA,ESTADO Y FUNCIONAMIENTO DE COMPONENTES ELECTRICOS,,,,"0,0666666667",,,,,,,,
EQUIPOS PARA PREPARACION JUGOS HIT,900061,SISTEMA F (CIP),13347654,INSPECCION SEMANAL  SISTEMA F (CIP),FUGAS DE AIRE/ ACEITE,,,,"0,0666666667",,,,,,,,
EQUIPOS PARA PREPARACION JUGOS HIT,900061,SISTEMA F (CIP),13347654,INSPECCION SEMANAL  SISTEMA F (CIP),ESTADO Y FUNCIONAMIENTO DE COMPONENTES MECANICOS,,,,"0,0666666667",,,,,,,,
EQUIPOS PARA PREPARACION JUGOS HIT,900061,SISTEMA F (CIP),13347654,INSPECCION SEMANAL  SISTEMA F (CIP),ESTADO Y FUNCIONAMIENTO DE COMPONENTES ELECTRICOS,,,,"0,0666666667",,,,,,,,
EQUIPOS PARA SERVICIOS INDUSTRIALES,650005,CALDERA DE 400 BHP,13347729,INSPECCION SEMANAL CALDERA DE 400 BHP,FUGAS DE AIRE/ ACEITE,,,,"0,0666666667",,,,,,,,
EQUIPOS PARA SERVICIOS INDUSTRIALES,650005,CALDERA DE 400 BHP,13347729,INSPECCION SEMANAL CALDERA DE 400 BHP,ESTADO Y FUNCIONAMIENTO DE COMPONENTES MECANICOS,,,,"0,0666666667",,,,,,,,
EQUIPOS PARA SERVICIOS INDUSTRIALES,650005,CALDERA DE 400 BHP,13347729,INSPECCION SEMANAL CALDERA DE 400 BHP,ESTADO Y FUNCIONAMIENTO DE COMPONENTES ELECTRICOS,,,,"0,0666666667",,,,,,,,
EQUIPOS PARA SERVICIOS INDUSTRIALES,900062,CALDERA DE 500 BHP,13347728,INSPECCION SEMANAL CALDERA DE 500 BHP,FUGAS DE AIRE/ ACEITE,,,,"0,0666666667",,,,,,,,
EQUIPOS PARA SERVICIOS INDUSTRIALES,900062,CALDERA DE 500 BHP,13347728,INSPECCION SEMANAL CALDERA DE 500 BHP,ESTADO Y FUNCIONAMIENTO DE COMPONENTES MECANICOS,,,,"0,0666666667",,,,,,,,
EQUIPOS PARA SERVICIOS INDUSTRIALES,900062,CALDERA DE 500 BHP,13347728,INSPECCION SEMANAL CALDERA DE 500 BHP,ESTADO Y FUNCIONAMIENTO DE COMPONENTES ELECTRICOS,,,,"0,0666666667",,,,,,,,
EQUIPOS PARA SERVICIOS INDUSTRIALES,649579,COMPRESOR DE AIRE ATLAS COPCO,13347731,INSPECCION SEMANAL COMPRESOR DE AIRE ATL,FUGAS DE AIRE/ ACEITE,,,,"0,0666666667",,,,,,,,
EQUIPOS PARA SERVICIOS INDUSTRIALES,649579,COMPRESOR DE AIRE ATLAS COPCO,13347731,INSPECCION SEMANAL COMPRESOR DE AIRE ATL,ESTADO Y FUNCIONAMIENTO DE COMPONENTES MECANICOS,,,,"0,0666666667",,,,,,,,
EQUIPOS PARA SERVICIOS INDUSTRIALES,649579,COMPRESOR DE AIRE ATLAS COPCO,13347731,INSPECCION SEMANAL COMPRESOR DE AIRE ATL,ESTADO Y FUNCIONAMIENTO DE COMPONENTES ELECTRICOS,,,,"0,0666666667",,,,,,,,
EQUIPOS PARA SERVICIOS INDUSTRIALES,829074,COMPRESOR TORNILLO AIRE,13347838,INSPECCION SEMANAL COMPRESOR DE AIRE ATL,FUGAS DE AIRE/ ACEITE,,,,"0,0666666667",,,,,,,,
EQUIPOS PARA SERVICIOS INDUSTRIALES,829074,COMPRESOR TORNILLO AIRE,13347838,INSPECCION SEMANAL COMPRESOR DE AIRE ATL,ESTADO Y FUNCIONAMIENTO DE COMPONENTES MECANICOS,,,,"0,0666666667",,,,,,,,
EQUIPOS PARA SERVICIOS INDUSTRIALES,829074,COMPRESOR TORNILLO AIRE,13347838,INSPECCION SEMANAL COMPRESOR DE AIRE ATL,ESTADO Y FUNCIONAMIENTO DE COMPONENTES ELECTRICOS,,,,"0,0666666667",,,,,,,,
EQUIPOS PARA SERVICIOS INDUSTRIALES,829073,COMPRESOR TORNILLO AIRE VEL. VARIABLE,13347841,INSPECCION SEMANAL COMPRESOR 829073,FUGAS DE AIRE/ ACEITE,,,,"0,0666666667",,,,,,,,
EQUIPOS PARA SERVICIOS INDUSTRIALES,829073,COMPRESOR TORNILLO AIRE VEL. VARIABLE,13347841,INSPECCION SEMANAL COMPRESOR 829073,ESTADO Y FUNCIONAMIENTO DE COMPONENTES MECANICOS,,,,"0,0666666667",,,,,,,,
EQUIPOS PARA SERVICIOS INDUSTRIALES,829073,COMPRESOR TORNILLO AIRE VEL. VARIABLE,13347841,INSPECCION SEMANAL COMPRESOR 829073,ESTADO Y FUNCIONAMIENTO DE COMPONENTES ELECTRICOS,,,,"0,0666666667",,,,,,,,
"LINEA DE ENVASADO 1.25 l, 1,5 l  Y  2 l",828040,DESEMPACADORA,13347911,INSPECCION SEMANAL EMPACADORA 828743,FUGAS DE AIRE/ ACEITE,,,,"0,3333333333",,,,,,,,
"LINEA DE ENVASADO 1.25 l, 1,5 l  Y  2 l",828040,DESEMPACADORA,13347911,INSPECCION SEMANAL EMPACADORA 828743,ESTADO Y FUNCIONAMIENTO DE COMPONENTES MECANICOS,,,,"0,3333333333",,,,,,,,
"LINEA DE ENVASADO 1.25 l, 1,5 l  Y  2 l",828040,DESEMPACADORA,13347911,INSPECCION SEMANAL EMPACADORA 828743,ESTADO Y FUNCIONAMIENTO DE COMPONENTES ELECTRICOS,,,,"0,3333333333",,,,,,,,
"LINEA DE ENVASADO 1.25 l, 1,5 l  Y  2 l",599561,INSPECTOR ELECTRONICO,13347904,INSPECCION SEMANAL OPERACION DEL INSPECT,FUGAS DE AIRE/ ACEITE,,,,"0,3333333333",,,,,,,,
"LINEA DE ENVASADO 1.25 l, 1,5 l  Y  2 l",599561,INSPECTOR ELECTRONICO,13347904,INSPECCION SEMANAL OPERACION DEL INSPECT,ESTADO Y FUNCIONAMIENTO DE COMPONENTES MECANICOS,,,,"0,3333333333",,,,,,,,
"LINEA DE ENVASADO 1.25 l, 1,5 l  Y  2 l",599561,INSPECTOR ELECTRONICO,13347904,INSPECCION SEMANAL OPERACION DEL INSPECT,ESTADO Y FUNCIONAMIENTO DE COMPONENTES ELECTRICOS,,,,"0,3333333333",,,,,,,,
"LINEA DE ENVASADO 1.25 l, 1,5 l  Y  2 l",828996,PROCESADOR DE BEBIDA,13347660,INSPECCION SEMANAL PROCESADOR DE BEBIDA,FUGAS DE AIRE/ ACEITE/ AMONIACO,,,,"0,3333333333",,,,,,,,
"LINEA DE ENVASADO 1.25 l, 1,5 l  Y  2 l",828996,PROCESADOR DE BEBIDA,13347660,INSPECCION SEMANAL PROCESADOR DE BEBIDA,ESTADO Y FUNCIONAMIENTO DE COMPONENTES MECANICOS,,,,"0,3333333333",,,,,,,,
"LINEA DE ENVASADO 1.25 l, 1,5 l  Y  2 l",828996,PROCESADOR DE BEBIDA,13347660,INSPECCION SEMANAL PROCESADOR DE BEBIDA,ESTADO Y FUNCIONAMIENTO DE COMPONENTES ELECTRICOS,,,,"0,3333333333",,,,,,,,
"LINEA DE ENVASADO 1.25 l, 1,5 l  Y  2 l",820030,TANDEM DE PALETIZADO,13347672,INSPECCION SEMANAL OPERACION TANDEM,FUGAS DE AIRE/ ACEITE,,,,"0,3333333333",,,,,,,,
"LINEA DE ENVASADO 1.25 l, 1,5 l  Y  2 l",820030,TANDEM DE PALETIZADO,13347672,INSPECCION SEMANAL OPERACION TANDEM,ESTADO Y FUNCIONAMIENTO DE COMPONENTES MECANICOS,,,,"0,3333333333",,,,,,,,
"LINEA DE ENVASADO 1.25 l, 1,5 l  Y  2 l",820030,TANDEM DE PALETIZADO,13347672,INSPECCION SEMANAL OPERACION TANDEM,ESTADO Y FUNCIONAMIENTO DE COMPONENTES ELECTRICOS,,,,"0,3333333333",,,,,,,,
LINEA DE ENVASADO LATA,810003,CALENTADOR DE LATAS,13347681,INSPECCION SEMANAL CALENADOR DE LATAS,FUGAS DE AIRE/ ACEITE,,,,"0,3333333333",,,,,,,,
LINEA DE ENVASADO LATA,810003,CALENTADOR DE LATAS,13347681,INSPECCION SEMANAL CALENADOR DE LATAS,ESTADO Y FUNCIONAMIENTO DE COMPONENTES MECANICOS,,,,"0,3333333333",,,,,,,,
LINEA DE ENVASADO LATA,810003,CALENTADOR DE LATAS,13347681,INSPECCION SEMANAL CALENADOR DE LATAS,ESTADO Y FUNCIONAMIENTO DE COMPONENTES ELECTRICOS,,,,"0,3333333333",,,,,,,,
LINEA DE ENVASADO LATA,528834,CARBO COOLER,13347661,INSPECCION SEMANAL OPER CARBO L4,FUGAS DE AIRE/ ACEITE/ AMONIACO,si,CUMPLE,"20/5/2024, 20:38:12","0,3333333333",,,,,si,.,.,CUMPLE
LINEA DE ENVASADO LATA,528834,CARBO COOLER,13347661,INSPECCION SEMANAL OPER CARBO L4,ESTADO Y FUNCIONAMIENTO DE COMPONENTES MECANICOS,si,CUMPLE,"20/5/2024, 20:38:23","0,3333333333",,,,,si,.,.,CUMPLE
LINEA DE ENVASADO LATA,528834,CARBO COOLER,13347661,INSPECCION SEMANAL OPER CARBO L4,ESTADO Y FUNCIONAMIENTO DE COMPONENTES ELECTRICOS,si,CUMPLE,"20/5/2024, 20:38:51","0,3333333333",,,,,si,.,.,CUMPLE
LINEA DE ENVASADO LATA,82960201,CODIFICADOR,13347753,INSPECCION SEMANAL CODIFICADOR NRET HIT,ESTADO Y FUNCIONAMIENTO CABEZAL CODIFICADOR,si,CUMPLE,"20/5/2024, 20:45:52","0,0714285714",,,,,si,.,.,CUMPLE
LINEA DE ENVASADO LATA,82960201,CODIFICADOR,13347753,INSPECCION SEMANAL CODIFICADOR NRET HIT,ALINEACIÓN CHORRO/REGULACION DE TINTA,,,,"0,0714285714",,,,,,,,
LINEA DE ENVASADO LATA,82960201,CODIFICADOR,13347753,INSPECCION SEMANAL CODIFICADOR NRET HIT,VERIFICAR IMPRESIÓN Y NIVELES DE FLUIDOS,si,CUMPLE,"20/5/2024, 20:46:06","0,0714285714",,,,,si,.,.,CUMPLE
LINEA DE ENVASADO LATA,82960201,CODIFICADOR,13347753,INSPECCION SEMANAL CODIFICADOR NRET HIT,COMPONENTES SUELTOS Ó AUSENTES,si,CUMPLE,"20/5/2024, 20:46:17","0,0714285714",,,,,si,.,.,CUMPLE
LINEA DE ENVASADO LATA,819101,DEPALETIZADORA LATA,13347677,INSPECCION SEMANAL DEPALETIZADORA LATA,FUGAS DE AIRE/ ACEITE,,,,"0,1",,,,,,,,
LINEA DE ENVASADO LATA,819101,DEPALETIZADORA LATA,13347677,INSPECCION SEMANAL DEPALETIZADORA LATA,ESTADO Y FUNCIONAMIENTO DE COMPONENTES MECANICOS,,,,"0,1",,,,,,,,
LINEA DE ENVASADO LATA,819101,DEPALETIZADORA LATA,13347677,INSPECCION SEMANAL DEPALETIZADORA LATA,ESTADO Y FUNCIONAMIENTO DE COMPONENTES ELECTRICOS,,,,"0,1",,,,,,,,
LINEA DE ENVASADO LATA,810004,ENFARDADORA,13347685,INSPECCION SEMANAL ENFARDADORA,FUGAS DE AIRE/ ACEITE,si,CUMPLE,"20/5/2024, 20:51:05","0,1666666667",,,,,si,.,.,CUMPLE
LINEA DE ENVASADO LATA,810004,ENFARDADORA,13347685,INSPECCION SEMANAL ENFARDADORA,ESTADO Y FUNCIONAMIENTO DE COMPONENTES MECANICOS,si,CUMPLE,"20/5/2024, 20:51:20","0,1666666667",,,,,si,.,.,CUMPLE
LINEA DE ENVASADO LATA,810004,ENFARDADORA,13347685,INSPECCION SEMANAL ENFARDADORA,ESTADO Y FUNCIONAMIENTO DE COMPONENTES ELECTRICOS,si,CUMPLE,"20/5/2024, 20:51:30","0,1666666667",,,,,si,.,.,CUMPLE
LINEA DE ENVASADO LATA,8100062,ENJUAGADORA DE LATAS - RINSER,13347712,INSPECCION SEMANAL OPERACION RINSER,ESTADO SISTEMA NEUMÁTICO (ELECTROVÁLVULAS. CILINDROS ) ,si,CUMPLE,"21/5/2024, 17:43:40","0,3333333333",,,,,,.,.,CUMPLE
LINEA DE ENVASADO LATA,8100062,ENJUAGADORA DE LATAS - RINSER,13347712,INSPECCION SEMANAL OPERACION RINSER,"REVISIÓN DE TUBERÍA, BOQUILLAS, EMPAQUES, MANOMETROS",si,CUMPLE,"21/5/2024, 17:43:34","0,3333333333",,,,,,.,.,CUMPLE
LINEA DE ENVASADO LATA,8100062,ENJUAGADORA DE LATAS - RINSER,13347712,INSPECCION SEMANAL OPERACION RINSER,AJUSTE TORNILLERIA GENERAL,si,CUMPLE,"21/5/2024, 17:43:14","0,3333333333",,,,,,.,.,CUMPLE
LINEA DE ENVASADO LATA,810006,LLENADORA  DE LATA,13347676,INSPECCIÓN SEMANAL LLENADORA LINEA 4,FUGAS DE AIRE/ ACEITE,si,CUMPLE,"21/5/2024, 17:42:33","0,3333333333",,,,,,.,.,CUMPLE
LINEA DE ENVASADO LATA,810006,LLENADORA  DE LATA,13347676,INSPECCIÓN SEMANAL LLENADORA LINEA 4,ESTADO Y FUNCIONAMIENTO DE COMPONENTES MECANICOS,si,CUMPLE,"21/5/2024, 17:42:54","0,3333333333",,,,,,.,.,CUMPLE
LINEA DE ENVASADO LATA,810006,LLENADORA  DE LATA,13347676,INSPECCIÓN SEMANAL LLENADORA LINEA 4,ESTADO Y FUNCIONAMIENTO DE COMPONENTES ELECTRICOS,si,CUMPLE,"21/5/2024, 17:42:59","0,3333333333",,,,,,.,.,CUMPLE
LINEA DE ENVASADO LATA,829604,TRANSPORTADOR DE LATAS,13347686,INSPECCION SEMANAL TRANSPORTADOR LATAS,FUGAS DE AIRE/ ACEITE,si,CUMPLE,"20/5/2024, 20:51:52","0,3333333333",,,,,si,.,.,CUMPLE
LINEA DE ENVASADO LATA,829604,TRANSPORTADOR DE LATAS,13347686,INSPECCION SEMANAL TRANSPORTADOR LATAS,ESTADO Y FUNCIONAMIENTO DE COMPONENTES MECANICOS,si,CUMPLE,"20/5/2024, 20:52:00","0,3333333333",,,,,si,.,.,CUMPLE
LINEA DE ENVASADO LATA,829604,TRANSPORTADOR DE LATAS,13347686,INSPECCION SEMANAL TRANSPORTADOR LATAS,ESTADO Y FUNCIONAMIENTO DE COMPONENTES ELECTRICOS,si,CUMPLE,"20/5/2024, 20:52:05","0,3333333333",,,,,si,.,.,CUMPLE
LINEA PET AGUA ALIGERADA,829704,ALIMENTADOR DE TAPA PLASTICA,13347791,INSPECCIÓN SEMANAL DEL CLASIFICADOR DE T,FUGAS DE AIRE/ ACEITE,si,CUMPLE,"21/5/2024, 9:32:38","0,0666666667",,,,,si,.,.,CUMPLE
LINEA PET AGUA ALIGERADA,829704,ALIMENTADOR DE TAPA PLASTICA,13347791,INSPECCIÓN SEMANAL DEL CLASIFICADOR DE T,ESTADO Y FUNCIONAMIENTO DE COMPONENTES MECANICOS,si,CUMPLE,"21/5/2024, 9:32:26","0,0666666667",,,,,si,.,.,CUMPLE
LINEA PET AGUA ALIGERADA,829704,ALIMENTADOR DE TAPA PLASTICA,13347791,INSPECCIÓN SEMANAL DEL CLASIFICADOR DE T,ESTADO Y FUNCIONAMIENTO DE COMPONENTES ELECTRICOS,si,CUMPLE,"21/5/2024, 9:34:01","0,0666666667",,,,,si,.,.,CUMPLE
LINEA PET AGUA ALIGERADA,589662,CODIFICADOR LASER DE ENVASE,13347805,INSPECCION SEMANAL CODIFICADOR LASER,ESTADO Y FUNCIONAMIENTO LÁMPARA SEÑAL DE SERVICIO,si,El codificador láser no se encuentra en funcionamiento falta tarjeta y extractor ,,"0,0222222222",,,,,,Juan Bermudez,Oswaldo Baquero Saenz,https://storage.googleapis.com/glide-prod.appspot.com/uploads-v2/aTmswOOkYXClpN9hgWXL/pub/KvyWGVWpc4PSHsxbmdx4.jpeg
LINEA PET AGUA ALIGERADA,589662,CODIFICADOR LASER DE ENVASE,13347805,INSPECCION SEMANAL CODIFICADOR LASER,VERIFICAR IMPRESIÓN,si,El codificador láser no se encuentra en funcionamiento falta tarjeta y extractor,,"0,0222222222",,,,,,Juan Bermudez,Oswaldo Baquero Saenz,https://storage.googleapis.com/glide-prod.appspot.com/uploads-v2/aTmswOOkYXClpN9hgWXL/pub/9nN4k619ujmiJ3oCoQPv.jpeg
LINEA PET AGUA ALIGERADA,589662,CODIFICADOR LASER DE ENVASE,13347805,INSPECCION SEMANAL CODIFICADOR LASER,ESTADO DE FILTROS Y MANGUERAS,si,CUMPLE,"21/5/2024, 20:09:00","0,0222222222",,,,,,.,.,CUMPLE
LINEA PET AGUA ALIGERADA,589662,CODIFICADOR LASER DE ENVASE,13347805,INSPECCION SEMANAL CODIFICADOR LASER,LIMPIEZA LENTE,si,CUMPLE,"21/5/2024, 20:09:07","0,0222222222",,,,,,.,.,CUMPLE
LINEA PET AGUA ALIGERADA,589662,CODIFICADOR LASER DE ENVASE,13347805,INSPECCION SEMANAL CODIFICADOR LASER,ESTADO DE EXTRACTORES,si,El codificador láser no está en funcionamiento por motivo de que el extractor no funciona ,,"0,0222222222",,,,,,Juan Bermudez,Oswaldo Baquero Saenz,https://storage.googleapis.com/glide-prod.appspot.com/uploads-v2/aTmswOOkYXClpN9hgWXL/pub/48KRYobekUxLhuoGRXZ7.jpeg
LINEA PET AGUA ALIGERADA,589662,CODIFICADOR LASER DE ENVASE,13347805,INSPECCION SEMANAL CODIFICADOR LASER,ESTADO Y FUNCIONAMIENTO CABEZAL CODIFICADOR,si,El codificador láser no se encuentra en funcionamiento por qué no tiene la tarjeta y el extractor ,,"0,0222222222",,,,,,Juan Bermudez,Oswaldo Baquero Saenz,https://storage.googleapis.com/glide-prod.appspot.com/uploads-v2/aTmswOOkYXClpN9hgWXL/pub/uTRxVLdgCEyXgkO2or1e.jpeg
LINEA PET AGUA ALIGERADA,589662,CODIFICADOR LASER DE ENVASE,13347805,INSPECCION SEMANAL CODIFICADOR LASER,ESTADO ESTABILIZADOR DE VOLTAJE,,,,"0,0222222222",,,,,,,,
LINEA PET AGUA ALIGERADA,589662,CODIFICADOR LASER DE ENVASE,13347805,INSPECCION SEMANAL CODIFICADOR LASER,COMPONENTES SUELTOS Ó AUSENTES,,,,"0,0222222222",,,,,,,,
LINEA PET AGUA ALIGERADA,589662,CODIFICADOR LASER DE ENVASE,13347805,INSPECCION SEMANAL CODIFICADOR LASER,COMPONENTES ELECTRICOS MOTORES/CABLEADO/SENSORES/ELECTROVALVULAS,,,,"0,0222222222",,,,,,,,
LINEA PET AGUA ALIGERADA,589686,CODIFICADOR LINEA PET,13347868,INSPECCION SEMANAL CODIFICADOR,ESTADO Y FUNCIONAMIENTO CABEZAL CODIFICADOR,si,CUMPLE,"21/5/2024, 9:33:26","0,0285714286",,,,,si,.,.,CUMPLE
LINEA PET AGUA ALIGERADA,589686,CODIFICADOR LINEA PET,13347868,INSPECCION SEMANAL CODIFICADOR,ESTADO TRAMPA DE TINTA/BLOQUEO DE RETORNO,si,CUMPLE,"21/5/2024, 9:33:51","0,0285714286",,,,,si,.,.,CUMPLE
LINEA PET AGUA ALIGERADA,589686,CODIFICADOR LINEA PET,13347868,INSPECCION SEMANAL CODIFICADOR,ALINEACIÓN CHORRO/REGULACION DE TINTA,si,CUMPLE,"21/5/2024, 9:33:55","0,0285714286",,,,,si,.,.,CUMPLE
LINEA PET AGUA ALIGERADA,589686,CODIFICADOR LINEA PET,13347868,INSPECCION SEMANAL CODIFICADOR,ESTADO ESTABILIZADOR DE VOLTAJE,si,CUMPLE,"21/5/2024, 9:34:08","0,0285714286",,,,,si,.,.,CUMPLE
LINEA PET AGUA ALIGERADA,589686,CODIFICADOR LINEA PET,13347868,INSPECCION SEMANAL CODIFICADOR,VERIFICAR IMPRESIÓN Y NIVELES DE FLUIDOS,si,CUMPLE,"21/5/2024, 9:33:46","0,0285714286",,,,,si,.,.,CUMPLE
LINEA PET AGUA ALIGERADA,589686,CODIFICADOR LINEA PET,13347868,INSPECCION SEMANAL CODIFICADOR,COMPONENTES SUELTOS Ó AUSENTES,si,CUMPLE,"21/5/2024, 9:34:27","0,0285714286",,,,,si,.,.,CUMPLE
LINEA PET AGUA ALIGERADA,589686,CODIFICADOR LINEA PET,13347868,INSPECCION SEMANAL CODIFICADOR,COMPONENTES ELECTRICOS MOTORES/CABLEADO/SENSORES/ELECTROVALVULAS,si,CUMPLE,"21/5/2024, 9:34:36","0,0285714286",,,,,si,.,.,CUMPLE
LINEA PET AGUA ALIGERADA,710325,ENFARDADORA,13347788,INSPECCION SEMANAL ENFARDADORA 710325,FUGAS DE AIRE/ ACEITE,,,,"0,0666666667",,,,,,,,
LINEA PET AGUA ALIGERADA,710325,ENFARDADORA,13347788,INSPECCION SEMANAL ENFARDADORA 710325,ESTADO Y FUNCIONAMIENTO DE COMPONENTES MECANICOS,,,,"0,0666666667",,,,,,,,
LINEA PET AGUA ALIGERADA,710325,ENFARDADORA,13347788,INSPECCION SEMANAL ENFARDADORA 710325,ESTADO Y FUNCIONAMIENTO DE COMPONENTES ELECTRICOS,,,,"0,0666666667",,,,,,,,
LINEA PET AGUA ALIGERADA,579081,ENVOLVEDORA FILM PLASTICO,13347783,INSPECCION SEMANAL ENVOLVEDORA FILM PLAS,FUGAS DE AIRE/ ACEITE,,,,"0,0666666667",,,,,,,,
LINEA PET AGUA ALIGERADA,579081,ENVOLVEDORA FILM PLASTICO,13347783,INSPECCION SEMANAL ENVOLVEDORA FILM PLAS,ESTADO Y FUNCIONAMIENTO DE COMPONENTES MECANICOS,,,,"0,0666666667",,,,,,,,
LINEA PET AGUA ALIGERADA,579081,ENVOLVEDORA FILM PLASTICO,13347783,INSPECCION SEMANAL ENVOLVEDORA FILM PLAS,ESTADO Y FUNCIONAMIENTO DE COMPONENTES ELECTRICOS,,,,"0,0666666667",,,,,,,,
LINEA PET AGUA ALIGERADA,820084,ETIQUETADORA ENVOLVENTE,13347782,INSPECCION SEMANAL ETIQUETADORA,FUGAS DE AIRE/ ACEITE,,,,"0,0666666667",,,,,,,,
LINEA PET AGUA ALIGERADA,820084,ETIQUETADORA ENVOLVENTE,13347782,INSPECCION SEMANAL ETIQUETADORA,ESTADO Y FUNCIONAMIENTO DE COMPONENTES MECANICOS,,,,"0,0666666667",,,,,,,,
LINEA PET AGUA ALIGERADA,820084,ETIQUETADORA ENVOLVENTE,13347782,INSPECCION SEMANAL ETIQUETADORA,ESTADO Y FUNCIONAMIENTO DE COMPONENTES ELECTRICOS,,,,"0,0666666667",,,,,,,,
LINEA PET AGUA ALIGERADA,599606,INSPECTOR ELECTRONICO,13347785,INSPECCION SEMANAL INSP ELECT 599606,FUGAS DE AIRE/ ACEITE,si,CUMPLE,"21/5/2024, 9:34:54","0,0666666667",,,,,si,.,.,CUMPLE
LINEA PET AGUA ALIGERADA,599606,INSPECTOR ELECTRONICO,13347785,INSPECCION SEMANAL INSP ELECT 599606,ESTADO Y FUNCIONAMIENTO DE COMPONENTES MECANICOS,si,CUMPLE,"21/5/2024, 9:34:59","0,0666666667",,,,,si,.,.,CUMPLE
LINEA PET AGUA ALIGERADA,599606,INSPECTOR ELECTRONICO,13347785,INSPECCION SEMANAL INSP ELECT 599606,ESTADO Y FUNCIONAMIENTO DE COMPONENTES ELECTRICOS,si,CUMPLE,"21/5/2024, 9:35:07","0,0666666667",,,,,si,.,.,CUMPLE
LINEA PET AGUA ALIGERADA,820213,LIMPIEZA POR ESPUMA,13347794,INSPECCIÓN SEM DE LA LIMPIEZA POR ESPUMA,FUGAS DE AIRE/ ACEITE,,,,"0,0666666667",,,,,,,,
LINEA PET AGUA ALIGERADA,820213,LIMPIEZA POR ESPUMA,13347794,INSPECCIÓN SEM DE LA LIMPIEZA POR ESPUMA,ESTADO Y FUNCIONAMIENTO DE COMPONENTES MECANICOS,,,,"0,0666666667",,,,,,,,
LINEA PET AGUA ALIGERADA,820213,LIMPIEZA POR ESPUMA,13347794,INSPECCIÓN SEM DE LA LIMPIEZA POR ESPUMA,ESTADO Y FUNCIONAMIENTO DE COMPONENTES ELECTRICOS,,,,"0,0666666667",,,,,,,,
LINEA PET AGUA ALIGERADA,519562,LLENADORA DE BOTELLAS PET 48 VALVULAS,13347778,INSPECCION SEMANAL LLENADORA BOT PET,FUGAS DE AIRE/ ACEITE,,,,"0,0666666667",,,,,,,,
LINEA PET AGUA ALIGERADA,519562,LLENADORA DE BOTELLAS PET 48 VALVULAS,13347778,INSPECCION SEMANAL LLENADORA BOT PET,ESTADO Y FUNCIONAMIENTO DE COMPONENTES MECANICOS,,,,"0,0666666667",,,,,,,,
LINEA PET AGUA ALIGERADA,519562,LLENADORA DE BOTELLAS PET 48 VALVULAS,13347778,INSPECCION SEMANAL LLENADORA BOT PET,ESTADO Y FUNCIONAMIENTO DE COMPONENTES ELECTRICOS,,,,"0,0666666667",,,,,,,,
LINEA PET AGUA ALIGERADA,579082,PALETIZADORA,13347796,INSPECCION SEMANAL PALETIZADORA 579082,FUGAS DE AIRE/ ACEITE,,,,"0,0666666667",,,,,,,,
LINEA PET AGUA ALIGERADA,579082,PALETIZADORA,13347796,INSPECCION SEMANAL PALETIZADORA 579082,ESTADO Y FUNCIONAMIENTO DE COMPONENTES MECANICOS,,,,"0,0666666667",,,,,,,,
LINEA PET AGUA ALIGERADA,579082,PALETIZADORA,13347796,INSPECCION SEMANAL PALETIZADORA 579082,ESTADO Y FUNCIONAMIENTO DE COMPONENTES ELECTRICOS,,,,"0,0666666667",,,,,,,,
LINEA PET AGUA ALIGERADA,820304,SALA LIMPIA,13347803,INSPECCIÓN SEM DE LA SALA LIMPIA 820304,FUGAS DE AIRE/ ACEITE,si,CUMPLE,"21/5/2024, 20:12:12","0,0666666667",,,,,,.,.,CUMPLE
LINEA PET AGUA ALIGERADA,820304,SALA LIMPIA,13347803,INSPECCIÓN SEM DE LA SALA LIMPIA 820304,ESTADO Y FUNCIONAMIENTO DE COMPONENTES MECANICOS,si,CUMPLE,"21/5/2024, 20:12:21","0,0666666667",,,,,,.,.,CUMPLE
LINEA PET AGUA ALIGERADA,820304,SALA LIMPIA,13347803,INSPECCIÓN SEM DE LA SALA LIMPIA 820304,ESTADO Y FUNCIONAMIENTO DE COMPONENTES ELECTRICOS,si,CUMPLE,"21/5/2024, 20:12:29","0,0666666667",,,,,,.,.,CUMPLE
LINEA PET AGUA ALIGERADA,829873,TRANSPORTE DE ENVASES,13347780,INSPECCION SEMANAL TRANSP ENVASE 829873,FUGAS DE AIRE/ ACEITE,,,,"0,0666666667",,,,,,,,
LINEA PET AGUA ALIGERADA,829873,TRANSPORTE DE ENVASES,13347780,INSPECCION SEMANAL TRANSP ENVASE 829873,ESTADO Y FUNCIONAMIENTO DE COMPONENTES MECANICOS,,,,"0,0666666667",,,,,,,,
LINEA PET AGUA ALIGERADA,829873,TRANSPORTE DE ENVASES,13347780,INSPECCION SEMANAL TRANSP ENVASE 829873,ESTADO Y FUNCIONAMIENTO DE COMPONENTES ELECTRICOS,,,,"0,0666666667",,,,,,,,
LINEA PET AGUA ALIGERADA,829875,TRANSPORTE DE PALETS,13347799,INSPECCION SEMANAL TRANSPORTE PALETS,FUGAS DE AIRE/ ACEITE,,,,"0,0666666667",,,,,,,,
LINEA PET AGUA ALIGERADA,829875,TRANSPORTE DE PALETS,13347799,INSPECCION SEMANAL TRANSPORTE PALETS,ESTADO Y FUNCIONAMIENTO DE COMPONENTES MECANICOS,,,,"0,0666666667",,,,,,,,
LINEA PET AGUA ALIGERADA,829875,TRANSPORTE DE PALETS,13347799,INSPECCION SEMANAL TRANSPORTE PALETS,ESTADO Y FUNCIONAMIENTO DE COMPONENTES ELECTRICOS,,,,"0,0666666667",,,,,,,,
LINEA PET AGUA ALIGERADA,829874,TRANSPORTE DE PAQUETES,13347802,INSPECCION SEMANAL TRANSP PAQUETES,FUGAS DE AIRE/ ACEITE,,,,"0,0666666667",,,,,,,,
LINEA PET AGUA ALIGERADA,829874,TRANSPORTE DE PAQUETES,13347802,INSPECCION SEMANAL TRANSP PAQUETES,ESTADO Y FUNCIONAMIENTO DE COMPONENTES MECANICOS,,,,"0,0666666667",,,,,,,,
LINEA PET AGUA ALIGERADA,829874,TRANSPORTE DE PAQUETES,13347802,INSPECCION SEMANAL TRANSP PAQUETES,ESTADO Y FUNCIONAMIENTO DE COMPONENTES ELECTRICOS,,,,"0,0666666667",,,,,,,,