Centro,Ubicación Tecnica,Denominación,Codigo Equipo,Nombre Equipo,Plan,Desc. plan,Orden,Actividad,Tipo,Causa,Parada,Duración,razon de no planeacion,Criticidad,Fecha2,Nombre,revisado tiempo,revisado presupuesto,revisado repuestos,revisado repuestos programador
G. LUX DUITAMA,0441-LINEA 1,"LINEA DE ENVASADO  8,5onz, 12onz, 1.25 l",599576,INSPECTOR ELECTRONICO,15643,Mantenimiento de Inspector de botellas,13349337,verificar correcta operación calibracion,Preventivo,Maquinaria,No,0,,,,,,,,
G. LUX DUITAMA,0441-LINEA 1,"LINEA DE ENVASADO  8,5onz, 12onz, 1.25 l",599576,INSPECTOR ELECTRONICO,15643,Mantenimiento de Inspector de botellas,13349338,verificar correcta operación calibracion,Preventivo,Maquinaria,No,0,,,,,,,,
G. LUX DUITAMA,0441-LINEA 1,"LINEA DE ENVASADO  8,5onz, 12onz, 1.25 l",599576,INSPECTOR ELECTRONICO,15643,Mantenimiento de Inspector de botellas,13349339,verificar correcta operación calibracion,Preventivo,Maquinaria,No,0,,,,,,,,
G. LUX DUITAMA,0441-LINEA 1,"LINEA DE ENVASADO  8,5onz, 12onz, 1.25 l",599576,INSPECTOR ELECTRONICO,15643,Mantenimiento de Inspector de botellas,13349340,verificar correcta operación calibracion,Preventivo,Maquinaria,No,0,,,,,,,,
G. LUX DUITAMA,0441-LINEA 1,"LINEA DE ENVASADO  8,5onz, 12onz, 1.25 l",599576,INSPECTOR ELECTRONICO,15643,Mantenimiento de Inspector de botellas,13349341,verificar correcta operación calibracion,Preventivo,Maquinaria,No,0,,,,,,,,
G. LUX DUITAMA,0441-LINEA 1,"LINEA DE ENVASADO  8,5onz, 12onz, 1.25 l",599576,INSPECTOR ELECTRONICO,15643,Mantenimiento de Inspector de botellas,13349342,verificar correcta operación calibracion,Preventivo,Maquinaria,No,0,,,,,,,,
G. LUX DUITAMA,0441-LINEA 1,"LINEA DE ENVASADO  8,5onz, 12onz, 1.25 l",599576,INSPECTOR ELECTRONICO,15643,Mantenimiento de Inspector de botellas,13349343,verificar correcta operación calibracion,Preventivo,Maquinaria,No,0,,,,,,,,
G. LUX DUITAMA,0441-LINEA 1,"LINEA DE ENVASADO  8,5onz, 12onz, 1.25 l",599576,INSPECTOR ELECTRONICO,15643,Mantenimiento de Inspector de botellas,13349344,verificar correcta operación calibracion,Preventivo,Maquinaria,No,0,,,,,,,,
G. LUX DUITAMA,0441-LINEA 1,"LINEA DE ENVASADO  8,5onz, 12onz, 1.25 l",599576,INSPECTOR ELECTRONICO,15643,Mantenimiento de Inspector de botellas,13349345,verificar correcta operación calibracion,Preventivo,Maquinaria,No,0,,,,,,,,
G. LUX DUITAMA,0441-LINEA 1,"LINEA DE ENVASADO  8,5onz, 12onz, 1.25 l",599576,INSPECTOR ELECTRONICO,15643,Mantenimiento de Inspector de botellas,13349346,verificar correcta operación calibracion,Preventivo,Maquinaria,No,0,,,,,,,,
G. LUX DUITAMA,0441-LINEA 1,"LINEA DE ENVASADO  8,5onz, 12onz, 1.25 l",599576,INSPECTOR ELECTRONICO,15643,Mantenimiento de Inspector de botellas,13349347,verificar correcta operación calibracion,Preventivo,Maquinaria,No,0,,,,,,,,
G. LUX DUITAMA,0441-LINEA BOTELLON 20 LT,LINEA PRODUCCION DE BOTELLONES DE 20 LT,710111,LAVADORA DE HUACALES,18835,MANT. MECANICO LAVADORA DE HUACALES,13349373,CONTROL VARIABLES LAVADO (INI-C/2H),Preventivo,Maquinaria,No,0,,,,,,,,
G. LUX DUITAMA,0441-LINEA BOTELLON 20 LT,LINEA PRODUCCION DE BOTELLONES DE 20 LT,710111,LAVADORA DE HUACALES,18835,MANT. MECANICO LAVADORA DE HUACALES,13349373,CONTROL VARIABLES LAVADO (INI-C/4H),Preventivo,Maquinaria,No,0,,,,,,,,
G. LUX DUITAMA,0441-LINEA BOTELLON 20 LT,LINEA PRODUCCION DE BOTELLONES DE 20 LT,710111,LAVADORA DE HUACALES,18835,MANT. MECANICO LAVADORA DE HUACALES,13349373,CONTROL GENERADOR DE OZONO (INI-C/4H),Preventivo,Maquinaria,No,0,,,,,,,,
G. LUX DUITAMA,0441-LINEA BOTELLON 20 LT,LINEA PRODUCCION DE BOTELLONES DE 20 LT,710111,LAVADORA DE HUACALES,18835,MANT. MECANICO LAVADORA DE HUACALES,13349373,CONTROL ENVASADO (INI-C/1H),Preventivo,Maquinaria,No,0,,,,,,,,
G. LUX DUITAMA,0441-LINEA BOTELLON 20 LT,LINEA PRODUCCION DE BOTELLONES DE 20 LT,710111,LAVADORA DE HUACALES,18835,MANT. MECANICO LAVADORA DE HUACALES,13349373,CONTROL ENVASADO (INI-MITAD-FINAL),Preventivo,Maquinaria,No,0,,,,,,,,
G. LUX DUITAMA,0441-LINEA BOTELLON 20 LT,LINEA PRODUCCION DE BOTELLONES DE 20 LT,710111,LAVADORA DE HUACALES,18835,MANT. MECANICO LAVADORA DE HUACALES,13349373,CONTROL ENVASADO (INI-C/4H),Preventivo,Maquinaria,No,0,,,,,,,,
G. LUX DUITAMA,0441-LINEA BOTELLON 20 LT,LINEA PRODUCCION DE BOTELLONES DE 20 LT,719604,GENERADOR DE OZONO,18839,MANTENIMIENTO ELECTRICO GENERADOR OZONO,13349377,CONTROL VARIABLES LAVADO (INI-C/2H),Preventivo,Maquinaria,No,0,,,,,,,,
G. LUX DUITAMA,0441-LINEA BOTELLON 20 LT,LINEA PRODUCCION DE BOTELLONES DE 20 LT,719604,GENERADOR DE OZONO,18839,MANTENIMIENTO ELECTRICO GENERADOR OZONO,13349377,CONTROL VARIABLES LAVADO (INI-C/4H),Preventivo,Maquinaria,No,0,,,,,,,,
G. LUX DUITAMA,0441-LINEA BOTELLON 20 LT,LINEA PRODUCCION DE BOTELLONES DE 20 LT,719604,GENERADOR DE OZONO,18839,MANTENIMIENTO ELECTRICO GENERADOR OZONO,13349377,CONTROL GENERADOR DE OZONO (INI-C/4H),Preventivo,Maquinaria,No,0,,,,,,,,
G. LUX DUITAMA,0441-LINEA BOTELLON 20 LT,LINEA PRODUCCION DE BOTELLONES DE 20 LT,719604,GENERADOR DE OZONO,18839,MANTENIMIENTO ELECTRICO GENERADOR OZONO,13349377,CONTROL ENVASADO (INI-C/1H),Preventivo,Maquinaria,No,0,,,,,,,,
G. LUX DUITAMA,0441-LINEA BOTELLON 20 LT,LINEA PRODUCCION DE BOTELLONES DE 20 LT,719604,GENERADOR DE OZONO,18839,MANTENIMIENTO ELECTRICO GENERADOR OZONO,13349377,CONTROL ENVASADO (INI-MITAD-FINAL),Preventivo,Maquinaria,No,0,,,,,,,,
G. LUX DUITAMA,0441-LINEA BOTELLON 20 LT,LINEA PRODUCCION DE BOTELLONES DE 20 LT,719604,GENERADOR DE OZONO,18839,MANTENIMIENTO ELECTRICO GENERADOR OZONO,13349377,CONTROL ENVASADO (INI-C/4H),Preventivo,Maquinaria,No,0,,,,,,,,
G. LUX DUITAMA,0441-LINEA 1,"LINEA DE ENVASADO  8,5onz, 12onz, 1.25 l",82963701,CODIFICADOR DE BOTELLAS,18851,MANTENIMIENTO ELECTROMECANICO DEL CODIFI,13349384,CONTROL VARIABLES LAVADO ENVASE I - 1H,Preventivo,Maquinaria,No,0,no,,,,,,,
G. LUX DUITAMA,0441-LINEA 1,"LINEA DE ENVASADO  8,5onz, 12onz, 1.25 l",82963701,CODIFICADOR DE BOTELLAS,18851,MANTENIMIENTO ELECTROMECANICO DEL CODIFI,13349384,CONTROL VARIABLES LAVADO ENVASE III - 4H,Preventivo,Maquinaria,No,0,,,,,,,,
G. LUX DUITAMA,0441-LINEA 1,"LINEA DE ENVASADO  8,5onz, 12onz, 1.25 l",82963701,CODIFICADOR DE BOTELLAS,18851,MANTENIMIENTO ELECTROMECANICO DEL CODIFI,13349384,CONTROL VARIABLES LAVADO ENVASE IV - 24H,Preventivo,Maquinaria,No,0,,,,,,,,
G. LUX DUITAMA,0441-LINEA 1,"LINEA DE ENVASADO  8,5onz, 12onz, 1.25 l",82963701,CODIFICADOR DE BOTELLAS,18851,MANTENIMIENTO ELECTROMECANICO DEL CODIFI,13349384,CAMBIO DE SODA EN TANQUES DE LAVADO,Preventivo,Maquinaria,No,0,,,,,,,,
G. LUX DUITAMA,0441-LINEA 1,"LINEA DE ENVASADO  8,5onz, 12onz, 1.25 l",82963701,CODIFICADOR DE BOTELLAS,18851,MANTENIMIENTO ELECTROMECANICO DEL CODIFI,13349384,VERIF FUNC. CODIFICADOR - 1H,Preventivo,Maquinaria,No,0,,,,,,,,
G. LUX DUITAMA,0441-LINEA 1,"LINEA DE ENVASADO  8,5onz, 12onz, 1.25 l",82963701,CODIFICADOR DE BOTELLAS,18851,MANTENIMIENTO ELECTROMECANICO DEL CODIFI,13349384,VERIFICACION SELLADO - 4H,Preventivo,Maquinaria,No,0,,,,,,,,
G. LUX DUITAMA,0441-LINEA 1,"LINEA DE ENVASADO  8,5onz, 12onz, 1.25 l",82963701,CODIFICADOR DE BOTELLAS,18851,MANTENIMIENTO ELECTROMECANICO DEL CODIFI,13349384,VERIF. TORQUE REMOCION LITRON - 4H,Preventivo,Maquinaria,No,0,,,,,,,,
G. LUX DUITAMA,0441-LINEA 1,"LINEA DE ENVASADO  8,5onz, 12onz, 1.25 l",82963701,CODIFICADOR DE BOTELLAS,18851,MANTENIMIENTO ELECTROMECANICO DEL CODIFI,13349384,CONTROL VARIABLES LAVADO ENVASE II - 2H,Preventivo,Maquinaria,No,0,,,,,,,,
G. LUX DUITAMA,0441-LINEA 1,"LINEA DE ENVASADO  8,5onz, 12onz, 1.25 l",82963701,CODIFICADOR DE BOTELLAS,18851,MANTENIMIENTO ELECTROMECANICO DEL CODIFI,13349384,VERIF. TORQUE REMOCION BRETAÑA NR - 4H,Preventivo,Maquinaria,No,0,,,,,,,,
G. LUX DUITAMA,0441-LINEA 1,"LINEA DE ENVASADO  8,5onz, 12onz, 1.25 l",829837,TRANSPORTADOR DE CAJAS,18855,PLAN MANTENIMIENTO MEC. TRANSP. CAJAS L1,13349386,CONTROL VARIABLES LAVADO ENVASE I - 1H,Preventivo,Maquinaria,No,0,,,,,,,,
G. LUX DUITAMA,0441-LINEA 1,"LINEA DE ENVASADO  8,5onz, 12onz, 1.25 l",829837,TRANSPORTADOR DE CAJAS,18855,PLAN MANTENIMIENTO MEC. TRANSP. CAJAS L1,13349386,CONTROL VARIABLES LAVADO ENVASE III - 4H,Preventivo,Maquinaria,No,0,,,,,,,,
G. LUX DUITAMA,0441-LINEA 1,"LINEA DE ENVASADO  8,5onz, 12onz, 1.25 l",829837,TRANSPORTADOR DE CAJAS,18855,PLAN MANTENIMIENTO MEC. TRANSP. CAJAS L1,13349386,CONTROL VARIABLES LAVADO ENVASE IV - 24H,Preventivo,Maquinaria,No,0,,,,,,,,
G. LUX DUITAMA,0441-LINEA 1,"LINEA DE ENVASADO  8,5onz, 12onz, 1.25 l",829837,TRANSPORTADOR DE CAJAS,18855,PLAN MANTENIMIENTO MEC. TRANSP. CAJAS L1,13349386,CAMBIO DE SODA EN TANQUES DE LAVADO,Preventivo,Maquinaria,No,0,,,,,,,,
G. LUX DUITAMA,0441-LINEA 1,"LINEA DE ENVASADO  8,5onz, 12onz, 1.25 l",829837,TRANSPORTADOR DE CAJAS,18855,PLAN MANTENIMIENTO MEC. TRANSP. CAJAS L1,13349386,VERIF FUNC. CODIFICADOR - 1H,Preventivo,Maquinaria,No,0,,,,,,,,
G. LUX DUITAMA,0441-LINEA 1,"LINEA DE ENVASADO  8,5onz, 12onz, 1.25 l",829837,TRANSPORTADOR DE CAJAS,18855,PLAN MANTENIMIENTO MEC. TRANSP. CAJAS L1,13349386,VERIFICACION SELLADO - 4H,Preventivo,Maquinaria,No,0,,,,,,,,
G. LUX DUITAMA,0441-LINEA 1,"LINEA DE ENVASADO  8,5onz, 12onz, 1.25 l",829837,TRANSPORTADOR DE CAJAS,18855,PLAN MANTENIMIENTO MEC. TRANSP. CAJAS L1,13349386,VERIF. TORQUE REMOCION LITRON - 4H,Preventivo,Maquinaria,No,0,,,,,,,,
G. LUX DUITAMA,0441-LINEA 1,"LINEA DE ENVASADO  8,5onz, 12onz, 1.25 l",829837,TRANSPORTADOR DE CAJAS,18855,PLAN MANTENIMIENTO MEC. TRANSP. CAJAS L1,13349386,CONTROL VARIABLES LAVADO ENVASE II - 2H,Preventivo,Maquinaria,No,0,,,,,,,,
G. LUX DUITAMA,0441-LINEA 1,"LINEA DE ENVASADO  8,5onz, 12onz, 1.25 l",829837,TRANSPORTADOR DE CAJAS,18855,PLAN MANTENIMIENTO MEC. TRANSP. CAJAS L1,13349386,VERIF. TORQUE REMOCION BRETAÑA NR - 4H,Preventivo,Maquinaria,No,0,,,,,,,,
G. LUX DUITAMA,0441-PLANTAS DE AGUAS,TRATAMIENTO DE AGUA PARA ENVASADO,660004,TORRE DE AIREACION,19131,MANTENIMIENTO MECANICO TORRE-AIRECION,13349405,0,Preventivo,Maquinaria,No,0,,,,,,,,
G. LUX DUITAMA,0441-LINEA BOTELLON 20 LT,LINEA PRODUCCION DE BOTELLONES DE 20 LT,71960401,TANQUE MEZCLA DE OZONO,20431,MANTENIMIETO LIMPIEZA TK- MEZCLA OZONO,13349495,CONTROL VARIABLES LAVADO (INI-C/2H),Preventivo,Maquinaria,No,0,,,,,,,,
G. LUX DUITAMA,0441-LINEA BOTELLON 20 LT,LINEA PRODUCCION DE BOTELLONES DE 20 LT,71960401,TANQUE MEZCLA DE OZONO,20431,MANTENIMIETO LIMPIEZA TK- MEZCLA OZONO,13349495,CONTROL VARIABLES LAVADO (INI-C/4H),Preventivo,Maquinaria,No,0,,,,,,,,
G. LUX DUITAMA,0441-LINEA BOTELLON 20 LT,LINEA PRODUCCION DE BOTELLONES DE 20 LT,71960401,TANQUE MEZCLA DE OZONO,20431,MANTENIMIETO LIMPIEZA TK- MEZCLA OZONO,13349495,CONTROL GENERADOR DE OZONO (INI-C/4H),Preventivo,Maquinaria,No,0,,,,,,,,
G. LUX DUITAMA,0441-LINEA BOTELLON 20 LT,LINEA PRODUCCION DE BOTELLONES DE 20 LT,71960401,TANQUE MEZCLA DE OZONO,20431,MANTENIMIETO LIMPIEZA TK- MEZCLA OZONO,13349495,CONTROL ENVASADO (INI-C/1H),Preventivo,Maquinaria,No,0,,,,,,,,
G. LUX DUITAMA,0441-LINEA BOTELLON 20 LT,LINEA PRODUCCION DE BOTELLONES DE 20 LT,71960401,TANQUE MEZCLA DE OZONO,20431,MANTENIMIETO LIMPIEZA TK- MEZCLA OZONO,13349495,CONTROL ENVASADO (INI-MITAD-FINAL),Preventivo,Maquinaria,No,0,,,,,,,,
G. LUX DUITAMA,0441-LINEA BOTELLON 20 LT,LINEA PRODUCCION DE BOTELLONES DE 20 LT,71960401,TANQUE MEZCLA DE OZONO,20431,MANTENIMIETO LIMPIEZA TK- MEZCLA OZONO,13349495,CONTROL ENVASADO (INI-C/4H),Preventivo,Maquinaria,No,0,,,,,,,,
G. LUX DUITAMA,0441-SALA DE JARABES,EQUIPOS PARA  PREPARACION DE JARABE,69962301,TINA 4000 LTS,19688,MANTENIMIETO MECANICO TINA 1 69962301,13319519,Revisar el estado del agitador y sello m,Preventivo,Maquinaria,No,"0,1",,,,,,,,
G. LUX DUITAMA,0441-EQUIPOS AUXILIARES,EQUIPOS PARA SERVICIOS INDUSTRIALES,649166,COMPRESOR DE AIRE,18915,MANT. LUBRICACION DEL COMPAIRE INGERSOL,13349391,Revi presion de aceite normal de,Preventivo,Maquinaria,No,"0,1",,,,,,,,
G. LUX DUITAMA,0441-EQUIPOS AUXILIARES,EQUIPOS PARA SERVICIOS INDUSTRIALES,649166,COMPRESOR DE AIRE,18915,MANT. LUBRICACION DEL COMPAIRE INGERSOL,13349391,Revi presion de aceite minima de,Preventivo,Maquinaria,No,"0,1",,,,,,,,
G. LUX DUITAMA,0441-EQUIPOS AUXILIARES,EQUIPOS PARA SERVICIOS INDUSTRIALES,649166,COMPRESOR DE AIRE,18915,MANT. LUBRICACION DEL COMPAIRE INGERSOL,13349391,Revi nivel aceite con equipo en marcha,Preventivo,Maquinaria,No,"0,1",,,,,,,,
G. LUX DUITAMA,0441-EQUIPOS AUXILIARES,EQUIPOS PARA SERVICIOS INDUSTRIALES,649166,COMPRESOR DE AIRE,18915,MANT. LUBRICACION DEL COMPAIRE INGERSOL,13349398,Revi presion de aceite normal de,Preventivo,Maquinaria,No,"0,1",,,,,,,,
G. LUX DUITAMA,0441-EQUIPOS AUXILIARES,EQUIPOS PARA SERVICIOS INDUSTRIALES,649166,COMPRESOR DE AIRE,18915,MANT. LUBRICACION DEL COMPAIRE INGERSOL,13349398,Revi presion de aceite minima de,Preventivo,Maquinaria,No,"0,1",,,,,,,,
G. LUX DUITAMA,0441-EQUIPOS AUXILIARES,EQUIPOS PARA SERVICIOS INDUSTRIALES,649166,COMPRESOR DE AIRE,18915,MANT. LUBRICACION DEL COMPAIRE INGERSOL,13349398,Revi nivel aceite con equipo en marcha,Preventivo,Maquinaria,No,"0,1",,,,,,,,
G. LUX DUITAMA,0441-EQUIPOS AUXILIARES,EQUIPOS PARA SERVICIOS INDUSTRIALES,649224,COMPRESOR DE AIRE,18993,MANT. LUBRICACION DEL COMPAIRE INGERSOL,13349400,Revi presion de aceite normal de,Preventivo,Maquinaria,No,"0,1",,,,,,,,
G. LUX DUITAMA,0441-EQUIPOS AUXILIARES,EQUIPOS PARA SERVICIOS INDUSTRIALES,649224,COMPRESOR DE AIRE,18993,MANT. LUBRICACION DEL COMPAIRE INGERSOL,13349400,Revi presion de aceite minima de,Preventivo,Maquinaria,No,"0,1",,,,,,,,
G. LUX DUITAMA,0441-EQUIPOS AUXILIARES,EQUIPOS PARA SERVICIOS INDUSTRIALES,649224,COMPRESOR DE AIRE,18993,MANT. LUBRICACION DEL COMPAIRE INGERSOL,13349400,Revi nivel aceite con equipo en marcha,Preventivo,Maquinaria,No,"0,1",,,,,,,,
G. LUX DUITAMA,0441-EQUIPOS AUXILIARES,EQUIPOS PARA SERVICIOS INDUSTRIALES,670014,PLANTA ELECTRICA,19152,MANTENIMIENTO ELECTRIC.PLANTA DUITAMA,13349412,revisar nivel de refrigerante del motor,Preventivo,Maquinaria,No,"0,1",,,,,,,,
G. LUX DUITAMA,0441-EQUIPOS AUXILIARES,EQUIPOS PARA SERVICIOS INDUSTRIALES,670014,PLANTA ELECTRICA,19152,MANTENIMIENTO ELECTRIC.PLANTA DUITAMA,13349412,"""verificar estado de las aletas del ,""",Preventivo,Maquinaria,No,"0,1",,,,,,,,
G. LUX DUITAMA,0441-SALA DE JARABES,EQUIPOS PARA  PREPARACION DE JARABE,698273,FILTRO DE BUJIAS,19159,LUBRICACION REDUCTOR MOTORES Y LUBRICONT,13349419,Revi nivel y estado de aceite  en caso,Preventivo,Maquinaria,No,"0,1",,,,,,,,
G. LUX DUITAMA,0441-EQUIPOS AUXILIARES,EQUIPOS PARA SERVICIOS INDUSTRIALES,649201,COMPRESOR DE AIRE,23217,MANTEN LUBRICACION. COMPRESOR INGER.2,13349571,Revi nivel aceite con equipo en marcha,Preventivo,Maquinaria,No,"0,1",,,,,,,,
G. LUX DUITAMA,0441-SALA DE JARABES,EQUIPOS PARA  PREPARACION DE JARABE,69962301,TINA 4000 LTS,19688,MANTENIMIETO MECANICO TINA 1 69962301,13319519,Revisar el estado de polea y correa,Preventivo,Maquinaria,No,"0,2",,,,,,,,
G. LUX DUITAMA,0441-LINEA 1,"LINEA DE ENVASADO  8,5onz, 12onz, 1.25 l",599576,INSPECTOR ELECTRONICO,15648,Mantenimiento de Inspector de botellas,13349363,Revision Dosificaci¢n jabon lubri,Preventivo,Maquinaria,No,"0,2",,,,,,,,
G. LUX DUITAMA,0441-EQUIPOS AUXILIARES,EQUIPOS PARA SERVICIOS INDUSTRIALES,670014,PLANTA ELECTRICA,19151,MANTENIMIENTO ELECTRIC.,13349411,"""revisar niveles de aceite, estado de",Preventivo,Maquinaria,No,"0,2",,,,,,,,
G. LUX DUITAMA,0441-EQUIPOS AUXILIARES,EQUIPOS PARA SERVICIOS INDUSTRIALES,670014,PLANTA ELECTRICA,19152,MANTENIMIENTO ELECTRIC.PLANTA DUITAMA,13349412,verificar estado de correas,Preventivo,Maquinaria,No,"0,2",,,,,,,,
G. LUX DUITAMA,0441-SALA DE JARABES,EQUIPOS PARA  PREPARACION DE JARABE,698273,FILTRO DE BUJIAS,19156,MANTENIMIENTO MECANICO FILTRO BUJIAS,13349417,Revisar los manometros del equipo,Preventivo,Maquinaria,No,"0,2",,,,,,,,
G. LUX DUITAMA,0441-PLANTAS DE AGUAS,TRATAMIENTO DE AGUA PARA ENVASADO,69962450,COCINA 4000 L SANEAMIENTO FILTROS CARBON,21608,MANTENIMIENTO ELECTRICO COCINA,13349527,Revi  serpentin en cocina,Preventivo,Maquinaria,No,"0,2",,,,,,,,
G. LUX DUITAMA,0441-EQUIPOS AUXILIARES,EQUIPOS PARA SERVICIOS INDUSTRIALES,679337,PLANTA ELECTRICA,21618,MANTENIMIENTO LUBRICACION PLANTA ELEC 2,13349548,"""revisar niveles de aceite, estado de",Preventivo,Maquinaria,No,"0,2",,,,,,,,
G. LUX DUITAMA,0441-EQUIPOS AUXILIARES,EQUIPOS PARA SERVICIOS INDUSTRIALES,649201,COMPRESOR DE AIRE,23217,MANTEN LUBRICACION. COMPRESOR INGER.2,13349571,Revi presion de aceite normal de,Preventivo,Maquinaria,No,"0,2",,,,,,,,
G. LUX DUITAMA,0441-EQUIPOS AUXILIARES,EQUIPOS PARA SERVICIOS INDUSTRIALES,638561,CONDENSADOR EVAPORATIVO,18421,Detección de fugas Condensador,13349368,Revisión de posibles fugas,Preventivo,Maquinaria,No,"0,3",,,,,,,,
G. LUX DUITAMA,0441-EQUIPOS AUXILIARES,EQUIPOS PARA SERVICIOS INDUSTRIALES,638561,CONDENSADOR EVAPORATIVO,18421,Detección de fugas Condensador,13349369,Revisión de posibles fugas,Preventivo,Maquinaria,No,"0,3",,,,,,,,
G. LUX DUITAMA,0441-EQUIPOS AUXILIARES,EQUIPOS PARA SERVICIOS INDUSTRIALES,649166,COMPRESOR DE AIRE,18915,MANT. LUBRICACION DEL COMPAIRE INGERSOL,13349389,Veri la operacion de las purgas para,Preventivo,Maquinaria,No,"0,3",,,,,,,,
G. LUX DUITAMA,0441-EQUIPOS AUXILIARES,EQUIPOS PARA SERVICIOS INDUSTRIALES,649166,COMPRESOR DE AIRE,18915,MANT. LUBRICACION DEL COMPAIRE INGERSOL,13349390,Veri la operacion de las purgas para,Preventivo,Maquinaria,No,"0,3",,,,,,,,
G. LUX DUITAMA,0441-EQUIPOS AUXILIARES,EQUIPOS PARA SERVICIOS INDUSTRIALES,649166,COMPRESOR DE AIRE,18915,MANT. LUBRICACION DEL COMPAIRE INGERSOL,13349391,Veri la operacion de las purgas para,Preventivo,Maquinaria,No,"0,3",,,,,,,,
G. LUX DUITAMA,0441-EQUIPOS AUXILIARES,EQUIPOS PARA SERVICIOS INDUSTRIALES,649166,COMPRESOR DE AIRE,18915,MANT. LUBRICACION DEL COMPAIRE INGERSOL,13349391,Realizar cambio del filtro de aceite,Preventivo,Maquinaria,No,"0,3",,,,,,,,
G. LUX DUITAMA,0441-EQUIPOS AUXILIARES,EQUIPOS PARA SERVICIOS INDUSTRIALES,649166,COMPRESOR DE AIRE,18915,MANT. LUBRICACION DEL COMPAIRE INGERSOL,13349392,Veri la operacion de las purgas para,Preventivo,Maquinaria,No,"0,3",,,,,,,,
G. LUX DUITAMA,0441-EQUIPOS AUXILIARES,EQUIPOS PARA SERVICIOS INDUSTRIALES,649166,COMPRESOR DE AIRE,18915,MANT. LUBRICACION DEL COMPAIRE INGERSOL,13349393,Veri la operacion de las purgas para,Preventivo,Maquinaria,No,"0,3",,,,,,,,
G. LUX DUITAMA,0441-EQUIPOS AUXILIARES,EQUIPOS PARA SERVICIOS INDUSTRIALES,649166,COMPRESOR DE AIRE,18915,MANT. LUBRICACION DEL COMPAIRE INGERSOL,13349394,Veri la operacion de las purgas para,Preventivo,Maquinaria,No,"0,3",,,,,,,,
G. LUX DUITAMA,0441-EQUIPOS AUXILIARES,EQUIPOS PARA SERVICIOS INDUSTRIALES,649166,COMPRESOR DE AIRE,18915,MANT. LUBRICACION DEL COMPAIRE INGERSOL,13349395,Veri la operacion de las purgas para,Preventivo,Maquinaria,No,"0,3",,,,,,,,
G. LUX DUITAMA,0441-EQUIPOS AUXILIARES,EQUIPOS PARA SERVICIOS INDUSTRIALES,649166,COMPRESOR DE AIRE,18915,MANT. LUBRICACION DEL COMPAIRE INGERSOL,13349396,Veri la operacion de las purgas para,Preventivo,Maquinaria,No,"0,3",,,,,,,,
G. LUX DUITAMA,0441-EQUIPOS AUXILIARES,EQUIPOS PARA SERVICIOS INDUSTRIALES,649166,COMPRESOR DE AIRE,18915,MANT. LUBRICACION DEL COMPAIRE INGERSOL,13349397,Veri la operacion de las purgas para,Preventivo,Maquinaria,No,"0,3",,,,,,,,
G. LUX DUITAMA,0441-EQUIPOS AUXILIARES,EQUIPOS PARA SERVICIOS INDUSTRIALES,649166,COMPRESOR DE AIRE,18915,MANT. LUBRICACION DEL COMPAIRE INGERSOL,13349398,Veri la operacion de las purgas para,Preventivo,Maquinaria,No,"0,3",,,,,,,,
G. LUX DUITAMA,0441-EQUIPOS AUXILIARES,EQUIPOS PARA SERVICIOS INDUSTRIALES,649166,COMPRESOR DE AIRE,18915,MANT. LUBRICACION DEL COMPAIRE INGERSOL,13349398,Realizar cambio del filtro de aceite,Preventivo,Maquinaria,No,"0,3",,,,,,,,
G. LUX DUITAMA,0441-EQUIPOS AUXILIARES,EQUIPOS PARA SERVICIOS INDUSTRIALES,649166,COMPRESOR DE AIRE,18915,MANT. LUBRICACION DEL COMPAIRE INGERSOL,13349399,Veri la operacion de las purgas para,Preventivo,Maquinaria,No,"0,3",,,,,,,,
G. LUX DUITAMA,0441-EQUIPOS AUXILIARES,EQUIPOS PARA SERVICIOS INDUSTRIALES,649224,COMPRESOR DE AIRE,18993,MANT. LUBRICACION DEL COMPAIRE INGERSOL,13349400,Veri la operacion de las purgas para,Preventivo,Maquinaria,No,"0,3",,,,,,,,
G. LUX DUITAMA,0441-PLANTAS DE AGUAS,TRATAMIENTO DE AGUA PARA ENVASADO,660004,TORRE DE AIREACION,19133,LUBRICACION DE COJINETES BOMB.TORRE-AIRE,13349407,lubricar cojinetes de la bomba No.1,Preventivo,Maquinaria,No,"0,3",,,,,,,,
G. LUX DUITAMA,0441-SALA DE JARABES,EQUIPOS PARA  PREPARACION DE JARABE,69962302,TINA 4000 LTS,19746,MANTENIMIETO MECANICO TINA 2 69962302,13319522,Revisar el estado del agitador,Preventivo,Maquinaria,No,"0,5",,,,,,,,
G. LUX DUITAMA,0441-EQUIPOS AUXILIARES,EQUIPOS PARA SERVICIOS INDUSTRIALES,709704,TANQUES DE SODA,23204,"PLAN DE MANTENIMIENTO TK SODA,",13319541,Revi Tk para reajuste soda lavadora,Preventivo,Maquinaria,No,"0,5",,,,,,,,
G. LUX DUITAMA,0441-LINEA 1,"LINEA DE ENVASADO  8,5onz, 12onz, 1.25 l",599576,INSPECTOR ELECTRONICO,15644,Mantenimiento de Inspector de botellas,13339448,Revisi¢n del aire soplado de rechazo.,Preventivo,Maquinaria,No,"0,5",,,,,,,,
G. LUX DUITAMA,0441-LINEA 1,"LINEA DE ENVASADO  8,5onz, 12onz, 1.25 l",599576,INSPECTOR ELECTRONICO,15643,Mantenimiento de Inspector de botellas,13349347,Revisi¢n vidrio cobertor del explorador,Preventivo,Maquinaria,No,"0,5",,,,,,,,
G. LUX DUITAMA,0441-LINEA 1,"LINEA DE ENVASADO  8,5onz, 12onz, 1.25 l",599576,INSPECTOR ELECTRONICO,15643,Mantenimiento de Inspector de botellas,13349347,Revisi¢n del vidrio convexo,Preventivo,Maquinaria,No,"0,5",,,,,,,,
G. LUX DUITAMA,0441-LINEA 1,"LINEA DE ENVASADO  8,5onz, 12onz, 1.25 l",599576,INSPECTOR ELECTRONICO,15644,Mantenimiento de Inspector de botellas,13349348,Revisi¢n del aire soplado de rechazo.,Preventivo,Maquinaria,No,"0,5",,,,,,,,
G. LUX DUITAMA,0441-LINEA 1,"LINEA DE ENVASADO  8,5onz, 12onz, 1.25 l",599576,INSPECTOR ELECTRONICO,15646,Mantenimiento de Inspector de botellas,13349361,Revisi¢n del bombillo reflector,Preventivo,Maquinaria,No,"0,5",,,,,,,,
G. LUX DUITAMA,0441-LINEA 1,"LINEA DE ENVASADO  8,5onz, 12onz, 1.25 l",599576,INSPECTOR ELECTRONICO,15649,Mantenimiento de Inspector de botellas,13349364,Engrase de la cremallera del cabezal,Preventivo,Maquinaria,No,"0,5",,,,,,,,
G. LUX DUITAMA,0441-EQUIPOS AUXILIARES,EQUIPOS PARA SERVICIOS INDUSTRIALES,638561,CONDENSADOR EVAPORATIVO,18423,LLubricación condensador evaportativo,13349372,Lubricación general equipo,Preventivo,Maquinaria,No,"0,5",,,,,,,,
G. LUX DUITAMA,0441-EQUIPOS AUXILIARES,EQUIPOS PARA SERVICIOS INDUSTRIALES,649166,COMPRESOR DE AIRE,18913,MANTENIMIENTO ELECTR COMP AIRE INGERSO,13349388,Purga tanqu pulmón y verificación cheque,Preventivo,Maquinaria,No,"0,5",,,,,,,,
G. LUX DUITAMA,0441-EQUIPOS AUXILIARES,EQUIPOS PARA SERVICIOS INDUSTRIALES,649166,COMPRESOR DE AIRE,18915,MANT. LUBRICACION DEL COMPAIRE INGERSOL,13349391,Revi el estado del filtro de aire y,Preventivo,Maquinaria,No,"0,5",,,,,,,,
G. LUX DUITAMA,0441-EQUIPOS AUXILIARES,EQUIPOS PARA SERVICIOS INDUSTRIALES,649166,COMPRESOR DE AIRE,18915,MANT. LUBRICACION DEL COMPAIRE INGERSOL,13349398,Revi el estado del filtro de aire y,Preventivo,Maquinaria,No,"0,5",,,,,,,,
G. LUX DUITAMA,0441-EQUIPOS AUXILIARES,EQUIPOS PARA SERVICIOS INDUSTRIALES,649224,COMPRESOR DE AIRE,18993,MANT. LUBRICACION DEL COMPAIRE INGERSOL,13349400,Revi el estado del filtro de aire y,Preventivo,Maquinaria,No,"0,5",,,,,,,,
G. LUX DUITAMA,0441-EQUIPOS AUXILIARES,EQUIPOS PARA SERVICIOS INDUSTRIALES,670014,PLANTA ELECTRICA,19151,MANTENIMIENTO ELECTRIC.,13349411,cambio de filtros de aceite Ref,Preventivo,Maquinaria,No,"0,5",,,,,,,,
G. LUX DUITAMA,0441-SALA DE JARABES,EQUIPOS PARA  PREPARACION DE JARABE,698273,FILTRO DE BUJIAS,19156,MANTENIMIENTO MECANICO FILTRO BUJIAS,13349417,Revisar que no existan fugas de jarabe,Preventivo,Maquinaria,No,"0,5",,,,,,,,
G. LUX DUITAMA,0441-SALA DE JARABES,EQUIPOS PARA  PREPARACION DE JARABE,698273,FILTRO DE BUJIAS,19156,MANTENIMIENTO MECANICO FILTRO BUJIAS,13349417,Revisar la valvula de accion rapida con,Preventivo,Maquinaria,No,"0,5",,,,,,,,
G. LUX DUITAMA,0441-SALA DE JARABES,EQUIPOS PARA  PREPARACION DE JARABE,698273,FILTRO DE BUJIAS,19159,LUBRICACION REDUCTOR MOTORES Y LUBRICONT,13349419,Lubricaci¢n reductor preparacion,Preventivo,Maquinaria,No,"0,5",,,,,,,,
G. LUX DUITAMA,0441-LINEA BOTELLON 20 LT,LINEA PRODUCCION DE BOTELLONES DE 20 LT,589625,CODIFICADOR DE BOTELLON 20 L,19291,MANTENIMIENTO MECANICO BOTELLON,13349444,Mantenimiento soporte del sistema mecani,Preventivo,Maquinaria,No,"0,5",,,,,,,,
G. LUX DUITAMA,0441-LINEA BOTELLON 20 LT,LINEA PRODUCCION DE BOTELLONES DE 20 LT,589625,CODIFICADOR DE BOTELLON 20 L,19291,MANTENIMIENTO MECANICO BOTELLON,13349445,Mantenimiento soporte del sistema mecani,Preventivo,Maquinaria,No,"0,5",,,,,,,,
G. LUX DUITAMA,0441-LINEA BOTELLON 20 LT,LINEA PRODUCCION DE BOTELLONES DE 20 LT,589625,CODIFICADOR DE BOTELLON 20 L,19291,MANTENIMIENTO MECANICO BOTELLON,13349446,Mantenimiento soporte del sistema mecani,Preventivo,Maquinaria,No,"0,5",,,,,,,,
G. LUX DUITAMA,0441-LINEA BOTELLON 20 LT,LINEA PRODUCCION DE BOTELLONES DE 20 LT,589625,CODIFICADOR DE BOTELLON 20 L,19291,MANTENIMIENTO MECANICO BOTELLON,13349447,Mantenimiento soporte del sistema mecani,Preventivo,Maquinaria,No,"0,5",,,,,,,,
G. LUX DUITAMA,0441-LINEA BOTELLON 20 LT,LINEA PRODUCCION DE BOTELLONES DE 20 LT,589625,CODIFICADOR DE BOTELLON 20 L,19291,MANTENIMIENTO MECANICO BOTELLON,13349449,Mantenimiento soporte del sistema mecani,Preventivo,Maquinaria,No,"0,5",,,,,,,,
G. LUX DUITAMA,0441-AGUAS RESIDUALES  GASEOSA,TRATAMIENTO DE AGUAS DE DESECHO GASEOSAS,71009401,TANQUE NEUTRALIZADOR  AGUA LAVADORAS,19735,MANTENIMIETO ELECTRICO TANQUE CLAR.TRAMP,13349452,revisar funcion del registrador de PH,Preventivo,Maquinaria,No,"0,5",,,,,,,,
G. LUX DUITAMA,0441-AGUAS RESIDUALES  GASEOSA,TRATAMIENTO DE AGUAS DE DESECHO GASEOSAS,71009401,TANQUE NEUTRALIZADOR  AGUA LAVADORAS,19735,MANTENIMIETO ELECTRICO TANQUE CLAR.TRAMP,13349452,verificar funcionamiento del PH Metro,Preventivo,Maquinaria,No,"0,5",,,,,,,,
G. LUX DUITAMA,0441-EQUIPOS AUXILIARES,EQUIPOS PARA SERVICIOS INDUSTRIALES,820109,SEC ADOR DE AIRE AGUA CRISTAL,20337,MANTENIMIETO MEC SECADOR DE AGUA CRISTAL,13349493,Verificación de presiones.,Preventivo,Maquinaria,No,"0,5",,,,,,,,
G. LUX DUITAMA,0441-EQUIPOS AUXILIARES,EQUIPOS PARA SERVICIOS INDUSTRIALES,709704,TANQUES DE SODA,23204,"PLAN DE MANTENIMIENTO TK SODA,",13319541,Revi el estado del tanque de soda y,Preventivo,Maquinaria,No,1,,,,,,,,
G. LUX DUITAMA,0441-LINEA 1,"LINEA DE ENVASADO  8,5onz, 12onz, 1.25 l",599576,INSPECTOR ELECTRONICO,15644,Mantenimiento de Inspector de botellas,13339448,Revisi¢n electrovalvula de entrada aire,Preventivo,Maquinaria,No,1,,,,,,,,
G. LUX DUITAMA,0441-LINEA 1,"LINEA DE ENVASADO  8,5onz, 12onz, 1.25 l",599576,INSPECTOR ELECTRONICO,15644,Mantenimiento de Inspector de botellas,13339448,Revisi¢n de la electrovalvula de,Preventivo,Maquinaria,No,1,,,,,,,,
G. LUX DUITAMA,0441-LINEA 1,"LINEA DE ENVASADO  8,5onz, 12onz, 1.25 l",599576,INSPECTOR ELECTRONICO,15644,Mantenimiento de Inspector de botellas,13339448,Revise que no existan fugaz de  aire.,Preventivo,Maquinaria,No,1,,,,,,,,
G. LUX DUITAMA,0441-LINEA 1,"LINEA DE ENVASADO  8,5onz, 12onz, 1.25 l",599576,INSPECTOR ELECTRONICO,15644,Mantenimiento de Inspector de botellas,13339448,Rev que no existan filtr en tub de,Preventivo,Maquinaria,No,1,,,,,,,,
G. LUX DUITAMA,0441-SALA DE JARABES,EQUIPOS PARA  PREPARACION DE JARABE,699623,SALA DE PREPARACION,19162,MANTENIMIENTO ELECTRIC. SALA DE PREPARAC,13339536,Revision  del tablero principal,Preventivo,Maquinaria,No,1,,,,,,,,
G. LUX DUITAMA,0441-LINEA 1,"LINEA DE ENVASADO  8,5onz, 12onz, 1.25 l",829637,TRANSPORTADOR DE BOTELLAS,19169,MANTENIMIENTO ELECTRICO TRANP.BOTELLAS,13339542,Revicion tablero principal,Preventivo,Maquinaria,No,1,,,,,,,,
G. LUX DUITAMA,0441-SALA DE JARABES,EQUIPOS PARA  PREPARACION DE JARABE,69960404,TINA 4000 LTS,23246,MANTENIMIENTO TINA 4000 LIT SALA PREPARA,13339651,lubricacion de la chumaceras,Preventivo,Maquinaria,No,1,,,,,,,,
G. LUX DUITAMA,0441-LINEA 1,"LINEA DE ENVASADO  8,5onz, 12onz, 1.25 l",540006,EMPACADORA,15603,PLAN DE MANTENIMIENTO EMPACADORA,13349326,Revisión protecc paro emergenc y cortina,Preventivo,Maquinaria,No,1,,,,,,,,
G. LUX DUITAMA,0441-LINEA 1,"LINEA DE ENVASADO  8,5onz, 12onz, 1.25 l",629083,COMPRESOR DE REFRIGERACION,15626,Mantenimiento compresor  refrigeracion 1,13349328,Verificar presion carga descarga y aceit,Preventivo,Maquinaria,No,1,,,,,,,,
G. LUX DUITAMA,0441-LINEA 1,"LINEA DE ENVASADO  8,5onz, 12onz, 1.25 l",629083,COMPRESOR DE REFRIGERACION,15626,Mantenimiento compresor  refrigeracion 1,13349328,Verific ausencias fugas amoniaco y agua,Preventivo,Maquinaria,No,1,,,,,,,,
G. LUX DUITAMA,0441-LINEA 1,"LINEA DE ENVASADO  8,5onz, 12onz, 1.25 l",629083,COMPRESOR DE REFRIGERACION,15627,Mantenimiento compresor  refrigeración 1,13349329,Verificar presion carga descarga y aceit,Preventivo,Maquinaria,No,1,,,,,,,,
G. LUX DUITAMA,0441-LINEA 1,"LINEA DE ENVASADO  8,5onz, 12onz, 1.25 l",629083,COMPRESOR DE REFRIGERACION,15627,Mantenimiento compresor  refrigeración 1,13349329,Verific ausencias fugas amoniaco y agua,Preventivo,Maquinaria,No,1,,Alto,"22/5/2024, 14:00:00",Técnico III Mecánico,si,si,si,
G. LUX DUITAMA,0441-LINEA 1,"LINEA DE ENVASADO  8,5onz, 12onz, 1.25 l",599576,INSPECTOR ELECTRONICO,15646,Mantenimiento de Inspector de botellas,13349360,Revisi¢n del la electrovalvulas,Preventivo,Maquinaria,No,1,,,,,,,,
G. LUX DUITAMA,0441-LINEA 1,"LINEA DE ENVASADO  8,5onz, 12onz, 1.25 l",599576,INSPECTOR ELECTRONICO,15646,Mantenimiento de Inspector de botellas,13349360,Revisi¢n  de los sensores microfonicos,Preventivo,Maquinaria,No,1,,,,,,,,
G. LUX DUITAMA,0441-LINEA 1,"LINEA DE ENVASADO  8,5onz, 12onz, 1.25 l",599576,INSPECTOR ELECTRONICO,15646,Mantenimiento de Inspector de botellas,13349360,Revisar codificador de pulsos del,Preventivo,Maquinaria,No,1,,,,,,,,
G. LUX DUITAMA,0441-LINEA 1,"LINEA DE ENVASADO  8,5onz, 12onz, 1.25 l",599576,INSPECTOR ELECTRONICO,15646,Mantenimiento de Inspector de botellas,13349361,Revisi¢n del gavinete principal.,Preventivo,Maquinaria,No,1,,,,,,,,
G. LUX DUITAMA,0441-LINEA 1,"LINEA DE ENVASADO  8,5onz, 12onz, 1.25 l",599576,INSPECTOR ELECTRONICO,15646,Mantenimiento de Inspector de botellas,13349361,Revisi¢n de la tarjeta  line control.,Preventivo,Maquinaria,No,1,,,,,,,,
G. LUX DUITAMA,0441-EQUIPOS AUXILIARES,EQUIPOS PARA SERVICIOS INDUSTRIALES,638561,CONDENSADOR EVAPORATIVO,18421,Mtto Mco Condensador,13349367,Mtto de mercoides y control de niveles.,Preventivo,Maquinaria,No,1,,,,,,,,
G. LUX DUITAMA,0441-LINEA BOTELLON 20 LT,LINEA PRODUCCION DE BOTELLONES DE 20 LT,710111,LAVADORA DE HUACALES,18836,MANT. MECANICO LAVADORA DE HUACALES,13349375,bajar boquillas y lavarlas,Preventivo,Maquinaria,No,1,,,,,,,,
G. LUX DUITAMA,0441-LINEA BOTELLON 20 LT,LINEA PRODUCCION DE BOTELLONES DE 20 LT,710111,LAVADORA DE HUACALES,18836,MANT. MECANICO LAVADORA DE HUACALES,13349375,lavar tuberia de inyector con,Preventivo,Maquinaria,No,1,,,,,,,,
G. LUX DUITAMA,0441-LINEA BOTELLON 20 LT,LINEA PRODUCCION DE BOTELLONES DE 20 LT,710111,LAVADORA DE HUACALES,18836,MANT. MECANICO LAVADORA DE HUACALES,13349376,bajar boquillas y lavarlas,Preventivo,Maquinaria,No,1,,,,,,,,
G. LUX DUITAMA,0441-LINEA BOTELLON 20 LT,LINEA PRODUCCION DE BOTELLONES DE 20 LT,710111,LAVADORA DE HUACALES,18836,MANT. MECANICO LAVADORA DE HUACALES,13349376,lavar tuberia de inyector con,Preventivo,Maquinaria,No,1,,,,,,,,
G. LUX DUITAMA,0441-LINEA 1,"LINEA DE ENVASADO  8,5onz, 12onz, 1.25 l",629084,COMPRESOR DE REFRIGERACION,18844,MANTENIMIENTO MECANICO COMPRESOR 2,13349380,Mtto tablero control desde panel carbo,Preventivo,Maquinaria,No,1,,Alto,"21/5/2024, 14:30:00",Juan Carlos Combita,si,si,si,si
G. LUX DUITAMA,0441-LINEA 1,"LINEA DE ENVASADO  8,5onz, 12onz, 1.25 l",629084,COMPRESOR DE REFRIGERACION,18846,MANT. LUBRUCACION DEL COMPRESOR REFR 2,13349382,Revisi¢n equipo medida,Preventivo,Maquinaria,No,1,,,,,,,,
G. LUX DUITAMA,0441-LINEA 1,"LINEA DE ENVASADO  8,5onz, 12onz, 1.25 l",629084,COMPRESOR DE REFRIGERACION,18846,MANT. LUBRUCACION DEL COMPRESOR REFR 2,13349383,Revisi¢n equipo medida,Preventivo,Maquinaria,No,1,,,,,,,,
G. LUX DUITAMA,0441-LINEA 1,"LINEA DE ENVASADO  8,5onz, 12onz, 1.25 l",560012,LAVADORA DE CAJAS,19111,MANTENIMIENTO MECANICO LAV.CAJAS,13349401,Mtto de boquillas y empaques juntas,Preventivo,Maquinaria,No,1,,,,,,,,
G. LUX DUITAMA,0441-LINEA 1,"LINEA DE ENVASADO  8,5onz, 12onz, 1.25 l",560012,LAVADORA DE CAJAS,19113,LUBRICACION DE LA LAVADORA DE CAJAS L 1,13349404,Revisi¢n nivel de aceite al reductor,Preventivo,Maquinaria,No,1,,,,,,,,
G. LUX DUITAMA,0441-PLANTAS DE AGUAS,TRATAMIENTO DE AGUA PARA ENVASADO,660004,TORRE DE AIREACION,19132,MANTENIMIENTO ELECTRIC. TORRE DE AIRECIO,13349406,verificar estado y funcionamiento de,Preventivo,Maquinaria,No,1,,,,,,,,
G. LUX DUITAMA,0441-EQUIPOS AUXILIARES,EQUIPOS PARA SERVICIOS INDUSTRIALES,670014,PLANTA ELECTRICA,19151,MANTENIMIENTO ELECTRIC.,13349411,"""evacuar aceite usado del carter,""",Preventivo,Maquinaria,No,1,,,,,,,,
G. LUX DUITAMA,0441-EQUIPOS AUXILIARES,EQUIPOS PARA SERVICIOS INDUSTRIALES,670014,PLANTA ELECTRICA,19152,MANTENIMIENTO ELECTRIC.PLANTA DUITAMA,13349412,"""verificar/reempalzar (si es necesario)",Preventivo,Maquinaria,No,1,,,,,,,,
G. LUX DUITAMA,0441-EQUIPOS AUXILIARES,EQUIPOS PARA SERVICIOS INDUSTRIALES,670014,PLANTA ELECTRICA,19152,MANTENIMIENTO ELECTRIC.PLANTA DUITAMA,13349412,limpiar y lavar sistema de,Preventivo,Maquinaria,No,1,,,,,,,,
G. LUX DUITAMA,0441-LINEA BOTELLON 20 LT,LINEA PRODUCCION DE BOTELLONES DE 20 LT,710110,LAVADORA DE BOTELLONES,19200,MANTENIMIENTO MECANICO LAVA. BOTELLONES,13349432,Mtto del sistema neumático.,Preventivo,Maquinaria,No,1,,,,,,,,
G. LUX DUITAMA,0441-LINEA BOTELLON 20 LT,LINEA PRODUCCION DE BOTELLONES DE 20 LT,710110,LAVADORA DE BOTELLONES,19200,MANTENIMIENTO MECANICO LAVA. BOTELLONES,13349433,Mtto del sistema neumático.,Preventivo,Maquinaria,No,1,,,,,,,,
G. LUX DUITAMA,0441-LINEA BOTELLON 20 LT,LINEA PRODUCCION DE BOTELLONES DE 20 LT,710111,LAVADORA DE HUACALES,19207,MANTENIMIENTO MECANICO LAVA. HUACALES,13349438,bajar boquillas y lavarlas,Preventivo,Maquinaria,No,1,,,,,,,,
G. LUX DUITAMA,0441-LINEA BOTELLON 20 LT,LINEA PRODUCCION DE BOTELLONES DE 20 LT,710111,LAVADORA DE HUACALES,19207,MANTENIMIENTO MECANICO LAVA. HUACALES,13349438,lavar tuberia de inyector con,Preventivo,Maquinaria,No,1,,,,,,,,
G. LUX DUITAMA,0441-LINEA BOTELLON 20 LT,LINEA PRODUCCION DE BOTELLONES DE 20 LT,710111,LAVADORA DE HUACALES,19207,MANTENIMIENTO MECANICO LAVA. HUACALES,13349439,bajar boquillas y lavarlas,Preventivo,Maquinaria,No,1,,,,,,,,
G. LUX DUITAMA,0441-LINEA BOTELLON 20 LT,LINEA PRODUCCION DE BOTELLONES DE 20 LT,710111,LAVADORA DE HUACALES,19207,MANTENIMIENTO MECANICO LAVA. HUACALES,13349439,lavar tuberia de inyector con,Preventivo,Maquinaria,No,1,,,,,,,,
G. LUX DUITAMA,0441-LINEA BOTELLON 20 LT,LINEA PRODUCCION DE BOTELLONES DE 20 LT,589625,CODIFICADOR DE BOTELLON 20 L,19291,MANTENIMIENTO MECANICO BOTELLON,13349444,Cambio de Aditivos y tinta lavado de boq,Preventivo,Maquinaria,No,1,,,,,,,,
G. LUX DUITAMA,0441-LINEA BOTELLON 20 LT,LINEA PRODUCCION DE BOTELLONES DE 20 LT,589625,CODIFICADOR DE BOTELLON 20 L,19291,MANTENIMIENTO MECANICO BOTELLON,13349448,Cambio de Aditivos y tinta lavado de boq,Preventivo,Maquinaria,No,1,,,,,,,,
G. LUX DUITAMA,0441-SALA DE JARABES,EQUIPOS PARA  PREPARACION DE JARABE,69962302,TINA 4000 LTS,19745,MANTENIMIETO MECANICO TINA 2 69962302,13349456,Lubricación general del equipo.,Preventivo,Maquinaria,No,1,,,,,,,,
G. LUX DUITAMA,0441-SALA DE JARABES,EQUIPOS PARA  PREPARACION DE JARABE,69962305,TINA 2000 LTS,19749,MANTENIMIETO ELECTRICO TINA 5 69962305,13349461,Lubricación general del equipo.,Preventivo,Maquinaria,No,1,,,,,,,,
G. LUX DUITAMA,0441-SALA DE JARABES,EQUIPOS PARA  PREPARACION DE JARABE,69962306,TINA 2000 LTS,19751,MANTENIMIETO ELECTRICOTINA 6 69962306,13349463,Lubricación general del equipo.,Preventivo,Maquinaria,No,1,,,,,,,,
G. LUX DUITAMA,0441-SALA DE JARABES,EQUIPOS PARA  PREPARACION DE JARABE,69962307,TINA 2000 LTS,19753,MANTENIMIETO ELECTRICO TINA 7 69962307,13349465,Lubricación general del equipo.,Preventivo,Maquinaria,No,1,,,,,,,,
G. LUX DUITAMA,0441-SALA DE JARABES,EQUIPOS PARA  PREPARACION DE JARABE,69962308,TINA 2000 LTS,19755,MANTENIMIETO ELECTRICO TINA 8 69962308,13349467,Lubricación general del equipo.,Preventivo,Maquinaria,No,1,,,,,,,,
G. LUX DUITAMA,0441-SALA DE JARABES,EQUIPOS PARA  PREPARACION DE JARABE,69962309,TINA 1500 LTS,19757,MANTENIMIETO ELECTRICO TINA 9 69962309,13349469,Lubricación general del equipo.,Preventivo,Maquinaria,No,1,,,,,,,,
G. LUX DUITAMA,0441-SALA DE JARABES,EQUIPOS PARA  PREPARACION DE JARABE,69962310,TINA 1500 LTS,19759,MANTENIMIETO ELECTRICO TINA 10 69962310,13349470,Lubricación general del equipo.,Preventivo,Maquinaria,No,1,,,,,,,,
G. LUX DUITAMA,0441-SALA DE JARABES,EQUIPOS PARA  PREPARACION DE JARABE,69962310,TINA 1500 LTS,19760,MANTENIMIETO MECANICOTINA 10 69962310,13349474,Lubricación general del equipo.,Preventivo,Maquinaria,No,1,,,,,,,,
G. LUX DUITAMA,0441-SALA DE JARABES,EQUIPOS PARA  PREPARACION DE JARABE,69962311,TINA 2000 LTS,19761,MANTENIMIETO ELECTRICO TINA 11 69962311,13349476,Lubricación general del equipo.,Preventivo,Maquinaria,No,1,,,,,,,,
G. LUX DUITAMA,0441-SALA DE JARABES,EQUIPOS PARA  PREPARACION DE JARABE,69962313,TINA  800 LTS,19763,MANTENIMIETO ELECTRICO TINA 13 69962313,13349478,Lubricación general del equipo.,Preventivo,Maquinaria,No,1,,,,,,,,
G. LUX DUITAMA,0441-SALA DE JARABES,EQUIPOS PARA  PREPARACION DE JARABE,69962314,TINA 1700 LTS,19765,MANTENIMIETO ELECTRICO TINA 14 69962314,13349480,Lubricación general del equipo.,Preventivo,Maquinaria,No,1,,,,,,,,
G. LUX DUITAMA,0441-LINEA DE BOLSAS,LINEA PARA EL LLENADO DE BOLSAS,900212,LLENADORA DE BOLSAS LINEA 4,21613,MANTENIMIENTO ELECTROMECANICO LLEN BOLSA,13349532,Revisión de lampara ultra violeta,Preventivo,Maquinaria,No,1,,,,,,,,
G. LUX DUITAMA,0441-LINEA DE BOLSAS,LINEA PARA EL LLENADO DE BOLSAS,900212,LLENADORA DE BOLSAS LINEA 4,21613,MANTENIMIENTO ELECTROMECANICO LLEN BOLSA,13349533,Revisión de lampara ultra violeta,Preventivo,Maquinaria,No,1,,,,,,,,
G. LUX DUITAMA,0441-LINEA DE BOLSAS,LINEA PARA EL LLENADO DE BOLSAS,900212,LLENADORA DE BOLSAS LINEA 4,21613,MANTENIMIENTO ELECTROMECANICO LLEN BOLSA,13349534,Revisión de lampara ultra violeta,Preventivo,Maquinaria,No,1,,,,,,,,
G. LUX DUITAMA,0441-LINEA DE BOLSAS,LINEA PARA EL LLENADO DE BOLSAS,900212,LLENADORA DE BOLSAS LINEA 4,21613,MANTENIMIENTO ELECTROMECANICO LLEN BOLSA,13349535,Revisión de lampara ultra violeta,Preventivo,Maquinaria,No,1,,,,,,,,
G. LUX DUITAMA,0441-LINEA DE BOLSAS,LINEA PARA EL LLENADO DE BOLSAS,900212,LLENADORA DE BOLSAS LINEA 4,21613,MANTENIMIENTO ELECTROMECANICO LLEN BOLSA,13349536,Revisión de lampara ultra violeta,Preventivo,Maquinaria,No,1,,,,,,,,
G. LUX DUITAMA,0441-LINEA DE BOLSAS,LINEA PARA EL LLENADO DE BOLSAS,900212,LLENADORA DE BOLSAS LINEA 4,21613,MANTENIMIENTO ELECTROMECANICO LLEN BOLSA,13349537,Revisión de lampara ultra violeta,Preventivo,Maquinaria,No,1,,,,,,,,
G. LUX DUITAMA,0441-LINEA DE BOLSAS,LINEA PARA EL LLENADO DE BOLSAS,900212,LLENADORA DE BOLSAS LINEA 4,21613,MANTENIMIENTO ELECTROMECANICO LLEN BOLSA,13349538,Revisión de lampara ultra violeta,Preventivo,Maquinaria,No,1,,,,,,,,
G. LUX DUITAMA,0441-LINEA DE BOLSAS,LINEA PARA EL LLENADO DE BOLSAS,900212,LLENADORA DE BOLSAS LINEA 4,21613,MANTENIMIENTO ELECTROMECANICO LLEN BOLSA,13349539,Revisión de lampara ultra violeta,Preventivo,Maquinaria,No,1,,,,,,,,
G. LUX DUITAMA,0441-LINEA DE BOLSAS,LINEA PARA EL LLENADO DE BOLSAS,900212,LLENADORA DE BOLSAS LINEA 4,21613,MANTENIMIENTO ELECTROMECANICO LLEN BOLSA,13349540,Revisión de lampara ultra violeta,Preventivo,Maquinaria,No,1,,,,,,,,
G. LUX DUITAMA,0441-LINEA DE BOLSAS,LINEA PARA EL LLENADO DE BOLSAS,900212,LLENADORA DE BOLSAS LINEA 4,21613,MANTENIMIENTO ELECTROMECANICO LLEN BOLSA,13349541,Revisión de lampara ultra violeta,Preventivo,Maquinaria,No,1,,,,,,,,
G. LUX DUITAMA,0441-LINEA DE BOLSAS,LINEA PARA EL LLENADO DE BOLSAS,900212,LLENADORA DE BOLSAS LINEA 4,21613,MANTENIMIENTO ELECTROMECANICO LLEN BOLSA,13349542,Revisión de lampara ultra violeta,Preventivo,Maquinaria,No,1,,,,,,,,
G. LUX DUITAMA,0441-LINEA 1,"LINEA DE ENVASADO  8,5onz, 12onz, 1.25 l",560012,LAVADORA DE CAJAS,23068,PLAN DE MANTENIMIENTO LAVADORA DE CAJAS,13349552,Revisi¢n del transportador,Preventivo,Maquinaria,No,1,,Alto,"22/5/2024, 6:00:00",Juan Carlos galvis ,si,si,si,si
G. LUX DUITAMA,0441-LINEA 1,"LINEA DE ENVASADO  8,5onz, 12onz, 1.25 l",560012,LAVADORA DE CAJAS,23069,PLAN DE MANTENIMIENTO LAVADORA DE CAJAS,13349553,Revisi¢n valvulas de entrada agua,Preventivo,Maquinaria,No,1,,,,,,,,
G. LUX DUITAMA,0441-LINEA 1,"LINEA DE ENVASADO  8,5onz, 12onz, 1.25 l",560012,LAVADORA DE CAJAS,23069,PLAN DE MANTENIMIENTO LAVADORA DE CAJAS,13349553,Revisi¢n de valvulas entrada de vapor,Preventivo,Maquinaria,No,1,,,,,,,,
G. LUX DUITAMA,0441-LINEA 1,"LINEA DE ENVASADO  8,5onz, 12onz, 1.25 l",560012,LAVADORA DE CAJAS,23069,PLAN DE MANTENIMIENTO LAVADORA DE CAJAS,13349553,Revisi¢n valvulas neumat drenaje 1 y 2,Preventivo,Maquinaria,No,1,,,,,,,,
G. LUX DUITAMA,0441-LINEA 1,"LINEA DE ENVASADO  8,5onz, 12onz, 1.25 l",699103,UNIDAD MANEJADORA  # 1,36761,PLAN DE MANTENIMIENTO UMAS #1 LINEA1,13349585,Revision semanal del equipo.,Preventivo,Maquinaria,No,1,,,,,,,,
G. LUX DUITAMA,0441-LINEA 1,"LINEA DE ENVASADO  8,5onz, 12onz, 1.25 l",699103,UNIDAD MANEJADORA  # 1,36761,PLAN DE MANTENIMIENTO UMAS #1 LINEA1,13349586,Revision semanal del equipo.,Preventivo,Maquinaria,No,1,,,,,,,,
G. LUX DUITAMA,0441-SALA DE JARABES,EQUIPOS PARA  PREPARACION DE JARABE,699104,UNIDAD MANEJADORA  # 2,36775,PLAN DE MANTENIMIENTO UMAS #2JARABES,13349587,Revisión semanal del equipo.,Preventivo,Maquinaria,No,1,,,,,,,,
G. LUX DUITAMA,0441-PLANTAS DE AGUAS,TRATAMIENTO DE AGUA PARA ENVASADO,69962450,COCINA 4000 L SANEAMIENTO FILTROS CARBON,21608,MANTENIMIENTO ELECTRICO COCINA,13349527,Revi los controles de temperatura,Preventivo,Maquinaria,No,"1,5",,,,,,,,
G. LUX DUITAMA,0441-SALA DE JARABES,EQUIPOS PARA  PREPARACION DE JARABE,699623,SALA DE PREPARACION,19163,LUBRICACION DE RODAMIENTOS AGITADORES,13339538,Revisión funcionamiento lamp iluminacón,Preventivo,Maquinaria,No,2,,,,,,,,
G. LUX DUITAMA,0441-LINEA 1,"LINEA DE ENVASADO  8,5onz, 12onz, 1.25 l",528949,CARBO-ENFRIADOR,15498,PLAN DE MANTENIMIENTO CARBO ENFRIADOR,13349313,Purga sist NH3 ver Fugas TK y accesorios,Preventivo,Maquinaria,No,2,,,,,,,,
G. LUX DUITAMA,0441-LINEA 1,"LINEA DE ENVASADO  8,5onz, 12onz, 1.25 l",528949,CARBO-ENFRIADOR,15499,PLAN DE MANTENIMIENTO CARBO ENFRIADOR,13349314,Purga sist NH3 ver Fugas TK y accesorios,Preventivo,Maquinaria,No,2,,,,,,,,
G. LUX DUITAMA,0441-LINEA 1,"LINEA DE ENVASADO  8,5onz, 12onz, 1.25 l",599576,INSPECTOR ELECTRONICO,15645,Mantenimiento de Inspector de botellas,13349349,Revisi¢n y calibraci¢n de manometros.,Preventivo,Maquinaria,No,2,,,,,,,,
G. LUX DUITAMA,0441-LINEA 1,"LINEA DE ENVASADO  8,5onz, 12onz, 1.25 l",599576,INSPECTOR ELECTRONICO,15645,Mantenimiento de Inspector de botellas,13349350,Revisi¢n y calibraci¢n de manometros.,Preventivo,Maquinaria,No,2,,,,,,,,
G. LUX DUITAMA,0441-LINEA 1,"LINEA DE ENVASADO  8,5onz, 12onz, 1.25 l",599576,INSPECTOR ELECTRONICO,15645,Mantenimiento de Inspector de botellas,13349351,Revisi¢n y calibraci¢n de manometros.,Preventivo,Maquinaria,No,2,,,,,,,,
G. LUX DUITAMA,0441-LINEA 1,"LINEA DE ENVASADO  8,5onz, 12onz, 1.25 l",599576,INSPECTOR ELECTRONICO,15645,Mantenimiento de Inspector de botellas,13349352,Revisi¢n y calibraci¢n de manometros.,Preventivo,Maquinaria,No,2,,,,,,,,
G. LUX DUITAMA,0441-LINEA 1,"LINEA DE ENVASADO  8,5onz, 12onz, 1.25 l",599576,INSPECTOR ELECTRONICO,15645,Mantenimiento de Inspector de botellas,13349353,Revisi¢n y calibraci¢n de manometros.,Preventivo,Maquinaria,No,2,,,,,,,,
G. LUX DUITAMA,0441-LINEA 1,"LINEA DE ENVASADO  8,5onz, 12onz, 1.25 l",599576,INSPECTOR ELECTRONICO,15645,Mantenimiento de Inspector de botellas,13349354,Revisi¢n y calibraci¢n de manometros.,Preventivo,Maquinaria,No,2,,,,,,,,
G. LUX DUITAMA,0441-LINEA 1,"LINEA DE ENVASADO  8,5onz, 12onz, 1.25 l",599576,INSPECTOR ELECTRONICO,15645,Mantenimiento de Inspector de botellas,13349355,Revisi¢n y calibraci¢n de manometros.,Preventivo,Maquinaria,No,2,,,,,,,,
G. LUX DUITAMA,0441-LINEA 1,"LINEA DE ENVASADO  8,5onz, 12onz, 1.25 l",599576,INSPECTOR ELECTRONICO,15645,Mantenimiento de Inspector de botellas,13349356,Revisi¢n y calibraci¢n de manometros.,Preventivo,Maquinaria,No,2,,,,,,,,
G. LUX DUITAMA,0441-LINEA 1,"LINEA DE ENVASADO  8,5onz, 12onz, 1.25 l",599576,INSPECTOR ELECTRONICO,15645,Mantenimiento de Inspector de botellas,13349357,Revisi¢n y calibraci¢n de manometros.,Preventivo,Maquinaria,No,2,,,,,,,,
G. LUX DUITAMA,0441-LINEA 1,"LINEA DE ENVASADO  8,5onz, 12onz, 1.25 l",599576,INSPECTOR ELECTRONICO,15645,Mantenimiento de Inspector de botellas,13349358,Revisi¢n y calibraci¢n de manometros.,Preventivo,Maquinaria,No,2,,,,,,,,
G. LUX DUITAMA,0441-LINEA 1,"LINEA DE ENVASADO  8,5onz, 12onz, 1.25 l",599576,INSPECTOR ELECTRONICO,15645,Mantenimiento de Inspector de botellas,13349359,Revisi¢n y calibraci¢n de manometros.,Preventivo,Maquinaria,No,2,,,,,,,,
G. LUX DUITAMA,0441-LINEA 1,"LINEA DE ENVASADO  8,5onz, 12onz, 1.25 l",599576,INSPECTOR ELECTRONICO,15647,Mantenimiento de Inspector de botellas,13349362,Revisi¢n de la tarjetas electronicas,Preventivo,Maquinaria,No,2,,,,,,,,
G. LUX DUITAMA,0441-SALA DE JARABES,EQUIPOS PARA  PREPARACION DE JARABE,698273,FILTRO DE BUJIAS,19156,MANTENIMIENTO MECANICO FILTRO BUJIAS,13349417,Revisar empaquetaduras de las valvulas,Preventivo,Maquinaria,No,2,,,,,,,,
G. LUX DUITAMA,0441-LINEA BOTELLON 20 LT,LINEA PRODUCCION DE BOTELLONES DE 20 LT,710110,LAVADORA DE BOTELLONES,19200,MANTENIMIENTO MECANICO LAVA. BOTELLONES,13349432,Revisión de la trampa limpieza.,Preventivo,Maquinaria,No,2,,,,,,,,
G. LUX DUITAMA,0441-TALLER MANTTO PLANTA,TALLER  MANTENIMIENTO  EQUIPOS DE PLANTA,20700604,TALADRO PEDESTAL,21603,MANTENIMIENTOY LUBRICACION DE EQUIPO,13349508,Revision del motor de giro,Preventivo,Maquinaria,No,2,,,,,,,,
G. LUX DUITAMA,0441-LINEA DE BOLSAS,LINEA PARA EL LLENADO DE BOLSAS,710183,LLENADORA DE BOLSAS LINEA 3,23288,MANT. ELETROMECANICO LLENA. DOBLE CABEZA,13349584,lubricacion de seguidores de leva y acci,Preventivo,Maquinaria,No,2,,,,,,,,
G. LUX DUITAMA,0441-LINEA 1,"LINEA DE ENVASADO  8,5onz, 12onz, 1.25 l",829837,TRANSPORTADOR DE CAJAS,18859,PLAN MANT. LUBRICACION TRANSP. CAJAS L1,13349387,Engrace de chumaceras ejes cardanicos.,Preventivo,Maquinaria,No,3,,,,,,,,
G. LUX DUITAMA,0441-LINEA 1,"LINEA DE ENVASADO  8,5onz, 12onz, 1.25 l",528949,CARBO-ENFRIADOR,15495,PLAN DE MANTENIMIENTO CARBO ENFRIADOR,13349309,Lubricación de motor y bomba.,Preventivo,Maquinaria,No,4,,,,,,,,
G. LUX DUITAMA,0441-LINEA 1,"LINEA DE ENVASADO  8,5onz, 12onz, 1.25 l",528949,CARBO-ENFRIADOR,15496,PLAN DE MANTENIMIENTO CARBO ENFRIADOR,13349310,Lubricación de motor y bomba.,Preventivo,Maquinaria,No,4,,,,,,,,
G. LUX DUITAMA,0441-LINEA 1,"LINEA DE ENVASADO  8,5onz, 12onz, 1.25 l",540006,EMPACADORA,15604,PLAN DE MANTENIMIENTO EMPACADORA,13349327,Lubricación general del equipo.,Preventivo,Maquinaria,No,4,,,,,,,,
G. LUX DUITAMA,0441-SALA DE JARABES,EQUIPOS PARA  PREPARACION DE JARABE,699623,SALA DE PREPARACION,15632,Plan de mantenimiento elec sala preparac,13349331,Revi motor extractor #1 sala jarabe,Preventivo,Maquinaria,No,4,,,,,,,,
G. LUX DUITAMA,0441-SALA DE JARABES,EQUIPOS PARA  PREPARACION DE JARABE,699623,SALA DE PREPARACION,15632,Plan de mantenimiento elec sala preparac,13349331,Revi motor extractor # 2 sala jarabe,Preventivo,Maquinaria,No,4,,,,,,,,
G. LUX DUITAMA,0441-SALA DE JARABES,EQUIPOS PARA  PREPARACION DE JARABE,699623,SALA DE PREPARACION,15632,Plan de mantenimiento elec sala preparac,13349331,Revi motor extractor # 3 sala jarabe,Preventivo,Maquinaria,No,4,,,,,,,,
G. LUX DUITAMA,0441-SALA DE JARABES,EQUIPOS PARA  PREPARACION DE JARABE,698273,FILTRO DE BUJIAS,19156,MANTENIMIENTO MECANICO FILTRO BUJIAS,13349417,Revisar bomba del filtro H&K,Preventivo,Maquinaria,No,4,,,,,,,,
G. LUX DUITAMA,0441-LINEA 1,"LINEA DE ENVASADO  8,5onz, 12onz, 1.25 l",829637,TRANSPORTADOR DE BOTELLAS,19209,MANTENIMIENTO MECANICO TRANP.BOTELLAS,13349441,Revision estractor de pitillos,Preventivo,Maquinaria,No,4,,,,,,,,
G. LUX DUITAMA,0441-TALLER MANTTO PLANTA,TALLER  MANTENIMIENTO  EQUIPOS DE PLANTA,20700602,TALLER PAPELERIA,21601,LIMPIEZA Y ORDEN DEL OFICINA Y EQUIPOS,13349505,limpieza de oficina y cuarto de lubricac,Preventivo,Maquinaria,No,4,,,,,,,,
G. LUX DUITAMA,0441-TALLER MANTTO PLANTA,TALLER  MANTENIMIENTO  EQUIPOS DE PLANTA,20700603,TALLER UTILES ASEO,21602,MANTENIMIENTOY LIMPIEZA DE TALLER Y OFIC,13349506,"limpieza de ventanales y pisos taller,of",Preventivo,Maquinaria,No,4,,,,,,,,
G. LUX DUITAMA,0441-TALLER MANTTO PLANTA,TALLER  MANTENIMIENTO  EQUIPOS DE PLANTA,20700604,TALADRO PEDESTAL,21603,MANTENIMIENTOY LUBRICACION DE EQUIPO,13349510,lubricación y limpieza del árbol y porta,Preventivo,Maquinaria,No,4,,,,,,,,
G. LUX DUITAMA,0441-PLANTAS DE AGUAS,TRATAMIENTO DE AGUA PARA ENVASADO,69962450,COCINA 4000 L SANEAMIENTO FILTROS CARBON,21608,MANTENIMIENTO ELECTRICO COCINA,13349527,Revi el motor cocina # 1,Preventivo,Maquinaria,No,4,,,,,,,,
G. LUX DUITAMA,0441-LINEA DE BOLSAS,LINEA PARA EL LLENADO DE BOLSAS,900212,LLENADORA DE BOLSAS LINEA 4,21613,MANTENIMIENTO ELECTROMECANICO LLEN BOLSA,13349536,lubricacion levas bujes y seguidores lev,Preventivo,Maquinaria,No,4,,,,,,,,
G. LUX DUITAMA,0441-LINEA 1,"LINEA DE ENVASADO  8,5onz, 12onz, 1.25 l",560012,LAVADORA DE CAJAS,23092,PLAN DE MANTENIMIENTO ELEC. LAV DE CAJAS,13349567,Revisi¢n cambio de aceite al reductor,Preventivo,Maquinaria,No,4,,,,,,,,
G. LUX DUITAMA,0441-LINEA 1,"LINEA DE ENVASADO  8,5onz, 12onz, 1.25 l",518620,LLENADORA,55322,PLAN MTTO LUBRICACIÓN LLENADORA 518620,13349590,Lubricación general del equipo.,Preventivo,Maquinaria,No,4,,,,,,,,
G. LUX DUITAMA,0441-LINEA 1,"LINEA DE ENVASADO  8,5onz, 12onz, 1.25 l",629084,COMPRESOR DE REFRIGERACION,18846,MANT. LUBRUCACION DEL COMPRESOR REFR 2,13349382,Revisi¢n aceite compresor,Preventivo,Maquinaria,No,5,,,,,,,,
G. LUX DUITAMA,0441-LINEA 1,"LINEA DE ENVASADO  8,5onz, 12onz, 1.25 l",629084,COMPRESOR DE REFRIGERACION,18846,MANT. LUBRUCACION DEL COMPRESOR REFR 2,13349383,Revisi¢n aceite compresor,Preventivo,Maquinaria,No,5,,,,,,,,
G. LUX DUITAMA,0441-EQUIPOS AUXILIARES,EQUIPOS PARA SERVICIOS INDUSTRIALES,689614,REDES HIDRAULICAS Y NEUMATICAS,21614,PINTURA Y CORREGIR FUGAS DE FLUIDOS,13300323,Verificacion del estado pintura seg. cod,Preventivo,Maquinaria,No,6,,,,,,,,
G. LUX DUITAMA,0441-EQUIPOS AUXILIARES,EQUIPOS PARA SERVICIOS INDUSTRIALES,689614,REDES HIDRAULICAS Y NEUMATICAS,22709,PLAN DE MANTENIMIENTO MEC. REDES HIDRAUL,13317687,Verificacion del estado pintura seg. cod,Preventivo,Maquinaria,No,6,,,,,,,,
G. LUX DUITAMA,0441-LINEA BOTELLON 20 LT,LINEA PRODUCCION DE BOTELLONES DE 20 LT,710111,LAVADORA DE HUACALES,18836,MANT. MECANICO LAVADORA DE HUACALES,13349374,mantto mec bomba tanque #1,Preventivo,Maquinaria,No,6,,,,,,,,
G. LUX DUITAMA,0441-LINEA BOTELLON 20 LT,LINEA PRODUCCION DE BOTELLONES DE 20 LT,710111,LAVADORA DE HUACALES,18836,MANT. MECANICO LAVADORA DE HUACALES,13349374,mantto mec bomba tanquen2,Preventivo,Maquinaria,No,6,,,,,,,,
G. LUX DUITAMA,0441-LINEA 1,"LINEA DE ENVASADO  8,5onz, 12onz, 1.25 l",829637,TRANSPORTADOR DE BOTELLAS,19209,MANTENIMIENTO MECANICO TRANP.BOTELLAS,13349441,Revision moto-reductor zona cargue,Preventivo,Maquinaria,No,6,,,,,,,,
G. LUX DUITAMA,0441-LINEA 1,"LINEA DE ENVASADO  8,5onz, 12onz, 1.25 l",829637,TRANSPORTADOR DE BOTELLAS,19209,MANTENIMIENTO MECANICO TRANP.BOTELLAS,13349441,Revision moto-reductor zona descarga,Preventivo,Maquinaria,No,6,,,,,,,,
G. LUX DUITAMA,0441-LINEA 1,"LINEA DE ENVASADO  8,5onz, 12onz, 1.25 l",508210,LAVADORA DE BOTELLAS,12932,PLAN MANTENIMIENTO LAVADORA 508210,13306559,Mantenimiento al motor principal.,Preventivo,Maquinaria,No,8,,,,,,,,
G. LUX DUITAMA,0441-LINEA 1,"LINEA DE ENVASADO  8,5onz, 12onz, 1.25 l",508210,LAVADORA DE BOTELLAS,12932,PLAN MANTENIMIENTO LAVADORA 508210,13306559,Mantto motor del reductor agitador.,Preventivo,Maquinaria,No,8,,,,,,,,
G. LUX DUITAMA,0441-LINEA 1,"LINEA DE ENVASADO  8,5onz, 12onz, 1.25 l",508210,LAVADORA DE BOTELLAS,12932,PLAN MANTENIMIENTO LAVADORA 508210,13306559,Mantto motor del reductor mesa cargue.,Preventivo,Maquinaria,No,8,,,,,,,,
G. LUX DUITAMA,0441-LINEA 1,"LINEA DE ENVASADO  8,5onz, 12onz, 1.25 l",508210,LAVADORA DE BOTELLAS,12932,PLAN MANTENIMIENTO LAVADORA 508210,13306559,Mantenimiento al motor bomba soda.,Preventivo,Maquinaria,No,8,,,,,,,,
G. LUX DUITAMA,0441-LINEA 1,"LINEA DE ENVASADO  8,5onz, 12onz, 1.25 l",508210,LAVADORA DE BOTELLAS,12932,PLAN MANTENIMIENTO LAVADORA 508210,13306559,Mantenimiento al motor  enjuague final.,Preventivo,Maquinaria,No,8,,,,,,,,
G. LUX DUITAMA,0441-LINEA 1,"LINEA DE ENVASADO  8,5onz, 12onz, 1.25 l",508210,LAVADORA DE BOTELLAS,12932,PLAN MANTENIMIENTO LAVADORA 508210,13306559,Mantto motor bomba preenjuague.,Preventivo,Maquinaria,No,8,,,,,,,,
G. LUX DUITAMA,0441-LINEA 1,"LINEA DE ENVASADO  8,5onz, 12onz, 1.25 l",508210,LAVADORA DE BOTELLAS,12932,PLAN MANTENIMIENTO LAVADORA 508210,13306559,Mantto motor bomba primer preenjuague.,Preventivo,Maquinaria,No,8,,,,,,,,
G. LUX DUITAMA,0441-LINEA 1,"LINEA DE ENVASADO  8,5onz, 12onz, 1.25 l",508210,LAVADORA DE BOTELLAS,12932,Mantto Lubr motriz Lav bot.,13306561,Cambio de aceite a los reductores.,Preventivo,Maquinaria,No,8,,,,,,,,
G. LUX DUITAMA,0441-SALA DE JARABES,EQUIPOS PARA  PREPARACION DE JARABE,699623,SALA DE PREPARACION,19162,MANTENIMIENTO ELECTRIC. SALA DE PREPARAC,13339536,Revision  arrancadores,Preventivo,Maquinaria,No,8,,,,,,,,
G. LUX DUITAMA,0441-SALA DE JARABES,EQUIPOS PARA  PREPARACION DE JARABE,699623,SALA DE PREPARACION,15633,Plan de mantenimiento elec sala preparac,13349334,Revision de bolas aspersoras,Preventivo,Maquinaria,No,8,,,,,,,,
G. LUX DUITAMA,0441-LINEA 1,"LINEA DE ENVASADO  8,5onz, 12onz, 1.25 l",629084,COMPRESOR DE REFRIGERACION,18845,MANTENIMIENTO ELECTRICO COMPRESOR REFR 2,13349381,limpieza tablero general,Preventivo,Maquinaria,No,8,,,,,,,,
G. LUX DUITAMA,0441-EQUIPOS AUXILIARES,EQUIPOS PARA SERVICIOS INDUSTRIALES,670014,PLANTA ELECTRICA,19152,MANTENIMIENTO ELECTRIC.PLANTA DUITAMA,13349412,"""verificar funcionamiento de la bomba",Preventivo,Maquinaria,No,8,,,,,,,,
G. LUX DUITAMA,0441-SALA DE JARABES,EQUIPOS PARA  PREPARACION DE JARABE,699623,SALA DE PREPARACION,19162,MANTENIMIENTO ELECTRIC. SALA DE PREPARAC,13349422,Revision de bolas aspersoras,Preventivo,Maquinaria,No,8,,,,,,,,
G. LUX DUITAMA,0441-LINEA 1,"LINEA DE ENVASADO  8,5onz, 12onz, 1.25 l",829637,TRANSPORTADOR DE BOTELLAS,19168,MANTENIMIENTO MECANICO TRANP.BOTELLAS,13349424,Revision transp botellas table-top N§1,Preventivo,Maquinaria,No,8,,,,,,,,
G. LUX DUITAMA,0441-LINEA 1,"LINEA DE ENVASADO  8,5onz, 12onz, 1.25 l",829637,TRANSPORTADOR DE BOTELLAS,19170,MANTENIMIENTO MECANICO TRANP.BOTELLAS,13349425,Revision transp botellas table-top N§1,Preventivo,Maquinaria,No,8,,,,,,,,
G. LUX DUITAMA,0441-LINEA 1,"LINEA DE ENVASADO  8,5onz, 12onz, 1.25 l",829637,TRANSPORTADOR DE BOTELLAS,19209,MANTENIMIENTO MECANICO TRANP.BOTELLAS,13349441,Revision transp botellas Table -top sep.,Preventivo,Maquinaria,No,8,,,,,,,,
G. LUX DUITAMA,0441-LINEA 1,"LINEA DE ENVASADO  8,5onz, 12onz, 1.25 l",560012,LAVADORA DE CAJAS,23069,PLAN DE MANTENIMIENTO LAVADORA DE CAJAS,13349554,Revise  el reductor de la malla,Preventivo,Maquinaria,No,8,,,,,,,,
G. LUX DUITAMA,0441-LINEA 1,"LINEA DE ENVASADO  8,5onz, 12onz, 1.25 l",560012,LAVADORA DE CAJAS,23069,PLAN DE MANTENIMIENTO LAVADORA DE CAJAS,13349553,Revisi¢n de las bombas del equipo,Preventivo,Maquinaria,No,16,,,,,,,,
G. LUX DUITAMA,0441-EQUIPOS AUXILIARES,EQUIPOS PARA SERVICIOS INDUSTRIALES,670014,PLANTA ELECTRICA,19155,LUBRICACION PLANTA ELECTRICA DUITAMA,13351369,cambio de filtros de aceite Ref,Preventivo,Maquinaria,No,"0,5",,,,,,,,
G. LUX DUITAMA,0441-LINEA 1,"LINEA DE ENVASADO  8,5onz, 12onz, 1.25 l",599576,INSPECTOR ELECTRONICO,15643,Mantenimiento de Inspector de botellas,13353466,Revisi¢n del vidrio difusor,Preventivo,Maquinaria,No,"0,5",,,,,,,,
G. LUX DUITAMA,0441-LINEA 1,"LINEA DE ENVASADO  8,5onz, 12onz, 1.25 l",599576,INSPECTOR ELECTRONICO,15646,Mantenimiento de Inspector de botellas,13351353,Revisi¢n de la tarjeta  line control.,Preventivo,Maquinaria,No,1,,,,,,,,
G. LUX DUITAMA,0441-EQUIPOS AUXILIARES,EQUIPOS PARA SERVICIOS INDUSTRIALES,670014,PLANTA ELECTRICA,19155,LUBRICACION PLANTA ELECTRICA DUITAMA,13351369,"""evacuar aceite usado del carter,""",Preventivo,Maquinaria,No,1,,,,,,,,
G. LUX DUITAMA,0441-LINEA DE BOLSAS,LINEA PARA EL LLENADO DE BOLSAS,900212,LLENADORA DE BOLSAS LINEA 4,21613,MANTENIMIENTO ELECTROMECANICO LLEN BOLSA,13351392,Revisión de lampara ultra violeta,Preventivo,Maquinaria,No,1,,,,,,,,
G. LUX DUITAMA,0441-LINEA DE BOLSAS,LINEA PARA EL LLENADO DE BOLSAS,900212,LLENADORA DE BOLSAS LINEA 4,21613,MANTENIMIENTO ELECTROMECANICO LLEN BOLSA,13351393,Revisión de lampara ultra violeta,Preventivo,Maquinaria,No,1,,,,,,,,
G. LUX DUITAMA,0441-LINEA 1,"LINEA DE ENVASADO  8,5onz, 12onz, 1.25 l",560012,LAVADORA DE CAJAS,23092,PLAN DE MANTENIMIENTO ELEC. LAV DE CAJAS,13351400,Revisi¢n nivel de aceite al reductor,Preventivo,Maquinaria,No,1,,,,,,,,
G. LUX DUITAMA,0441-LINEA 1,"LINEA DE ENVASADO  8,5onz, 12onz, 1.25 l",599576,INSPECTOR ELECTRONICO,15643,Mantenimiento de Inspector de botellas,13353466,Revisi¢n de los lentes,Preventivo,Maquinaria,No,1,,,,,,,,
G. LUX DUITAMA,0441-EQUIPOS AUXILIARES,EQUIPOS PARA SERVICIOS INDUSTRIALES,670014,PLANTA ELECTRICA,19152,MANTENIMIENTO ELECTRIC.PLANTA DUITAMA,13353476,"""verificar/reempalzar (si es necesario)",Preventivo,Maquinaria,No,1,,,,,,,,
G. LUX DUITAMA,0441-EQUIPOS AUXILIARES,EQUIPOS PARA SERVICIOS INDUSTRIALES,670014,PLANTA ELECTRICA,19152,MANTENIMIENTO ELECTRIC.PLANTA DUITAMA,13353476,limpiar y lavar sistema de,Preventivo,Maquinaria,No,1,,,,,,,,
G. LUX DUITAMA,0441-LINEA BOTELLON 20 LT,LINEA PRODUCCION DE BOTELLONES DE 20 LT,710111,LAVADORA DE HUACALES,19207,MANTENIMIENTO MECANICO LAVA. HUACALES,13353479,bajar boquillas y lavarlas,Preventivo,Maquinaria,No,1,,,,,,,,
G. LUX DUITAMA,0441-LINEA BOTELLON 20 LT,LINEA PRODUCCION DE BOTELLONES DE 20 LT,710111,LAVADORA DE HUACALES,19207,MANTENIMIENTO MECANICO LAVA. HUACALES,13353479,lavar tuberia de inyector con,Preventivo,Maquinaria,No,1,,,,,,,,
G. LUX DUITAMA,0441-LINEA DE BOLSAS,LINEA PARA EL LLENADO DE BOLSAS,900212,LLENADORA DE BOLSAS LINEA 4,21613,MANTENIMIENTO ELECTROMECANICO LLEN BOLSA,13353491,Revisión de lampara ultra violeta,Preventivo,Maquinaria,No,1,,,,,,,,
G. LUX DUITAMA,0441-LINEA DE BOLSAS,LINEA PARA EL LLENADO DE BOLSAS,900212,LLENADORA DE BOLSAS LINEA 4,21613,MANTENIMIENTO ELECTROMECANICO LLEN BOLSA,13353492,Revisión de lampara ultra violeta,Preventivo,Maquinaria,No,1,,,,,,,,
G. LUX DUITAMA,0441-LINEA DE BOLSAS,LINEA PARA EL LLENADO DE BOLSAS,900212,LLENADORA DE BOLSAS LINEA 4,21613,MANTENIMIENTO ELECTROMECANICO LLEN BOLSA,13353493,Revisión de lampara ultra violeta,Preventivo,Maquinaria,No,1,,,,,,,,
G. LUX DUITAMA,0441-SALA DE JARABES,EQUIPOS PARA  PREPARACION DE JARABE,699104,UNIDAD MANEJADORA  # 2,36775,PLAN DE MANTENIMIENTO UMAS #2JARABES,13353501,Revisión semanal del equipo.,Preventivo,Maquinaria,No,1,,,,,,,,
G. LUX DUITAMA,0441-LINEA 1,"LINEA DE ENVASADO  8,5onz, 12onz, 1.25 l",518620,LLENADORA,0,CAMBI DE PIÑON DEL CORONADOR SALIDA ESTR,13354447,CAMBI DE PIÑON DEL CORONADOR SALIDA ESTR,Preventivo,Maquinaria,No,1,,,,,,,,
G. LUX DUITAMA,0441-LINEA BOTELLON 20 LT,LINEA PRODUCCION DE BOTELLONES DE 20 LT,710110,LAVADORA DE BOTELLONES,19202,MANTENIMIENTO ELECTRICO LAVA. BOTELLONES,13349436,mantto elect general del tablero,Preventivo,Maquinaria,No,2,,,,,,,,
G. LUX DUITAMA,0441-LINEA 1,"LINEA DE ENVASADO  8,5onz, 12onz, 1.25 l",599576,INSPECTOR ELECTRONICO,15645,Mantenimiento de Inspector de botellas,13351351,Revisi¢n y calibraci¢n de manometros.,Preventivo,Maquinaria,No,2,,,,,,,,
G. LUX DUITAMA,0441-LINEA 1,"LINEA DE ENVASADO  8,5onz, 12onz, 1.25 l",599576,INSPECTOR ELECTRONICO,15645,Mantenimiento de Inspector de botellas,13351352,Revisi¢n y calibraci¢n de manometros.,Preventivo,Maquinaria,No,2,,,,,,,,
G. LUX DUITAMA,0441-LINEA 1,"LINEA DE ENVASADO  8,5onz, 12onz, 1.25 l",599576,INSPECTOR ELECTRONICO,15647,Mantenimiento de Inspector de botellas,13351354,Revisi¢n de la tarjetas electronicas,Preventivo,Maquinaria,No,2,,,,,,,,
G. LUX DUITAMA,0441-LINEA 1,"LINEA DE ENVASADO  8,5onz, 12onz, 1.25 l",599576,INSPECTOR ELECTRONICO,15645,Mantenimiento de Inspector de botellas,13353468,Revisi¢n y calibraci¢n de manometros.,Preventivo,Maquinaria,No,2,,,,,,,,
G. LUX DUITAMA,0441-LINEA 1,"LINEA DE ENVASADO  8,5onz, 12onz, 1.25 l",599576,INSPECTOR ELECTRONICO,15645,Mantenimiento de Inspector de botellas,13353469,Revisi¢n y calibraci¢n de manometros.,Preventivo,Maquinaria,No,2,,,,,,,,
G. LUX DUITAMA,0441-LINEA 1,"LINEA DE ENVASADO  8,5onz, 12onz, 1.25 l",599576,INSPECTOR ELECTRONICO,15645,Mantenimiento de Inspector de botellas,13353470,Revisi¢n y calibraci¢n de manometros.,Preventivo,Maquinaria,No,2,,,,,,,,
G. LUX DUITAMA,0441-LINEA 1,"LINEA DE ENVASADO  8,5onz, 12onz, 1.25 l",829637,TRANSPORTADOR DE BOTELLAS,19166,MANTENIMIENTO MECANICO TRANP.BOTELLAS,13306603,Desmonte cubiertas  revisión y limpieza,Preventivo,Maquinaria,No,4,,,,,,,,
G. LUX DUITAMA,0441-TALLER MANTTO PLANTA,TALLER  MANTENIMIENTO  EQUIPOS DE PLANTA,20700602,TALLER PAPELERIA,21601,LIMPIEZA Y ORDEN DEL OFICINA Y EQUIPOS,13351387,limpieza de oficina y cuarto de lubricac,Preventivo,Maquinaria,No,4,,,,,,,,
G. LUX DUITAMA,0441-LINEA DE BOLSAS,LINEA PARA EL LLENADO DE BOLSAS,900212,LLENADORA DE BOLSAS LINEA 4,21613,MANTENIMIENTO ELECTROMECANICO LLEN BOLSA,13351392,lubricacion levas bujes y seguidores lev,Preventivo,Maquinaria,No,4,,,,,,,,
G. LUX DUITAMA,0441-LINEA 1,"LINEA DE ENVASADO  8,5onz, 12onz, 1.25 l",829637,TRANSPORTADOR DE BOTELLAS,19166,MANTENIMIENTO MECANICO TRANP.BOTELLAS,13306603,Mtto de transportador mesa rechazo.,Preventivo,Maquinaria,No,6,,,,,,,,
G. LUX DUITAMA,0441-LINEA 1,"LINEA DE ENVASADO  8,5onz, 12onz, 1.25 l",829637,TRANSPORTADOR DE BOTELLAS,19209,MANTENIMIENTO MECANICO TRANP.BOTELLAS,13351379,Revision transp botellas Table -top sep.,Preventivo,Maquinaria,No,8,,,,,,,,
G. LUX DUITAMA,0441-LINEA 1,"LINEA DE ENVASADO  8,5onz, 12onz, 1.25 l",629084,COMPRESOR DE REFRIGERACION,18845,MANTENIMIENTO ELECTRICO COMPRESOR REFR 2,13353472,limpieza tablero general,Preventivo,Maquinaria,No,8,,,,,,,,
G. LUX DUITAMA,0441-EQUIPOS AUXILIARES,EQUIPOS PARA SERVICIOS INDUSTRIALES,670014,PLANTA ELECTRICA,19152,MANTENIMIENTO ELECTRIC.PLANTA DUITAMA,13353476,"""verificar funcionamiento de la bomba",Preventivo,Maquinaria,No,8,,,,,,,,
G. LUX DUITAMA,0441-EQUIPOS AUXILIARES,EQUIPOS PARA SERVICIOS INDUSTRIALES,689614,REDES HIDRAULICAS Y NEUMATICAS,21614,PINTURA Y CORREGIR FUGAS DE FLUIDOS,13353494,Corregir fugas de aire y agua en llineas,Preventivo,Maquinaria,No,8,,,,,,,,
G. LUX DUITAMA,0441-LINEA 1,"LINEA DE ENVASADO  8,5onz, 12onz, 1.25 l",599576,INSPECTOR ELECTRONICO,15643,Mantenimiento de Inspector de botellas,13351348,verificar correcta operación calibracion,Preventivo,Maquinaria,No,0,,,,,,,,
G. LUX DUITAMA,0441-LINEA 1,"LINEA DE ENVASADO  8,5onz, 12onz, 1.25 l",599576,INSPECTOR ELECTRONICO,15643,Mantenimiento de Inspector de botellas,13351349,verificar correcta operación calibracion,Preventivo,Maquinaria,No,0,,,,,,,,
G. LUX DUITAMA,0441-LINEA 1,"LINEA DE ENVASADO  8,5onz, 12onz, 1.25 l",599576,INSPECTOR ELECTRONICO,15643,Mantenimiento de Inspector de botellas,13353465,verificar correcta operación calibracion,Preventivo,Maquinaria,No,0,,,,,,,,
G. LUX DUITAMA,0441-LINEA 1,"LINEA DE ENVASADO  8,5onz, 12onz, 1.25 l",599576,INSPECTOR ELECTRONICO,15643,Mantenimiento de Inspector de botellas,13353466,verificar correcta operación calibracion,Preventivo,Maquinaria,No,0,,,,,,,,
G. LUX DUITAMA,0441-LINEA 1,"LINEA DE ENVASADO  8,5onz, 12onz, 1.25 l",599576,INSPECTOR ELECTRONICO,15643,Mantenimiento de Inspector de botellas,13353467,verificar correcta operación calibracion,Preventivo,Maquinaria,No,0,,,,,,,,
G. LUX DUITAMA,0441-EQUIPOS AUXILIARES,EQUIPOS PARA SERVICIOS INDUSTRIALES,649224,COMPRESOR DE AIRE,18993,MANT. LUBRICACION DEL COMPAIRE INGERSOL,13351364,Revi presion de aceite normal de,Preventivo,Maquinaria,No,"0,1",,,,,,,,
G. LUX DUITAMA,0441-EQUIPOS AUXILIARES,EQUIPOS PARA SERVICIOS INDUSTRIALES,649224,COMPRESOR DE AIRE,18993,MANT. LUBRICACION DEL COMPAIRE INGERSOL,13351364,Revi presion de aceite minima de,Preventivo,Maquinaria,No,"0,1",,,,,,,,
G. LUX DUITAMA,0441-EQUIPOS AUXILIARES,EQUIPOS PARA SERVICIOS INDUSTRIALES,649224,COMPRESOR DE AIRE,18993,MANT. LUBRICACION DEL COMPAIRE INGERSOL,13351364,Revi nivel aceite con equipo en marcha,Preventivo,Maquinaria,No,"0,1",,,,,,,,
G. LUX DUITAMA,0441-EQUIPOS AUXILIARES,EQUIPOS PARA SERVICIOS INDUSTRIALES,670014,PLANTA ELECTRICA,19152,MANTENIMIENTO ELECTRIC.PLANTA DUITAMA,13353476,revisar nivel de refrigerante del motor,Preventivo,Maquinaria,No,"0,1",,,,,,,,
G. LUX DUITAMA,0441-EQUIPOS AUXILIARES,EQUIPOS PARA SERVICIOS INDUSTRIALES,670014,PLANTA ELECTRICA,19152,MANTENIMIENTO ELECTRIC.PLANTA DUITAMA,13353476,"""verificar estado de las aletas del ,""",Preventivo,Maquinaria,No,"0,1",,,,,,,,
G. LUX DUITAMA,0441-LINEA 1,"LINEA DE ENVASADO  8,5onz, 12onz, 1.25 l",599576,INSPECTOR ELECTRONICO,15648,Mantenimiento de Inspector de botellas,13351356,Revision Dosificaci¢n jabon lubri,Preventivo,Maquinaria,No,"0,2",,,,,,,,
G. LUX DUITAMA,0441-EQUIPOS AUXILIARES,EQUIPOS PARA SERVICIOS INDUSTRIALES,670014,PLANTA ELECTRICA,19155,LUBRICACION PLANTA ELECTRICA DUITAMA,13351369,"""revisar niveles de aceite, estado de",Preventivo,Maquinaria,No,"0,2",,,,,,,,
G. LUX DUITAMA,0441-EQUIPOS AUXILIARES,EQUIPOS PARA SERVICIOS INDUSTRIALES,670014,PLANTA ELECTRICA,19152,MANTENIMIENTO ELECTRIC.PLANTA DUITAMA,13353476,verificar estado de correas,Preventivo,Maquinaria,No,"0,2",,,,,,,,
G. LUX DUITAMA,0441-EQUIPOS AUXILIARES,EQUIPOS PARA SERVICIOS INDUSTRIALES,649166,COMPRESOR DE AIRE,18915,MANT. LUBRICACION DEL COMPAIRE INGERSOL,13351362,Veri la operacion de las purgas para,Preventivo,Maquinaria,No,"0,3",,,,,,,,
G. LUX DUITAMA,0441-EQUIPOS AUXILIARES,EQUIPOS PARA SERVICIOS INDUSTRIALES,649166,COMPRESOR DE AIRE,18915,MANT. LUBRICACION DEL COMPAIRE INGERSOL,13351363,Veri la operacion de las purgas para,Preventivo,Maquinaria,No,"0,3",,,,,,,,
G. LUX DUITAMA,0441-EQUIPOS AUXILIARES,EQUIPOS PARA SERVICIOS INDUSTRIALES,649166,COMPRESOR DE AIRE,18915,MANT. LUBRICACION DEL COMPAIRE INGERSOL,13353473,Veri la operacion de las purgas para,Preventivo,Maquinaria,No,"0,3",,,,,,,,
G. LUX DUITAMA,0441-EQUIPOS AUXILIARES,EQUIPOS PARA SERVICIOS INDUSTRIALES,649166,COMPRESOR DE AIRE,18915,MANT. LUBRICACION DEL COMPAIRE INGERSOL,13353474,Veri la operacion de las purgas para,Preventivo,Maquinaria,No,"0,3",,,,,,,,
G. LUX DUITAMA,0441-EQUIPOS AUXILIARES,EQUIPOS PARA SERVICIOS INDUSTRIALES,649166,COMPRESOR DE AIRE,18915,MANT. LUBRICACION DEL COMPAIRE INGERSOL,13353475,Veri la operacion de las purgas para,Preventivo,Maquinaria,No,"0,3",,,,,,,,
G. LUX DUITAMA,0441-AGUAS RESIDUALES  GASEOSA,TRATAMIENTO DE AGUAS DE DESECHO GASEOSAS,710094,PLANTA AGUAS RESIDUALES GASEOSA,19195,MANTENIMIENTO ELECTRICO BOMBAS PETAR,13349426,revisar conexiones electricas de las,Preventivo,Maquinaria,No,"0,5",,,,,,,,
G. LUX DUITAMA,0441-LINEA 1,"LINEA DE ENVASADO  8,5onz, 12onz, 1.25 l",599576,INSPECTOR ELECTRONICO,15644,Mantenimiento de Inspector de botellas,13351350,Revisi¢n del aire soplado de rechazo.,Preventivo,Maquinaria,No,"0,5",,,,,,,,
G. LUX DUITAMA,0441-LINEA 1,"LINEA DE ENVASADO  8,5onz, 12onz, 1.25 l",599576,INSPECTOR ELECTRONICO,15646,Mantenimiento de Inspector de botellas,13351353,Revisi¢n del bombillo reflector,Preventivo,Maquinaria,No,"0,5",,,,,,,,
G. LUX DUITAMA,0441-LINEA 1,"LINEA DE ENVASADO  8,5onz, 12onz, 1.25 l",599576,INSPECTOR ELECTRONICO,15648,Mantenimiento de Inspector de botellas,13351356,Engrase de chumaceras de transportador,Preventivo,Maquinaria,No,"0,5",,,,,,,,
G. LUX DUITAMA,0441-LINEA 1,"LINEA DE ENVASADO  8,5onz, 12onz, 1.25 l",599576,INSPECTOR ELECTRONICO,15649,Mantenimiento de Inspector de botellas,13351357,Engrase de la cremallera del cabezal,Preventivo,Maquinaria,No,"0,5",,,,,,,,
G. LUX DUITAMA,0441-EQUIPOS AUXILIARES,EQUIPOS PARA SERVICIOS INDUSTRIALES,649224,COMPRESOR DE AIRE,18993,MANT. LUBRICACION DEL COMPAIRE INGERSOL,13351364,Revi el estado del filtro de aire y,Preventivo,Maquinaria,No,"0,5",,,,,,,,